timestamp,0x050E,0x357A,0x357F,0x35A1,0x35A3,0x402F,0x40A8,0x40AA,0x4204,0x4213,0x4E03,0x4E11,0x4E55,0x51A6,0x8360,0x8362,0x837C,0x837E,0xA050
2026-04-14T15:25:28,5075,-10920,-20851,-3326,-3326,0,233,270,5075,5075,0,0,8742,5080,7200,7200,7200,7200,5078
2026-04-14T15:25:34,5084,-10881,-20831,-3323,-3323,0,254,263,5080,5080,0,0,8742,5080,7200,7200,7200,7200,5080
2026-04-14T15:25:39,4966,-10850,-20807,-3321,-3321,0,256,277,4951,4951,0,0,8742,5080,7200,7200,7200,7200,4932
2026-04-14T15:25:43,4797,-10816,-20784,-3318,-3318,0,247,270,4788,4788,0,0,8742,5080,7200,7200,7200,7200,4775
2026-04-14T15:25:49,4693,-10779,-20762,-3316,-3316,0,240,277,4687,4687,0,0,8742,5080,7200,7200,7200,7200,4680
2026-04-14T15:25:54,4558,-10746,-20736,-3313,-3313,0,238,277,4558,4558,0,0,8742,4914,7200,7200,7200,7200,4545
2026-04-14T15:25:59,4345,-10710,-20718,-3311,-3311,0,232,270,4345,4345,0,0,8742,4914,7200,7200,7200,7200,4345
2026-04-14T15:26:04,3923,-10677,-20691,-3308,-3308,0,233,262,3923,3893,0,0,8742,4914,7200,7200,7200,7200,3873
2026-04-14T15:26:09,3608,-10647,-20666,-3306,-3306,0,231,263,3608,3608,0,0,8742,4914,7200,7200,7200,7200,3591
2026-04-14T15:26:13,3410,-10611,-20643,-3303,-3303,0,240,277,3410,3396,0,0,8742,4914,7200,7200,7200,7200,3396
2026-04-14T15:26:19,3318,-10576,-20616,-3301,-3301,0,249,270,3312,3312,0,0,8742,4914,7200,7200,7200,7200,3309
2026-04-14T15:26:23,3256,-10544,-20590,-3298,-3298,0,245,277,3252,3246,0,0,8749,3773,7200,7200,7200,7200,3246
2026-04-14T15:26:28,3202,-10510,-20572,-3296,-3296,0,240,270,3202,3202,0,0,8749,3773,7200,7200,7200,7200,3202
2026-04-14T15:26:33,3267,-10475,-20550,-3293,-3293,0,247,263,3267,3267,0,0,8749,3773,7200,7200,7200,7200,3276
2026-04-14T15:26:39,3362,-10441,-20524,-3291,-3291,0,261,277,3362,3362,0,0,8749,3773,7200,7200,7200,7200,3367
2026-04-14T15:26:45,3391,-10401,-20495,-3288,-3288,0,240,263,3388,3388,0,0,8749,3773,7200,7200,7200,7200,3388
2026-04-14T15:26:49,3364,-10371,-20470,-3286,-3286,0,233,263,3364,3364,0,0,8749,3773,7200,7200,7200,7200,3364
2026-04-14T15:26:55,3402,-10335,-20442,-3283,-3283,0,238,270,3409,3413,0,0,8749,3312,7200,7200,7200,7200,3421
2026-04-14T15:26:59,3544,-10303,-20424,-3281,-3281,0,224,277,3544,3544,0,0,8749,3312,7200,7200,7200,7200,3544
2026-04-14T15:27:03,3768,-10272,-20400,-3278,-3278,0,241,271,3768,3789,0,0,8749,3312,7200,7200,7200,7200,3789
2026-04-14T15:27:08,3995,-10237,-20374,-3276,-3276,0,255,278,4010,4010,0,0,8749,3312,7200,7200,7200,7200,4010
2026-04-14T15:27:14,4159,-10200,-20345,-3273,-3273,0,248,271,4172,4172,0,0,8749,3312,7200,7200,7200,7200,4180
2026-04-14T15:27:19,4265,-10165,-20320,-3271,-3271,0,255,278,4272,4272,0,0,8749,3312,7200,7200,7200,7200,4276
2026-04-14T15:27:24,4313,-10131,-20298,-3268,-3268,0,241,271,4315,4315,8,0,8754,3908,7200,7200,7200,7200,4316
2026-04-14T15:27:33,4309,NaN,-20276,NaN,-3263,0,240,NaN,4299,4299,NaN,NaN,8754,3908,7200,7200,7200,7200,4295
2026-04-14T15:27:36,4217,-10051,-20239,-3262,-3262,0,254,263,4217,4211,0,0,8754,3908,7200,7200,7200,7200,4211
2026-04-14T15:27:40,4135,-10020,-20213,-3260,-3260,0,247,277,4126,4126,0,0,8754,3908,7200,7200,7200,7200,4126
2026-04-14T15:27:46,4011,-9983,-20190,-3257,-3257,0,233,263,4003,4003,0,0,8754,3908,7200,7200,7200,7200,3996
2026-04-14T15:27:50,3918,-9949,-20164,-3255,-3255,0,233,270,3889,3889,0,0,8754,3908,7200,7200,7200,7200,3899
2026-04-14T15:27:55,3816,-9916,-20138,-3252,-3252,0,247,277,3816,3805,0,0,8754,4146,7200,7200,7200,7200,3805
2026-04-14T15:28:01,3663,-9882,-20111,-3250,-3250,0,231,277,3663,3663,0,0,8754,4146,7200,7200,7200,7200,3651
2026-04-14T15:28:05,3458,-9847,-20085,-3247,-3247,0,224,263,3442,3442,0,0,8754,4146,7200,7200,7200,7200,3442
2026-04-14T15:28:11,3293,-9810,-20062,-3245,-3245,0,246,263,3293,3284,0,0,8754,4146,7200,7200,7200,7200,3277
2026-04-14T15:28:15,3216,-9781,-20041,-3243,-3243,0,247,270,3216,3216,0,0,8754,4146,7200,7200,7200,7200,3213
2026-04-14T15:28:22,3138,-9740,-20012,-3239,-3239,0,249,263,3138,3131,0,0,8760,4146,7200,7200,7200,7200,3124
2026-04-14T15:28:26,3055,-9709,-19992,-3237,-3237,0,233,262,3055,3013,0,0,8760,3436,7200,7200,7200,7200,3013
2026-04-14T15:28:31,2904,-9675,-19964,-3235,-3235,0,247,262,2904,2893,0,0,8760,3436,7200,7200,7200,7200,2882
2026-04-14T15:28:36,2764,-9642,-19938,-3232,-3232,0,233,263,2764,2753,0,0,8760,3436,7200,7200,7200,7200,2742
2026-04-14T15:28:41,2624,-9606,-19916,-3230,-3230,0,231,277,2624,2624,8,8,8760,3436,7200,7200,7200,7200,2589
2026-04-14T15:28:45,2500,-9576,-19895,-3227,-3227,0,239,270,2493,2493,0,0,8760,3436,7200,7200,7200,7200,2485
2026-04-14T15:28:51,2410,-9539,-19872,-3225,-3225,0,249,270,2402,2402,0,0,8760,3436,7200,7200,7200,7200,2385
2026-04-14T15:28:56,2340,-9506,-19846,-3222,-3222,0,240,263,2340,2340,0,0,8760,2703,7200,7200,7200,7200,2335
2026-04-14T15:29:01,2302,-9470,-19827,-3220,-3220,0,231,263,2302,2302,0,0,8760,2703,7200,7200,7200,7200,2302
2026-04-14T15:29:06,2244,-9437,-19801,-3217,-3217,0,233,269,2244,2244,0,0,8760,2703,7200,7200,7200,7200,2240
2026-04-14T15:29:11,2208,-9402,-19774,-3215,-3215,0,247,269,2204,2204,0,0,8760,2703,7200,7200,7200,7200,2202
2026-04-14T15:29:16,2179,-9368,-19748,-3212,-3212,0,231,270,2177,2177,0,0,8760,2703,7200,7200,7200,7200,2175
2026-04-14T15:29:21,2157,-9334,-19721,-3210,-3210,0,263,270,2157,2157,0,0,8760,2703,7200,7200,7200,7200,2156
2026-04-14T15:29:26,2146,-9301,-19695,-3207,-3207,0,238,270,2146,2145,0,0,8763,2237,7200,7200,7200,7200,2145
2026-04-14T15:29:31,2131,-9265,-19668,-3205,-3205,0,240,270,2130,2130,0,0,8763,2237,7200,7200,7200,7200,2128
2026-04-14T15:29:35,2096,-9237,-19645,-3203,-3203,0,247,263,2096,2097,0,0,8763,2237,7200,7200,7200,7200,2097
2026-04-14T15:29:40,2108,-9201,-19621,-3200,-3200,0,240,263,2110,2110,0,0,8763,2237,7200,7200,7200,7200,2111
2026-04-14T15:29:46,2116,-9164,-19593,-3197,-3197,0,240,270,2117,2118,0,0,8763,2237,7200,7200,7200,7200,2118
2026-04-14T15:29:50,2131,-9134,-19568,-3195,-3195,0,240,270,2131,2131,0,0,8763,2237,7200,7200,7200,7200,2132
2026-04-14T15:29:56,2144,-9095,-19541,-3192,-3192,0,247,270,2144,2145,8,8,8763,2123,7200,7200,7200,7200,2145
2026-04-14T15:30:01,2155,-9063,-19515,-3190,-3190,0,240,270,2155,2155,0,0,8763,2123,7200,7200,7200,7200,2155
2026-04-14T15:30:06,2161,-9029,-19488,-3187,-3187,0,231,270,2160,2160,0,0,8763,2123,7200,7200,7200,7200,2161
2026-04-14T15:30:10,2165,-8998,-19463,-3185,-3185,0,238,277,2165,2164,0,0,8763,2123,7200,7200,7200,7200,2164
2026-04-14T15:30:15,2173,-8963,-19437,-3182,-3182,0,231,263,2173,2173,0,0,8763,2123,7200,7200,7200,7200,2175
2026-04-14T15:30:21,2190,-8928,-19414,-3180,-3180,0,240,270,2191,2192,0,0,8763,2123,7200,7200,7200,7200,2192
2026-04-14T15:30:26,2213,-8894,-19387,-3177,-3177,0,231,270,2213,2215,0,0,8766,2163,7200,7200,7200,7200,2215
2026-04-14T15:30:31,2240,-8857,-19360,-3175,-3175,0,247,270,2243,2243,0,0,8766,2163,7200,7200,7200,7200,2243
2026-04-14T15:30:36,2263,-8823,-19335,-3172,-3172,0,242,263,2266,2266,0,0,8766,2163,7200,7200,7200,7200,2268
2026-04-14T15:30:41,2298,-8790,-19308,-3170,-3170,0,247,270,2299,2299,0,0,8766,2163,7200,7200,7200,7200,2303
2026-04-14T15:30:46,2336,-8754,-19281,-3167,-3167,0,238,270,2340,2340,0,0,8766,2163,7200,7200,7200,7200,2344
2026-04-14T15:30:50,2379,-8725,-19256,-3165,-3165,0,254,270,2379,2379,0,0,8766,2163,7200,7200,7200,7200,2384
2026-04-14T15:30:57,2429,-8685,-19228,-3162,-3162,0,240,270,2434,2436,0,0,8766,2287,7200,7200,7200,7200,2442
2026-04-14T15:31:01,2483,-8655,-19203,-3160,-3160,0,240,270,2483,2483,0,0,8766,2287,7200,7200,7200,7200,2487
2026-04-14T15:31:06,2521,-8620,-19177,-3157,-3157,0,241,270,2521,2521,0,0,8766,2287,7200,7200,7200,7200,2524
2026-04-14T15:31:11,2527,-8587,-19151,-3155,-3155,0,240,270,2527,2527,0,0,8766,2287,7200,7200,7200,7200,2526
2026-04-14T15:31:16,2511,-8554,-19129,-3152,-3152,0,256,270,2511,2511,0,0,8766,2287,7200,7200,7200,7200,2508
2026-04-14T15:31:20,2487,-8520,-19107,-3150,-3150,0,240,270,2485,2485,0,0,8766,2287,7200,7200,7200,7200,2482
2026-04-14T15:31:26,2462,-8481,-19080,-3147,-3147,0,231,270,2462,2462,0,0,8769,2491,7200,7200,7200,7200,2460
2026-04-14T15:31:31,2429,-8451,-19055,-3145,-3145,0,247,270,2429,2427,8,8,8769,2491,7200,7200,7200,7200,2427
2026-04-14T15:31:35,2381,-8417,-19032,-3142,-3142,0,247,270,2381,2381,0,0,8769,2491,7200,7200,7200,7200,2381
2026-04-14T15:31:40,2350,-8384,-19014,-3140,-3140,0,256,270,2350,2350,0,0,8769,2491,7200,7200,7200,7200,2345
2026-04-14T15:31:46,2332,-8347,-18986,-3137,-3137,0,248,278,2330,2330,0,0,8769,2491,7200,7200,7200,7200,2331
2026-04-14T15:31:51,2340,-8315,-18960,-3135,-3135,0,248,271,2340,2340,0,0,8769,2491,7200,7200,7200,7200,2340
2026-04-14T15:31:56,2338,-8280,-18933,-3132,-3132,0,248,271,2338,2338,0,0,8769,2383,7200,7200,7200,7200,2337
2026-04-14T15:32:01,2322,-8244,-18907,-3130,-3130,0,224,271,2320,2320,0,0,8769,2383,7200,7200,7200,7200,2319
2026-04-14T15:32:06,2295,-8211,-18881,-3127,-3127,0,240,270,2295,2295,0,0,8769,2383,7200,7200,7200,7200,2296
2026-04-14T15:32:11,2292,-8176,-18854,-3125,-3125,0,263,270,2293,2293,0,0,8769,2383,7200,7200,7200,7200,2292
2026-04-14T15:32:16,2307,-8145,-18831,-3122,-3122,0,255,278,2307,2308,0,0,8769,2383,7200,7200,7200,7200,2308
2026-04-14T15:32:20,2318,-8111,-18807,-3120,-3120,0,247,270,2318,2318,0,0,8769,2383,7200,7200,7200,7200,2318
2026-04-14T15:32:26,2320,-8071,-18779,-3117,-3117,0,245,277,2320,2321,0,0,8773,2311,7200,7200,7200,7200,2322
2026-04-14T15:32:30,2324,-8043,-18754,-3115,-3115,0,256,270,2324,2324,0,0,8773,2311,7200,7200,7200,7200,2323
2026-04-14T15:32:36,2324,-8002,-18726,-3112,-3112,0,231,277,2323,2323,0,0,8773,2311,7200,7200,7200,7200,2308
2026-04-14T15:32:41,2308,-7971,-18709,-3110,-3110,0,261,277,2308,2308,0,0,8773,2311,7200,7200,7200,7200,2305
2026-04-14T15:32:45,2285,-7940,-18683,-3107,-3107,0,233,263,2285,2285,0,0,8773,2311,7200,7200,7200,7200,2283
2026-04-14T15:32:51,2243,-7903,-18656,-3105,-3105,0,231,263,2243,2243,0,0,8773,2311,7200,7200,7200,7200,2245
2026-04-14T15:32:56,2233,-7867,-18629,-3102,-3102,0,247,277,2233,2233,0,0,8773,2302,7200,7200,7200,7200,2233
2026-04-14T15:33:00,2212,-7838,-18604,-3100,-3100,0,247,263,2212,2212,0,0,8773,2302,7200,7200,7200,7200,2211
2026-04-14T15:33:07,2194,-7800,-18576,-3097,-3097,0,247,270,2192,2192,0,0,8773,2302,7200,7200,7200,7200,2192
2026-04-14T15:33:10,2184,-7770,-18551,-3095,-3095,0,240,270,2183,2183,8,0,8773,2302,7200,7200,7200,7200,2182
2026-04-14T15:33:17,2168,-7730,-18523,-3092,-3092,0,254,270,2167,2167,0,0,8773,2302,7200,7200,7200,7200,2165
2026-04-14T15:33:20,2119,-7700,-18498,-3090,-3090,0,240,270,2119,2119,0,0,8773,2302,7200,7200,7200,7200,2118
2026-04-14T15:33:26,2082,-7664,-18471,-3087,-3087,0,254,270,2082,2082,0,0,8776,2186,7200,7200,7200,7200,2080
2026-04-14T15:33:31,2049,-7631,-18449,-3085,-3085,0,254,270,2049,2045,0,0,8776,2186,7200,7200,7200,7200,2045
2026-04-14T15:33:36,2032,-7595,-18423,-3082,-3082,0,240,270,2032,2033,0,0,8776,2186,7200,7200,7200,7200,2033
2026-04-14T15:33:41,2025,-7563,-18397,-3080,-3080,0,254,270,2025,2025,0,0,8776,2186,7200,7200,7200,7200,2025
2026-04-14T15:33:46,2020,-7529,-18370,-3077,-3077,0,254,263,2019,2019,0,0,8776,2186,7200,7200,7200,7200,2018
2026-04-14T15:33:51,2011,-7495,-18344,-3075,-3075,0,245,270,2011,2011,0,0,8776,2186,7200,7200,7200,7200,2011
2026-04-14T15:33:56,2008,-7460,-18321,-3072,-3072,0,247,270,2008,2009,0,0,8776,2037,7200,7200,7200,7200,2009
2026-04-14T15:34:01,2009,-7426,-18295,-3070,-3070,0,239,269,2009,2010,0,0,8776,2037,7200,7200,7200,7200,2012
2026-04-14T15:34:06,2004,-7394,-18269,-3067,-3067,0,247,263,2004,2001,0,0,8776,2037,7200,7200,7200,7200,2003
2026-04-14T15:34:11,2010,-7356,-18243,-3065,-3065,0,240,270,2010,2009,0,0,8776,2037,7200,7200,7200,7200,2009
2026-04-14T15:34:16,2001,-7324,-18221,-3062,-3062,0,240,269,1999,1999,0,0,8776,2037,7200,7200,7200,7200,1998
2026-04-14T15:34:21,1984,-7290,-18194,-3060,-3060,0,226,277,1984,1984,0,0,8778,2037,7200,7200,7200,7200,1982
2026-04-14T15:34:27,1969,-7254,-18167,-3057,-3057,0,239,262,1969,1969,0,0,8778,2003,7200,7200,7200,7200,1969
2026-04-14T15:34:30,1949,-7224,-18142,-3055,-3055,0,239,269,1949,1947,0,0,8778,2003,7200,7200,7200,7200,1947
2026-04-14T15:34:36,1930,-7190,-18123,-3052,-3052,0,233,263,1930,1930,0,0,8778,2003,7200,7200,7200,7200,1930
2026-04-14T15:34:41,1893,-7153,-18096,-3050,-3050,0,233,263,1891,1891,0,0,8778,2003,7200,7200,7200,7200,1888
2026-04-14T15:34:47,1864,-7117,-18074,-3047,-3047,0,240,263,1864,1864,0,0,8778,2003,7200,7200,7200,7200,1863
2026-04-14T15:34:51,1839,-7088,-18054,-3045,-3045,0,248,271,1839,1839,0,0,8778,2003,7200,7200,7200,7200,1839
2026-04-14T15:34:57,1830,-7050,-18030,-3042,-3042,0,248,271,1829,1829,0,0,8778,1909,7200,7200,7200,7200,1828
2026-04-14T15:35:01,1813,-7018,-18004,-3040,-3040,0,248,271,1811,1811,0,0,8778,1909,7200,7200,7200,7200,1810
2026-04-14T15:35:05,1785,-6987,-17982,-3037,-3037,0,248,271,1785,1785,0,0,8778,1909,7200,7200,7200,7200,1785
2026-04-14T15:35:10,1751,-6950,-17959,-3035,-3035,0,241,271,1751,1751,0,0,8778,1909,7200,7200,7200,7200,1744
2026-04-14T15:35:16,1729,-6917,-17934,-3032,-3032,0,248,278,1729,1729,0,0,8778,1909,7200,7200,7200,7200,1729
2026-04-14T15:35:20,1713,-6885,-17907,-3030,-3030,0,255,271,1713,1713,0,0,8778,1909,7200,7200,7200,7200,1713
2026-04-14T15:35:25,1698,-6849,-17880,-3027,-3027,0,246,278,1698,1698,0,0,8780,1769,7200,7200,7200,7200,1696
2026-04-14T15:35:30,1684,-6815,-17854,-3025,-3025,0,241,271,1684,1684,0,0,8780,1769,7200,7200,7200,7200,1685
2026-04-14T15:35:36,1674,-6781,-17828,-3022,-3022,0,241,271,1674,1674,0,0,8780,1769,7200,7200,7200,7200,1673
2026-04-14T15:35:40,1661,-6748,-17801,-3020,-3020,0,255,271,1661,1661,0,0,8780,1769,7200,7200,7200,7200,1661
2026-04-14T15:35:46,1654,-6710,-17775,-3017,-3017,0,240,278,1654,1654,0,0,8780,1769,7200,7200,7200,7200,1653
2026-04-14T15:35:51,1654,-6677,-17752,-3015,-3015,0,255,271,1653,1653,0,0,8780,1769,7200,7200,7200,7200,1654
2026-04-14T15:35:56,1654,-6645,-17726,-3012,-3012,0,248,278,1654,1654,0,0,8780,1671,7200,7200,7200,7200,1654
2026-04-14T15:36:01,1651,-6606,-17699,-3010,-3010,0,248,271,1651,1651,0,0,8780,1671,7200,7200,7200,7200,1653
2026-04-14T15:36:05,1654,-6576,-17678,-3007,-3007,0,254,270,1652,1652,0,0,8780,1671,7200,7200,7200,7200,1652
2026-04-14T15:36:10,1654,-6542,-17652,-3005,-3005,0,241,271,1654,1654,0,0,8780,1671,7200,7200,7200,7200,1655
2026-04-14T15:36:17,1661,-6502,-17624,-3002,-3002,0,255,271,1662,1662,0,0,8780,1671,7200,7200,7200,7200,1662
2026-04-14T15:36:21,1666,-6471,-17598,-3000,-3000,0,241,271,1666,1666,0,0,8780,1671,7200,7200,7200,7200,1667
2026-04-14T15:36:27,1668,-6435,-17575,-2997,-2997,0,226,270,1668,1668,0,0,8782,1656,7200,7200,7200,7200,1668
2026-04-14T15:36:30,1673,-6406,-17550,-2995,-2995,0,254,270,1673,1673,8,8,8782,1656,7200,7200,7200,7200,1669
2026-04-14T15:36:35,1676,-6373,-17528,-2992,-2992,0,247,277,1676,1676,0,0,8782,1656,7200,7200,7200,7200,1677
2026-04-14T15:36:41,1678,-6333,-17500,-2990,-2990,0,247,270,1678,1678,0,0,8782,1656,7200,7200,7200,7200,1680
2026-04-14T15:36:46,1686,-6300,-17474,-2987,-2987,0,247,270,1687,1687,0,0,8782,1656,7200,7200,7200,7200,1688
2026-04-14T15:36:51,1693,-6268,-17449,-2985,-2985,0,254,277,1693,1694,0,0,8782,1656,7200,7200,7200,7200,1694
2026-04-14T15:36:56,1705,-6234,-17423,-2982,-2982,0,249,270,1705,1705,0,0,8782,1678,7200,7200,7200,7200,1706
2026-04-14T15:37:01,1715,-6200,-17396,-2980,-2980,0,263,277,1716,1716,0,0,8782,1678,7200,7200,7200,7200,1716
2026-04-14T15:37:07,1718,-6162,-17368,-2977,-2977,0,264,263,1715,1715,0,8,8782,1678,7200,7200,7200,7200,1717
2026-04-14T15:37:11,1719,-6130,-17343,-2975,-2975,0,263,270,1719,1721,0,0,8782,1678,7200,7200,7200,7200,1719
2026-04-14T15:37:16,1720,-6100,-17318,-2972,-2972,0,241,270,1720,1720,0,0,8782,1678,7200,7200,7200,7200,1720
2026-04-14T15:37:21,1719,-6061,-17291,-2970,-2970,0,247,271,1719,1719,0,0,8782,1678,7200,7200,7200,7200,1719
2026-04-14T15:37:26,1717,-6028,-17263,-2967,-2967,0,255,270,1717,1717,0,0,8783,1715,7200,7200,7200,7200,1718
2026-04-14T15:37:30,1718,-5999,-17238,-2965,-2965,0,248,271,1718,1718,0,0,8783,1715,7200,7200,7200,7200,1719
2026-04-14T15:37:36,1725,-5961,-17212,-2962,-2962,0,247,263,1725,1725,0,0,8783,1715,7200,7200,7200,7200,1725
2026-04-14T15:37:41,1732,-5925,-17185,-2960,-2960,0,248,271,1732,1734,0,0,8783,1715,7200,7200,7200,7200,1734
2026-04-14T15:37:46,1743,-5894,-17160,-2957,-2957,0,247,270,1743,1744,0,0,8783,1715,7200,7200,7200,7200,1744
2026-04-14T15:37:51,1750,-5856,-17132,-2955,-2955,0,247,270,1750,1735,0,0,8783,1715,7200,7200,7200,7200,1736
2026-04-14T15:37:57,1749,-5821,-17105,-2952,-2952,0,247,270,1749,1749,0,0,8783,1729,7200,7200,7200,7200,1750
2026-04-14T15:38:01,1756,-5792,-17081,-2950,-2950,0,255,271,1756,1756,0,0,8783,1729,7200,7200,7200,7200,1756
2026-04-14T15:38:07,1759,-5752,-17052,-2947,-2947,0,238,263,1759,1758,0,0,8783,1729,7200,7200,7200,7200,1758
2026-04-14T15:38:11,1756,-5721,-17027,-2945,-2945,0,248,263,1756,1756,0,0,8783,1729,7200,7200,7200,7200,1756
2026-04-14T15:38:16,1748,-5688,-17002,-2942,-2942,0,231,263,1748,1748,0,0,8783,1729,7200,7200,7200,7200,1747
2026-04-14T15:38:21,1735,-5655,-16979,-2940,-2940,0,247,263,1735,1735,0,0,8783,1729,7200,7200,7200,7200,1730
2026-04-14T15:38:26,1723,-5618,-16952,-2937,-2937,0,240,270,1723,1723,0,0,8785,1749,7200,7200,7200,7200,1725
2026-04-14T15:38:31,1731,-5586,-16926,-2935,-2935,0,240,270,1731,1731,0,0,8785,1749,7200,7200,7200,7200,1731
2026-04-14T15:38:36,1743,-5553,-16904,-2932,-2932,0,248,270,1743,1744,0,0,8785,1749,7200,7200,7200,7200,1744
2026-04-14T15:38:41,1758,-5520,-16877,-2930,-2930,0,247,263,1758,1761,0,0,8785,1749,7200,7200,7200,7200,1762
2026-04-14T15:38:47,1777,-5481,-16850,-2927,-2927,0,247,263,1777,1778,0,0,8785,1749,7200,7200,7200,7200,1778
2026-04-14T15:38:51,1790,-5449,-16829,-2925,-2925,0,241,271,1791,1791,0,0,8785,1749,7200,7200,7200,7200,1791
2026-04-14T15:38:56,1798,-5416,-16803,-2922,-2922,0,240,277,1798,1800,0,0,8785,1752,7200,7200,7200,7200,1800
2026-04-14T15:39:03,1804,-5385,-16777,-2920,-2920,0,231,270,1804,1804,0,0,8785,1752,7200,NaN,NaN,NaN,1804
2026-04-14T15:39:07,NaN,-5337,-16740,-2916,-2916,0,241,271,NaN,1807,0,0,8785,1752,7200,7200,7200,7200,1807
2026-04-14T15:39:11,1805,-5315,-16724,-2915,-2915,0,247,270,1805,1805,0,0,8785,1752,7200,7200,7200,7200,1804
2026-04-14T15:39:16,1803,-5280,-16698,-2912,-2912,0,231,270,1803,1803,0,0,8785,1752,7200,7200,7200,7200,1803
2026-04-14T15:39:21,1802,-5242,-16674,-2910,-2909,0,254,263,1802,1803,0,0,8787,1752,7200,7200,7200,7200,1804
2026-04-14T15:39:26,1821,-5212,-16649,-2907,-2907,0,247,270,1822,1822,0,0,8787,1802,7200,7200,7200,7200,1822
2026-04-14T15:39:31,1823,-5176,-16622,-2905,-2905,0,247,263,1825,1825,0,0,8787,1802,7200,7200,7200,7200,1824
2026-04-14T15:39:36,1820,-5145,-16596,-2902,-2902,0,240,270,1819,1819,0,0,8787,1802,7200,7200,7200,7200,1818
2026-04-14T15:39:40,1809,-5112,-16571,-2900,-2900,0,240,270,1809,1809,0,0,8787,1802,7200,7200,7200,7200,1808
2026-04-14T15:39:47,1808,-5071,-16542,-2897,-2897,0,254,270,1808,1809,0,0,8787,1802,7200,7200,7200,7200,1809
2026-04-14T15:39:51,1816,-5040,-16517,-2895,-2895,0,233,263,1815,1815,0,0,8787,1802,7200,7200,7200,7200,1816
2026-04-14T15:39:56,1820,-5008,-16490,-2892,-2892,0,247,277,1820,1820,0,0,8787,1814,7200,7200,7200,7200,1820
2026-04-14T15:40:01,1822,-4975,-16464,-2890,-2890,0,247,270,1822,1822,0,0,8787,1814,7200,7200,7200,7200,1823
2026-04-14T15:40:07,1831,-4936,-16442,-2887,-2887,0,238,270,1831,1831,0,0,8787,1814,7200,7200,7200,7200,1831
2026-04-14T15:40:11,1849,-4905,-16415,-2885,-2885,0,247,270,1848,1848,0,0,8787,1814,7200,7200,7200,7200,1849
2026-04-14T15:40:16,1851,-4870,-16388,-2882,-2882,0,248,271,1851,1855,0,0,8787,1814,7200,7200,7200,7200,1855
2026-04-14T15:40:21,1866,-4835,-16363,-2880,-2880,0,240,271,1866,1866,0,0,8787,1814,7200,7200,7200,7200,1867
2026-04-14T15:40:26,1871,-4802,-16337,-2877,-2877,0,233,270,1871,1871,0,0,8788,1839,7200,7200,7200,7200,1871
2026-04-14T15:40:30,1872,-4771,-16311,-2875,-2875,0,240,271,1872,1872,0,0,8788,1839,7200,7200,7200,7200,1872
2026-04-14T15:40:36,1871,-4734,-16283,-2872,-2872,0,248,263,1871,1871,0,0,8788,1839,7200,7200,7200,7200,1871
2026-04-14T15:40:41,1872,-4698,-16261,-2870,-2870,0,241,271,1872,1872,0,0,8788,1839,7200,7200,7200,7200,1872
2026-04-14T15:40:47,1868,-4665,-16235,-2867,-2867,0,224,271,1868,1868,0,0,8788,1839,7200,7200,7200,7200,1870
2026-04-14T15:40:51,1883,-4635,-16210,-2865,-2865,0,248,264,1883,1883,0,0,8788,1839,7200,7200,7200,7200,1884
2026-04-14T15:40:56,1903,-4594,-16182,-2862,-2862,0,225,271,1903,1905,0,0,8788,1872,7200,7200,7200,7200,1906
2026-04-14T15:41:01,1930,-4561,-16156,-2860,-2860,0,241,263,1935,1935,0,0,8788,1872,7200,7200,7200,7200,1938
2026-04-14T15:41:06,1958,-4530,-16130,-2857,-2857,0,255,263,1959,1959,0,0,8788,1872,7200,7200,7200,7200,1962
2026-04-14T15:41:11,1971,-4497,-16104,-2855,-2855,0,255,271,1971,1971,0,0,8788,1872,7200,7200,7200,7200,1971
2026-04-14T15:41:17,1965,-4459,-16081,-2852,-2852,0,241,271,1965,1965,0,0,8788,1872,7200,7200,7200,7200,1963
2026-04-14T15:41:21,1953,-4429,-16060,-2850,-2850,0,233,270,1953,1953,0,0,8788,1872,7200,7200,7200,7200,1953
2026-04-14T15:41:26,1959,-4394,-16032,-2847,-2847,0,247,270,1960,1960,0,0,8790,1946,7200,7200,7200,7200,1962
2026-04-14T15:41:31,1993,-4356,-16006,-2844,-2844,0,241,270,1996,1996,0,0,8790,1946,7200,7200,7200,7200,2000
2026-04-14T15:41:36,2038,-4321,-15983,-2842,-2842,0,247,270,2043,2043,0,0,8790,1946,7200,7200,7200,7200,2049
2026-04-14T15:41:41,2086,-4290,-15958,-2840,-2840,0,247,270,2090,2090,0,0,8790,1946,7200,7200,7200,7200,2094
2026-04-14T15:41:46,2118,-4259,-15931,-2837,-2837,0,238,270,2118,2122,0,0,8790,1946,7200,7200,7200,7200,2127
2026-04-14T15:41:51,2145,-4221,-15910,-2835,-2835,0,240,263,2145,2145,0,0,8790,1946,7200,7200,7200,7200,2146
2026-04-14T15:41:56,2166,-4186,-15882,-2832,-2832,0,247,263,2167,2167,0,0,8790,2055,7200,7200,7200,7200,2170
2026-04-14T15:42:00,2179,-4157,-15864,-2830,-2830,0,215,270,2179,2179,0,0,8790,2055,7200,7200,7200,7200,2179
2026-04-14T15:42:06,2201,-4122,-15839,-2827,-2827,0,231,270,2201,2201,0,0,8790,2055,7200,7200,7200,7200,2202
2026-04-14T15:42:11,2203,-4085,-15811,-2825,-2825,0,239,271,2201,2201,0,0,8790,2055,7200,7200,7200,7200,2188
2026-04-14T15:42:16,2210,-4054,-15791,-2822,-2822,0,231,270,2210,2211,0,0,8790,2055,7200,7200,7200,7200,2213
2026-04-14T15:42:21,2235,-4018,-15763,-2820,-2820,0,262,263,2235,2226,0,0,8793,2055,7200,7200,7200,7200,2226
2026-04-14T15:42:31,2271,-3981,-15737,-2817,-2817,0,248,263,2271,2277,0,0,NaN,2197,NaN,NaN,NaN,NaN,2280
2026-04-14T15:42:32,2341,-3939,-15701,-2814,-2814,0,240,263,2346,2346,0,0,8793,2197,7200,7200,7200,7200,2346
2026-04-14T15:42:37,2379,-3905,-15675,-2811,-2811,0,247,263,2383,2383,0,0,8793,2197,7200,7200,7200,7200,2385
2026-04-14T15:42:42,2406,-3870,-15648,-2809,-2809,0,240,263,2406,2406,0,0,8793,2197,7200,7200,7200,7200,2407
2026-04-14T15:42:47,2403,-3837,-15624,-2806,-2806,0,247,263,2403,2403,0,0,8793,2197,7200,7200,7200,7200,2403
2026-04-14T15:42:53,2408,-3800,-15599,-2804,-2804,0,248,271,2408,2408,0,0,8793,2360,7200,7200,7200,7200,2408
2026-04-14T15:42:57,2403,-3767,-15573,-2801,-2801,0,248,271,2403,2403,0,0,8793,2360,7200,7200,7200,7200,2403
2026-04-14T15:43:03,2397,-3734,-15547,-2799,-2799,0,247,263,2396,2396,0,0,8793,2360,7200,7200,7200,7200,2396
2026-04-14T15:43:08,2388,-3697,-15524,-2796,-2796,0,217,263,2386,2386,0,0,8793,2360,7200,7200,7200,7200,2386
2026-04-14T15:43:13,2382,-3665,-15502,-2794,-2794,0,247,270,2383,2383,0,0,8793,2360,7200,7200,7200,7200,2384
2026-04-14T15:43:18,2372,-3630,-15475,-2791,-2791,0,247,270,2372,2372,0,0,8793,2360,7200,7200,7200,7200,2374
2026-04-14T15:43:22,2379,-3599,-15449,-2789,-2789,0,247,270,2379,2380,0,0,8795,2389,7200,7200,7200,7200,2380
2026-04-14T15:43:28,2383,-3563,-15423,-2786,-2786,0,234,271,2383,2382,0,0,8795,2389,7200,7200,7200,7200,2382
2026-04-14T15:43:33,2391,-3529,-15401,-2784,-2784,0,240,263,2391,2391,0,0,8795,2389,7200,7200,7200,7200,2391
2026-04-14T15:43:38,2399,-3494,-15383,-2781,-2781,0,241,271,2399,2399,0,0,8795,2389,7200,7200,7200,7200,2402
2026-04-14T15:43:43,2422,-3462,-15356,-2779,-2779,0,261,263,2423,2423,0,0,8795,2389,7200,7200,7200,7200,2425
2026-04-14T15:43:47,2447,-3428,-15335,-2776,-2776,0,240,270,2447,2447,0,0,8795,2389,7200,7200,7200,7200,2451
2026-04-14T15:43:53,2470,-3392,-15307,-2774,-2774,0,241,271,2472,2472,0,0,8795,2411,7200,7200,7200,7200,2472
2026-04-14T15:43:58,2483,-3359,-15281,-2771,-2771,0,248,271,2483,2483,0,0,8795,2411,7200,7200,7200,7200,2485
2026-04-14T15:44:03,2488,-3323,-15254,-2769,-2769,0,254,270,2488,2490,0,0,8795,2411,7200,7200,7200,7200,2491
2026-04-14T15:44:08,2496,-3289,-15233,-2766,-2766,0,254,270,2498,2498,0,0,8795,2411,7200,7200,7200,7200,2498
2026-04-14T15:44:13,2520,-3255,-15206,-2764,-2764,0,240,263,2520,2520,0,0,8795,2411,7200,7200,7200,7200,2523
2026-04-14T15:44:18,2561,-3220,-15179,-2761,-2761,0,240,270,2561,2561,0,0,8795,2411,7200,7200,7200,7200,2565
2026-04-14T15:44:23,2606,-3186,-15158,-2759,-2759,0,247,269,2606,2606,0,0,8798,2514,7200,7200,7200,7200,2611
2026-04-14T15:44:28,2657,-3154,-15132,-2756,-2756,0,247,270,2657,2662,0,0,8798,2514,7200,7200,7200,7200,2662
2026-04-14T15:44:33,2700,-3120,-15109,-2754,-2754,0,240,263,2700,2700,0,0,8798,2514,7200,7200,7200,7200,2703
2026-04-14T15:44:37,2718,-3088,-15083,-2751,-2751,0,247,270,2718,2718,0,0,8798,2514,7200,7200,7200,7200,2719
2026-04-14T15:44:43,2708,-3050,-15055,-2749,-2749,0,233,270,2707,2707,0,0,8798,2514,7200,7200,7200,7200,2706
2026-04-14T15:44:47,2691,-3018,-15030,-2746,-2746,0,247,270,2691,2691,0,0,8798,2514,7200,7200,7200,7200,2690
2026-04-14T15:44:54,2678,-2980,-15002,-2743,-2743,0,241,263,2676,2674,0,0,8798,2687,7200,7200,7200,7200,2671
2026-04-14T15:44:57,2655,-2951,-14977,-2741,-2741,0,3203,3236,2651,2651,0,0,8798,2687,7200,7200,7200,7200,2651
2026-04-14T15:45:03,2623,-2915,-14954,-2739,-2739,0,1795,1834,2623,2619,0,0,8798,2687,7200,7200,7200,7200,2618
2026-04-14T15:45:08,2605,-2880,-14928,-2736,-2736,0,1908,1954,2605,2605,0,0,8798,2687,7200,7200,7200,7200,2605
2026-04-14T15:45:13,2603,-2849,-14902,-2734,-2734,0,1924,1963,2604,2604,0,0,8798,2687,7200,7200,7200,7200,2604
2026-04-14T15:45:17,2606,-2814,-14881,-2731,-2731,0,1914,1960,2606,2606,0,0,8798,2687,7200,7200,7200,7200,2606
2026-04-14T15:45:22,2596,-2780,-14854,-2729,-2729,0,1910,1956,2595,2595,0,0,8801,2620,7200,7200,7200,7200,2594
2026-04-14T15:45:28,2575,-2745,-14826,-2726,-2726,0,1945,1966,2575,2575,0,0,8801,2620,7200,7200,7200,7200,2574
2026-04-14T15:45:33,2560,-2709,-14815,-2724,-2724,310,1947,1972,2560,2560,0,0,8801,2620,7200,7200,7200,7200,2556
2026-04-14T15:45:37,2543,-2677,-14792,-2721,-2721,753,1985,2008,2543,2542,0,0,8801,2620,7200,7200,7200,7200,2542
2026-04-14T15:45:43,2542,-2640,-14764,-2719,-2719,753,1984,2014,2542,2542,0,0,8801,2620,7200,7200,7200,7200,2543
2026-04-14T15:45:48,2545,-2607,-14747,-2716,-2716,753,1989,2031,2545,2545,0,0,8801,2620,7200,7200,7200,7200,2549
2026-04-14T15:45:53,2555,-2572,-14724,-2714,-2714,753,1988,2011,2555,2555,0,0,8801,2556,7200,7200,7200,7200,2555
2026-04-14T15:45:58,2547,-2540,-14698,-2711,-2711,753,1981,2004,2547,2546,0,0,8801,2556,7200,7200,7200,7200,2546
2026-04-14T15:46:03,2526,-2506,-14673,-2709,-2709,753,1978,2024,2526,2526,0,0,8801,2556,7200,7200,7200,7200,2522
2026-04-14T15:46:08,2499,-2470,-14650,-2706,-2706,753,2005,2050,2498,2498,0,0,8801,2556,7200,7200,7200,7200,2496
2026-04-14T15:46:14,2481,-2434,-14627,-2704,-2703,975,2041,2086,2480,2480,0,0,8801,2556,7200,7200,7200,7200,2480
2026-04-14T15:46:18,2484,-2404,-14601,-2701,-2701,1507,2058,2095,2484,2485,0,0,8801,2556,7200,7200,7200,7200,2486
2026-04-14T15:46:24,2498,-2366,-14578,-2698,-2698,1507,2063,2075,2498,2498,0,0,8804,2510,7200,7200,7200,7200,2499
2026-04-14T15:46:28,2500,-2338,-14553,-2696,-2696,1507,2058,2093,2497,2497,0,0,8804,2510,7200,7200,7200,7200,2494
2026-04-14T15:46:33,2468,-2300,-14526,-2694,-2694,2261,2053,2121,2468,2468,0,0,8804,2510,7200,7200,7200,7200,2466
2026-04-14T15:46:37,2418,-2268,-14500,-2691,-2691,2261,2098,2120,2418,2415,0,0,8804,2510,7200,7200,7200,7200,2415
2026-04-14T15:46:42,2370,-2235,-14477,-2689,-2689,2261,2153,2176,2366,2363,0,0,8804,2510,7200,7200,7200,7200,2363
2026-04-14T15:46:48,2345,-2200,-14451,-2686,-2686,2259,2187,2203,2341,2341,0,0,8804,2510,7200,7200,7200,7200,2341
2026-04-14T15:46:53,2338,-2164,-14428,-2684,-2684,2348,2180,2203,2338,2338,0,0,8804,2418,7200,7200,7200,7200,2338
2026-04-14T15:46:58,2342,-2131,-14406,-2681,-2681,3013,2180,2221,2342,2342,0,0,8804,2418,7200,7200,7200,7200,2343
2026-04-14T15:47:03,2352,-2099,-14385,-2679,-2679,3015,2170,2193,2352,2351,0,0,8804,2418,7200,7200,7200,7200,2351
2026-04-14T15:47:07,2361,-2064,-14362,-2676,-2676,3015,2178,2217,2361,2361,0,0,8804,2418,7200,7200,7200,7200,2361
2026-04-14T15:47:13,2376,-2026,-14335,-2674,-2674,3013,2146,2176,2377,2377,0,0,8804,2418,7200,7200,7200,7200,2377
2026-04-14T15:47:18,2395,-1996,-14309,-2671,-2671,3015,2145,2166,2395,2395,0,0,8804,2418,7200,7200,7200,7200,2400
2026-04-14T15:47:24,2424,-1956,-14289,-2668,-2668,3015,2103,2134,2433,2433,0,0,8806,2367,7200,7200,7200,7200,2433
2026-04-14T15:47:28,2470,-1925,-14277,-2666,-2666,3015,2089,2126,2470,2474,0,0,8806,2367,7200,7200,7200,7200,2474
2026-04-14T15:47:33,2511,-1890,-14255,-2664,-2663,3015,2007,2037,2511,2513,0,0,8806,2367,7200,7200,7200,7200,2513
2026-04-14T15:47:38,2539,-1859,-14229,-2661,-2661,3015,1991,2038,2541,2541,0,0,8806,2367,7200,7200,7200,7200,2541
2026-04-14T15:47:43,2552,-1821,-14203,-2659,-2659,3015,1999,2038,2553,2553,0,0,8806,2367,7200,7200,7200,7200,2555
2026-04-14T15:47:48,2561,-1787,-14180,-2656,-2656,3015,1978,2026,2561,2562,0,0,8806,2367,7200,7200,7200,7200,2563
2026-04-14T15:47:53,2569,-1756,-14158,-2654,-2654,3015,1942,1979,2570,2570,0,0,8806,2522,7200,7200,7200,7200,2570
2026-04-14T15:47:58,2567,-1720,-14132,-2651,-2651,3015,1978,1998,2566,2566,0,0,8806,2522,7200,7200,7200,7200,2565
2026-04-14T15:48:03,2556,-1686,-14109,-2649,-2649,3015,1980,2010,2556,2556,0,0,8806,2522,7200,7200,7200,7200,2552
2026-04-14T15:48:07,2540,-1655,-14084,-2646,-2646,3015,1987,2028,2540,2540,0,0,8806,2522,7200,7200,7200,7200,2539
2026-04-14T15:48:13,2532,-1617,-14056,-2643,-2643,3015,2025,2036,2532,2532,0,0,8806,2522,7200,7200,7200,7200,2533
2026-04-14T15:48:18,2531,-1582,-14035,-2641,-2641,3015,2001,2028,2531,2531,0,0,8806,2522,7200,7200,7200,7200,2531
2026-04-14T15:48:23,2527,-1551,-14008,-2639,-2639,3015,2026,2049,2527,2526,0,0,8809,2544,7200,7200,7200,7200,2526
2026-04-14T15:48:28,2534,-1516,-13988,-2636,-2636,3015,2007,2037,2536,2536,0,0,8809,2544,7200,7200,7200,7200,2536
2026-04-14T15:48:33,2533,-1484,-13964,-2634,-2634,3015,1993,2008,2536,2536,0,0,8809,2544,7200,7200,7200,7200,2538
2026-04-14T15:48:38,2552,-1447,-13937,-2631,-2631,3015,1977,2019,2552,2552,0,0,8809,2544,7200,7200,7200,7200,2552
2026-04-14T15:48:43,2547,-1412,-13910,-2629,-2629,3015,1994,2011,2547,2547,0,0,8809,2544,7200,7200,7200,7200,2546
2026-04-14T15:48:48,2530,-1381,-13888,-2626,-2626,3015,1988,2020,2530,2530,0,0,8809,2544,7200,7200,7200,7200,2530
2026-04-14T15:48:53,2501,-1347,-13862,-2624,-2624,3015,2013,2036,2498,2498,0,0,8809,2537,7200,7200,7200,7200,2498
2026-04-14T15:48:58,2484,-1315,-13841,-2621,-2621,3015,2036,2059,2484,2484,0,0,8809,2537,7200,7200,7200,7200,2482
2026-04-14T15:49:04,2469,-1275,-13819,-2618,-2618,3015,2048,2071,2469,2457,0,0,8809,2537,7200,7200,7200,7200,2457
2026-04-14T15:49:08,2454,-1246,-13796,-2616,-2616,3015,2076,2097,2454,2454,0,0,8809,2537,7200,7200,7200,7200,2451
2026-04-14T15:49:14,2428,-1206,-13772,-2613,-2613,3015,2092,2118,2414,2414,0,0,8809,2537,7200,7200,7200,7200,2414
2026-04-14T15:49:18,2403,-1176,-13746,-2611,-2611,3013,2130,2141,2403,2403,0,0,8809,2537,7200,7200,7200,7200,2400
2026-04-14T15:49:22,2392,-1143,-13720,-2609,-2609,3015,2140,2168,2391,2391,0,0,8812,2445,7200,7200,7200,7200,2390
2026-04-14T15:49:28,2388,-1108,-13694,-2606,-2606,3015,2127,2183,2388,2388,0,0,8812,2445,7200,7200,7200,7200,2389
2026-04-14T15:49:33,2389,-1076,-13668,-2604,-2604,3015,2146,2161,2389,2389,0,0,8812,2445,7200,7200,7200,7200,2390
2026-04-14T15:49:38,2397,-1041,-13642,-2601,-2601,3015,2137,2177,2397,2397,0,0,8812,2445,7200,7200,7200,7200,2397
2026-04-14T15:49:43,2407,-1005,-13614,-2599,-2599,3015,2148,2179,2410,2410,0,0,8812,2445,7200,7200,7200,7200,2409
2026-04-14T15:49:48,2424,-974,-13588,-2596,-2596,3015,2114,2154,2425,2425,0,0,8812,2445,7200,7200,7200,7200,2425
2026-04-14T15:49:53,2428,-938,-13567,-2594,-2594,3015,2119,2148,2428,2430,0,0,8812,2402,7200,7200,7200,7200,2430
2026-04-14T15:49:58,2435,-905,-13541,-2591,-2591,3015,2126,2148,2435,2435,0,0,8812,2402,7200,7200,7200,7200,2435
2026-04-14T15:50:03,2440,-869,-13513,-2589,-2589,3015,2116,2146,2441,2441,0,0,8812,2402,7200,7200,7200,7200,2443
2026-04-14T15:50:08,2457,-837,-13489,-2586,-2586,3015,2084,2146,2457,2457,0,0,8812,2402,7200,7200,7200,7200,2457
2026-04-14T15:50:13,2471,-801,-13469,-2584,-2584,3015,2059,2087,2471,2480,0,0,8812,2402,7200,7200,7200,7200,2480
2026-04-14T15:50:18,2506,-766,-13443,-2581,-2581,3015,2023,2077,2506,2509,0,0,8812,2402,7200,7200,7200,7200,2512
2026-04-14T15:50:22,2535,-735,-13417,-2579,-2579,3015,2024,2062,2535,2537,0,0,8815,2465,7200,7200,7200,7200,2537
2026-04-14T15:50:28,2546,-697,-13389,-2576,-2576,3015,1992,2015,2547,2547,0,0,8815,2465,7200,7200,7200,7200,2549
2026-04-14T15:50:32,2550,-666,-13373,-2574,-2574,3015,2013,2043,2550,2550,0,0,8815,2465,7200,7200,7200,7200,2550
2026-04-14T15:50:38,2549,-630,-13354,-2571,-2571,3015,1916,1948,2549,2548,0,0,8815,2465,7200,7200,7200,7200,2550
2026-04-14T15:50:43,2554,-596,-13333,-2569,-2569,3015,1943,1966,2554,2554,0,0,8815,2465,7200,7200,7200,7200,2554
2026-04-14T15:50:48,2565,-561,-13306,-2566,-2566,3015,1932,1956,2566,2566,0,0,8815,2465,7200,7200,7200,7200,2569
2026-04-14T15:50:53,2585,-530,-13280,-2564,-2564,3015,1889,1927,2587,2587,0,0,8815,2554,7200,7200,7200,7200,2588
2026-04-14T15:50:58,2602,-496,-13253,-2561,-2561,3015,1888,1910,2602,2602,0,0,8815,2554,7200,7200,7200,7200,2603
2026-04-14T15:51:04,2615,-456,-13227,-2558,-2558,3015,1888,1912,2616,2616,0,0,8815,2554,7200,7200,7200,7200,2616
2026-04-14T15:51:07,2624,-427,-13205,-2556,-2556,3015,1850,1873,2624,2624,0,0,8815,2554,7200,7200,7200,7200,2624
2026-04-14T15:51:13,2628,-391,-13176,-2554,-2554,3015,1859,1881,2628,2629,0,0,8815,2554,7200,7200,7200,7200,2633
2026-04-14T15:51:18,2633,-360,-13156,-2551,-2551,3015,1874,1882,2634,2634,0,0,8815,2554,7200,7200,7200,7200,2635
2026-04-14T15:51:24,2629,-320,-13132,-2548,-2548,3015,1863,1885,2629,2629,0,0,8818,2618,7200,7200,7200,7200,2627
2026-04-14T15:51:28,2626,-289,-13107,-2546,-2546,3015,1862,1892,2625,2625,0,0,8818,2618,7200,7200,7200,7200,2627
2026-04-14T15:51:33,2647,-257,-13081,-2544,-2544,3015,1862,1893,2649,2649,0,0,8818,2618,7200,7200,7200,7200,2651
2026-04-14T15:51:38,2688,-224,-13054,-2541,-2541,3015,1805,1835,2688,2688,0,0,8818,2618,7200,7200,7200,7200,2690
2026-04-14T15:51:43,2731,-182,-13025,-2538,-2538,3015,1764,1787,2734,2734,0,0,8818,2618,7200,7200,7200,7200,2726
2026-04-14T15:51:48,2770,-152,-13005,-2536,-2536,3017,1732,1754,2770,2770,0,0,8818,2618,7200,7200,7200,7200,2775
2026-04-14T15:51:53,2823,-119,-12978,-2534,-2534,3017,1687,1701,2827,2827,0,0,8818,2697,7200,7200,7200,7200,2831
2026-04-14T15:51:58,2879,-87,-12957,-2531,-2531,3017,1644,1667,2879,2882,0,0,8818,2697,7200,7200,7200,7200,2886
2026-04-14T15:52:04,2921,-47,-12928,-2528,-2528,3017,1598,1628,2921,2921,0,0,8818,2697,7200,7200,7200,7200,2923
2026-04-14T15:52:07,2942,-19,-12904,-2526,-2526,3017,1578,1601,2943,2943,0,0,8818,2697,7200,7200,7200,7200,2944
2026-04-14T15:52:13,2958,16,-12877,-2524,-2524,3017,1610,1633,2960,2960,0,0,8818,2697,7200,7200,7200,7200,2960
2026-04-14T15:52:18,2967,52,-12855,-2521,-2521,3017,1602,1634,2967,2967,0,0,8818,2697,7200,7200,7200,7200,2967
2026-04-14T15:52:23,2966,89,-12837,-2518,-2519,3017,1627,1651,2966,2966,0,0,8821,2927,7200,7200,7200,7200,2966
2026-04-14T15:52:29,2961,121,-12810,-2516,-2516,3017,1560,1589,2961,2961,0,0,8821,2927,7200,7200,7200,7200,2961
2026-04-14T15:52:33,2961,151,-12785,-2514,-2514,3017,1596,1626,2961,2961,0,0,8821,2927,7200,7200,7200,7200,2961
2026-04-14T15:52:38,2969,191,-12761,-2511,-2511,3017,1605,1635,2969,2969,0,0,8821,2927,7200,7200,7200,7200,2970
2026-04-14T15:52:43,2985,221,-12735,-2509,-2509,3017,1611,1634,2987,2987,0,0,8821,2927,7200,7200,7200,7200,2987
2026-04-14T15:52:48,3016,255,-12714,-2506,-2506,3017,1574,1611,3016,3016,0,0,8821,2927,7200,7200,7200,7200,3018
2026-04-14T15:52:54,3049,295,-12690,-2503,-2503,3019,1551,1591,3049,3051,0,0,8821,2982,7200,7200,7200,7200,3053
2026-04-14T15:52:58,3073,324,-12669,-2501,-2501,3017,1547,1577,3073,3073,0,0,8821,2982,7200,7200,7200,7200,3073
2026-04-14T15:53:04,3080,361,-12646,-2498,-2498,3019,1484,1512,3080,3080,0,0,8821,2982,7200,7200,7200,7200,3079
2026-04-14T15:53:08,3073,391,-12620,-2496,-2496,3017,1470,1500,3072,3072,0,0,8821,2982,7200,7200,7200,7200,3071
2026-04-14T15:53:13,3047,429,-12593,-2494,-2494,3017,1475,1503,3044,3042,0,0,8821,2982,7200,7200,7200,7200,3040
2026-04-14T15:53:18,3017,460,-12572,-2491,-2491,3017,1464,1503,3017,3017,0,0,8821,2982,7200,7200,7200,7200,3015
2026-04-14T15:53:23,3000,494,-12546,-2489,-2489,3019,1480,1503,3000,3000,0,0,8825,3052,7200,7200,7200,7200,3000
2026-04-14T15:53:28,2994,525,-12519,-2486,-2486,3017,1463,1486,2995,2995,0,0,8825,3052,7200,7200,7200,7200,2995
2026-04-14T15:53:33,3016,560,-12497,-2484,-2484,3017,1440,1477,3021,3021,0,0,8825,3052,7200,7200,7200,7200,3024
2026-04-14T15:53:38,3046,595,-12479,-2481,-2481,3017,1419,1442,3046,3046,0,0,8825,3052,7200,7200,7200,7200,3046
2026-04-14T15:53:44,3117,634,-12450,-2478,-2478,3019,1335,1358,3121,3124,0,0,8825,3052,7200,7200,7200,7200,3126
2026-04-14T15:53:47,3159,661,-12426,-2476,-2476,3019,1287,1310,3159,3159,0,0,8825,3052,7200,7200,7200,7200,3161
2026-04-14T15:53:53,3186,699,-12402,-2474,-2474,3019,1279,1300,3186,3186,0,0,8825,3073,7200,7200,7200,7200,3189
2026-04-14T15:53:58,3222,734,-12376,-2471,-2471,3019,1252,1275,3225,3225,0,0,8825,3073,7200,7200,7200,7200,3230
2026-04-14T15:54:03,3281,765,-12355,-2469,-2469,3019,1184,1221,3281,3281,0,0,8825,3073,7200,7200,7200,7200,3289
2026-04-14T15:54:08,3349,803,-12331,-2466,-2466,3021,1124,1164,3349,3349,0,0,8825,3073,7200,7200,7200,7200,3353
2026-04-14T15:54:14,3415,839,-12305,-2463,-2463,3021,1103,1119,3420,3425,0,0,8825,3073,7200,7200,7200,7200,3430
2026-04-14T15:54:18,3490,868,-12283,-2461,-2461,3021,1046,1076,3490,3490,0,0,8825,3073,7200,7200,7200,7200,3493
2026-04-14T15:54:24,3531,906,-12256,-2458,-2458,3021,994,1024,3531,3532,0,0,8829,3352,7200,7200,7200,7200,3534
2026-04-14T15:54:28,3539,939,-12230,-2456,-2456,3021,967,997,3539,3539,0,0,8829,3352,7200,7200,7200,7200,3540
2026-04-14T15:54:33,3534,973,-12208,-2454,-2454,3021,974,997,3534,3534,0,0,8829,3352,7200,7200,7200,7200,3529
2026-04-14T15:54:38,3526,1006,-12182,-2451,-2451,3021,999,1022,3527,3527,0,0,8829,3352,7200,7200,7200,7200,3527
2026-04-14T15:54:43,3545,1041,-12155,-2449,-2449,3021,982,1022,3545,3545,0,0,8829,3352,7200,7200,7200,7200,3548
2026-04-14T15:54:48,3597,1071,-12139,-2446,-2446,3021,923,954,3597,3597,0,0,8829,3352,7200,7200,7200,7200,3602
2026-04-14T15:54:54,3664,1110,-12115,-2443,-2443,3023,881,902,3667,3672,0,0,8829,3554,7200,7200,7200,7200,3678
2026-04-14T15:54:58,3720,1140,-12090,-2441,-2441,3023,861,884,3720,3722,0,0,8829,3554,7200,7200,7200,7200,3722
2026-04-14T15:55:03,3740,1176,-12062,-2439,-2439,3023,838,861,3740,3740,0,0,8829,3554,7200,7200,7200,7200,3740
2026-04-14T15:55:08,3749,1213,-12035,-2436,-2436,3023,832,852,3751,3751,0,0,8829,3554,7200,7200,7200,7200,3753
2026-04-14T15:55:13,3779,1244,-12010,-2434,-2434,3023,796,826,3779,3779,0,0,8829,3554,7200,7200,7200,7200,3780
2026-04-14T15:55:18,3822,1279,-11991,-2431,-2431,3023,760,783,3822,3822,0,0,8829,3554,7200,7200,7200,7200,3828
2026-04-14T15:55:23,3849,1312,-11969,-2429,-2429,3023,749,781,3849,3849,0,0,8834,3760,7200,7200,7200,7200,3849
2026-04-14T15:55:28,3855,1346,-11944,-2426,-2426,3023,750,780,3855,3855,0,0,8834,3760,7200,7200,7200,7200,3856
2026-04-14T15:55:33,3862,1379,-11917,-2424,-2424,3023,760,771,3863,3863,0,0,8834,3760,7200,7200,7200,7200,3863
2026-04-14T15:55:38,3878,1412,-11894,-2421,-2421,3023,723,764,3878,3878,0,0,8834,3760,7200,7200,7200,7200,3878
2026-04-14T15:55:43,3894,1449,-11872,-2419,-2419,3023,742,772,3894,3894,0,0,8834,3760,7200,7200,7200,7200,3895
2026-04-14T15:55:48,3899,1482,-11845,-2416,-2416,3023,757,780,3901,3901,0,0,8834,3760,7200,7200,7200,7200,3901
2026-04-14T15:55:53,3922,1515,-11820,-2414,-2414,3023,736,756,3922,3925,0,0,8834,3878,7200,7200,7200,7200,3925
2026-04-14T15:55:59,3953,1554,-11792,-2411,-2411,3023,698,748,3953,3956,0,0,8834,3878,7200,7200,7200,7200,3958
2026-04-14T15:56:03,3984,1584,-11767,-2409,-2409,3023,690,739,3984,3986,0,0,8834,3878,7200,7200,7200,7200,3986
2026-04-14T15:56:08,3999,1618,-11740,-2406,-2406,3023,691,721,3999,3999,0,0,8834,3878,7200,7200,7200,7200,3999
2026-04-14T15:56:14,4003,1656,-11718,-2403,-2403,3023,704,720,4003,4003,0,0,8834,3878,7200,7200,7200,7200,4002
2026-04-14T15:56:19,3994,1690,-11696,-2401,-2401,3023,690,720,3994,3994,0,0,8834,3878,7200,7200,7200,7200,3993
2026-04-14T15:56:23,3986,1720,-11671,-2399,-2399,3023,690,720,3991,3991,0,0,8840,3982,7200,7200,7200,7200,3993
2026-04-14T15:56:29,4003,1758,-11651,-2396,-2396,3023,704,720,4010,4010,0,0,8840,3982,7200,7200,7200,7200,4013
2026-04-14T15:56:33,4024,1786,-11633,-2394,-2394,3023,454,470,4024,4024,0,0,8840,3982,7200,7200,7200,7200,4024
2026-04-14T15:56:38,4017,1824,-11608,-2391,-2391,3023,447,470,4017,4017,0,0,8840,3982,7200,7200,7200,7200,4016
2026-04-14T15:56:43,3997,1859,-11586,-2389,-2389,3023,458,495,3995,3995,0,0,8840,3982,7200,7200,7200,7200,3993
2026-04-14T15:56:48,3978,1894,-11559,-2386,-2386,3023,667,696,3978,3978,0,0,8840,3982,7200,7200,7200,7200,3978
2026-04-14T15:56:53,3985,1924,-11533,-2384,-2384,3023,698,720,3985,3987,0,0,8840,4002,7200,7200,7200,7200,3987
2026-04-14T15:56:58,4000,1959,-11508,-2381,-2381,3023,692,720,3999,3999,0,0,8840,4002,7200,7200,7200,7200,3999
2026-04-14T15:57:03,4024,1994,-11480,-2379,-2379,3023,423,445,4027,4027,0,0,8840,4002,7200,7200,7200,7200,4027
2026-04-14T15:57:09,4042,2031,-11453,-2376,-2376,3023,438,461,4042,4042,0,0,8840,4002,7200,7200,7200,7200,4043
2026-04-14T15:57:13,4045,2061,-11432,-2374,-2374,3023,427,443,4045,4045,0,0,8840,4002,7200,7200,7200,7200,4045
2026-04-14T15:57:18,4032,2096,-11406,-2371,-2371,3023,428,451,4031,4029,0,0,8840,4002,7200,7200,7200,7200,4029
2026-04-14T15:57:23,4017,2131,-11384,-2369,-2369,3023,412,442,4017,4017,0,0,8845,4024,7200,7200,7200,7200,4017
2026-04-14T15:57:32,NaN,2189,-11338,-2364,-2364,3023,360,390,NaN,NaN,0,0,8845,NaN,7200,7200,7200,7200,4118
2026-04-14T15:57:34,4155,2207,-11324,-2363,-2363,3023,328,358,4161,4161,0,0,8845,4024,7200,7200,7200,7200,4169
2026-04-14T15:57:39,4237,2241,-11298,-2361,-2361,3025,280,296,4242,4242,0,0,8845,4024,7200,7200,7200,7200,4249
2026-04-14T15:57:44,4305,2274,-11272,-2358,-2358,3023,266,296,4305,4305,0,0,8845,4024,7200,7200,7200,7200,4314
2026-04-14T15:57:49,4343,2310,-11249,-2356,-2356,3025,273,296,4348,4348,0,0,8845,4024,7200,7200,7200,7200,4349
2026-04-14T15:57:55,4363,2343,-11223,-2353,-2353,3025,257,279,4363,4363,0,0,8845,4205,7200,7200,7200,7200,4363
2026-04-14T15:58:00,4374,2379,-11197,-2350,-2350,3025,230,269,4375,4375,0,0,8845,4205,7200,7200,7200,7200,4376
2026-04-14T15:58:04,4396,2410,-11172,-2348,-2348,3025,246,269,4389,4389,31,31,8845,4205,7200,7200,7200,7200,4389
2026-04-14T15:58:09,4424,2444,-11148,-2346,-2346,3025,261,270,4424,4424,40,40,8845,4205,7200,7200,7200,7200,4424
2026-04-14T15:58:15,4448,2482,-11126,-2343,-2343,3025,260,269,4448,4448,40,40,8845,4205,7200,7200,7200,7200,4453
2026-04-14T15:58:19,4456,2513,-11100,-2341,-2341,3026,260,276,4456,4456,53,53,8845,4205,7200,7200,7200,7200,4457
2026-04-14T15:58:25,4445,2551,-11071,-2338,-2338,3026,457,466,4444,4444,106,120,8851,4413,7200,7200,7200,7200,4444
2026-04-14T15:58:30,4442,2583,-11046,-2335,-2335,3026,392,347,4442,4442,75,75,8851,4413,7200,7200,7200,7200,4441
2026-04-14T15:58:34,4440,2614,-11021,-2333,-2333,3026,345,347,4440,4440,75,75,8851,4413,7200,7200,7200,7200,4440
2026-04-14T15:58:39,4430,2649,-10999,-2331,-2331,3026,312,331,4430,4428,75,75,8851,4413,7200,7200,7200,7200,4428
2026-04-14T15:58:45,4416,2685,-10972,-2328,-2328,3026,277,295,4416,4416,75,75,8851,4413,7200,7200,7200,7200,4415
2026-04-14T15:58:49,4406,2716,-10945,-2326,-2326,3026,280,374,4405,4382,62,53,8851,4413,7200,7200,7200,7200,4382
2026-04-14T15:58:55,4385,2755,-10919,-2323,-2323,3025,253,277,4383,4381,31,31,8851,4425,7200,7200,7200,7200,4380
2026-04-14T16:15:00,4369,2787,-10894,NaN,NaN,3026,246,269,4369,4366,17,31,NaN,4425,7200,7200,7200,7200,4366
2026-04-14T16:15:02,4689,9350,-6151,-1839,-1839,1876,2324,2301,4691,4691,1917,1915,8909,4684,7200,7200,7200,7200,4690
2026-04-14T16:25:13,4253,13513,-3144,-1534,-1534,0,249,278,4253,4253,0,0,8946,4251,7200,7200,7200,7200,4253
2026-04-14T16:25:18,4254,13545,-3117,-1531,-1531,0,255,288,4254,4253,0,0,8946,4251,7200,7200,7200,7200,4253
2026-04-14T16:25:23,4251,13580,-3092,-1529,-1529,0,255,288,4253,4254,0,0,8952,4251,7200,7200,7200,7200,4254
2026-04-14T16:25:27,4244,13612,-3074,-1526,-1526,0,272,279,4244,4244,0,0,8952,4251,7200,7200,7200,7200,4244
2026-04-14T16:25:32,4245,13647,-3047,-1524,-1524,0,255,278,4246,4246,0,0,8952,4251,7200,7200,7200,7200,4246
2026-04-14T16:25:37,4247,13679,-3026,-1521,-1521,0,248,278,4249,4249,0,0,8952,4251,7200,7200,7200,7200,4249
2026-04-14T16:25:42,4256,13713,-3000,-1519,-1519,0,248,278,4256,4256,0,0,8952,4251,7200,7200,7200,7200,4256
2026-04-14T16:25:47,4258,13746,-2982,-1517,-1517,0,262,278,4258,4258,0,0,8952,4251,7200,7200,7200,7200,4258
2026-04-14T16:25:53,4254,13783,-2959,-1514,-1514,0,248,278,4254,4254,0,0,8952,4251,7200,7200,7200,7200,4254
2026-04-14T16:25:58,4250,13820,-2931,-1511,-1511,0,255,278,4249,4249,0,0,8952,4250,7200,7200,7200,7200,4250
2026-04-14T16:26:03,4253,13852,-2905,-1509,-1509,0,248,278,4254,4254,0,0,8952,4250,7200,7200,7200,7200,4256
2026-04-14T16:26:08,4264,13885,-2879,-1506,-1506,0,262,278,4264,4266,0,0,8952,4250,7200,7200,7200,7200,4266
2026-04-14T16:26:13,4270,13919,-2857,-1504,-1504,0,248,278,4269,4271,0,0,8952,4250,7200,7200,7200,7200,4271
2026-04-14T16:26:18,4269,13952,-2835,-1501,-1501,0,248,278,4270,4270,0,0,8952,4250,7200,7200,7200,7200,4270
2026-04-14T16:26:23,4265,13987,-2809,-1499,-1499,0,267,278,4265,4265,0,0,8958,4250,7200,7200,7200,7200,4266
2026-04-14T16:26:28,4261,14023,-2782,-1496,-1496,0,265,288,4261,4261,0,0,8958,4260,7200,7200,7200,7200,4262
2026-04-14T16:26:32,4258,14053,-2756,-1494,-1494,0,248,278,4257,4257,0,0,8958,4260,7200,7200,7200,7200,4257
2026-04-14T16:26:38,4250,14088,-2730,-1491,-1491,0,232,278,4250,4250,0,0,8958,4260,7200,7200,7200,7200,4249
2026-04-14T16:26:43,4235,14125,-2704,-1489,-1489,0,254,286,4233,4233,0,0,8958,4260,7200,7200,7200,7200,4233
2026-04-14T16:26:48,4202,14160,-2680,-1486,-1486,0,254,295,4202,4198,0,0,8958,4260,7200,7200,7200,7200,4196
2026-04-14T16:26:53,4161,14192,-2654,-1484,-1484,0,263,277,4159,4159,0,0,8958,4235,7200,7200,7200,7200,4155
2026-04-14T16:26:58,4121,14226,-2633,-1481,-1481,0,263,276,4121,4117,0,0,8958,4235,7200,7200,7200,7200,4115
2026-04-14T16:27:03,4066,14260,-2610,-1479,-1479,0,240,276,4062,4062,0,0,8958,4235,7200,7200,7200,7200,4057
2026-04-14T16:27:08,3983,14295,-2584,-1476,-1476,0,246,287,3977,3977,0,0,8958,4235,7200,7200,7200,7200,3971
2026-04-14T16:27:13,3855,14328,-2561,-1474,-1474,0,254,277,3836,3836,0,0,8958,4235,7200,7200,7200,7200,3823
2026-04-14T16:27:18,3674,14364,-2539,-1471,-1471,0,254,287,3674,3674,0,0,8958,4235,7200,7200,7200,7200,3661
2026-04-14T16:27:23,3520,14398,-2512,-1469,-1469,0,257,296,3520,3509,0,0,8964,4235,7200,7200,7200,7200,3498
2026-04-14T16:27:32,3394,14461,-2485,-1464,-1464,NaN,NaN,NaN,3384,3384,NaN,NaN,8964,3909,7200,7200,7200,7200,3379
2026-04-14T16:27:35,3278,14479,-2447,-1463,-1463,0,256,277,3275,3275,0,0,8964,3909,7200,7200,7200,7200,3274
2026-04-14T16:27:39,3240,14512,-2426,-1460,-1460,0,257,287,3240,3237,0,0,8964,3909,7200,7200,7200,7200,3232
2026-04-14T16:27:45,3202,14550,-2412,-1458,-1458,0,241,278,3202,3202,0,0,8964,3909,7200,7200,7200,7200,3194
2026-04-14T16:27:50,3177,14582,-2390,-1455,-1455,0,241,278,3177,3176,0,0,8964,3909,7200,7200,7200,7200,3175
2026-04-14T16:27:55,3153,14619,-2363,-1453,-1453,0,239,278,3151,3151,0,0,8964,3273,7200,7200,7200,7200,3150
2026-04-14T16:28:00,3131,14653,-2336,-1450,-1450,0,248,278,3131,3131,0,0,8964,3273,7200,7200,7200,7200,3132
2026-04-14T16:28:05,3124,14685,-2314,-1448,-1448,0,231,278,3124,3124,0,0,8964,3273,7200,7200,7200,7200,3124
2026-04-14T16:28:10,3107,14716,-2293,-1445,-1445,0,255,278,3107,3107,0,0,8964,3273,7200,7200,7200,7200,3107
2026-04-14T16:28:16,3070,14755,-2265,-1443,-1442,0,248,277,3067,3067,8,8,8964,3273,7200,7200,7200,7200,3062
2026-04-14T16:28:20,3005,14787,-2239,-1440,-1440,0,248,278,3005,3005,0,0,8964,3273,7200,7200,7200,7200,3001
2026-04-14T16:28:26,2955,14821,-2212,-1438,-1438,0,248,278,2955,2952,0,0,8968,3091,7200,7200,7200,7200,2950
2026-04-14T16:28:30,2926,14855,-2190,-1435,-1435,0,239,276,2926,2925,0,0,8968,3091,7200,7200,7200,7200,2905
2026-04-14T16:28:35,2912,14890,-2164,-1433,-1433,0,240,277,2913,2913,0,0,8968,3091,7200,7200,7200,7200,2913
2026-04-14T16:28:39,2900,14920,-2139,-1430,-1430,0,247,277,2897,2897,0,0,8968,3091,7200,7200,7200,7200,2895
2026-04-14T16:28:45,2854,14955,-2112,-1428,-1428,0,246,275,2851,2851,0,0,8968,3091,7200,7200,7200,7200,2846
2026-04-14T16:28:49,2791,14987,-2093,-1425,-1425,0,253,277,2791,2791,0,8,8968,3091,7200,7200,7200,7200,2791
2026-04-14T16:28:55,2750,15025,-2071,-1423,-1423,0,230,276,2750,2750,0,0,8968,2882,7200,7200,7200,7200,2740
2026-04-14T16:28:59,2701,15057,-2050,-1420,-1420,0,246,276,2701,2701,0,0,8968,2882,7200,7200,7200,7200,2700
2026-04-14T16:29:05,2672,15092,-2027,-1418,-1418,0,238,277,2667,2667,0,0,8968,2882,7200,7200,7200,7200,2667
2026-04-14T16:29:10,2647,15129,-2005,-1415,-1415,0,247,277,2647,2646,0,0,8968,2882,7200,7200,7200,7200,2643
2026-04-14T16:29:15,2647,15159,-1979,-1413,-1413,0,247,277,2647,2648,0,0,8968,2882,7200,7200,7200,7200,2650
2026-04-14T16:29:19,2660,15192,-1957,-1411,-1411,0,246,286,2661,2661,0,0,8968,2882,7200,7200,7200,7200,2656
2026-04-14T16:29:25,2662,15231,-1929,-1408,-1408,0,245,277,2662,2662,0,0,8971,2676,7200,7200,7200,7200,2664
2026-04-14T16:29:30,2668,15265,-1907,-1405,-1405,0,247,277,2669,2669,0,0,8971,2676,7200,7200,7200,7200,2656
2026-04-14T16:29:35,2675,15296,-1881,-1403,-1403,0,248,278,2675,2675,0,0,8971,2676,7200,7200,7200,7200,2676
2026-04-14T16:29:40,2687,15331,-1858,-1400,-1400,0,254,277,2689,2689,0,0,8971,2676,7200,7200,7200,7200,2690
2026-04-14T16:29:44,2702,15361,-1833,-1398,-1398,0,238,277,2702,2702,0,0,8971,2676,7200,7200,7200,7200,2703
2026-04-14T16:29:49,2710,15397,-1807,-1395,-1395,0,256,276,2710,2710,0,0,8971,2676,7200,7200,7200,7200,2711
2026-04-14T16:29:55,2699,15435,-1778,-1393,-1393,0,237,276,2699,2699,0,0,8971,2684,7200,7200,7200,7200,2693
2026-04-14T16:30:00,2661,15468,-1757,-1390,-1390,0,251,276,2661,2658,0,0,8971,2684,7200,7200,7200,7200,2658
2026-04-14T16:30:05,2624,15505,-1730,-1388,-1388,0,245,277,2622,2622,0,0,8971,2684,7200,7200,7200,7200,2622
2026-04-14T16:30:10,2607,15536,-1704,-1385,-1385,0,238,277,2608,2608,0,0,8971,2684,7200,7200,7200,7200,2608
2026-04-14T16:30:14,2592,15568,-1682,-1383,-1383,0,237,276,2594,2594,0,0,8971,2684,7200,7200,7200,7200,2601
2026-04-14T16:30:20,2609,15601,-1656,-1380,-1380,0,246,276,2609,2609,0,0,8971,2684,7200,7200,7200,7200,2609
2026-04-14T16:30:24,2603,15636,-1634,-1378,-1378,0,253,276,2603,2603,8,0,8975,2630,7200,7200,7200,7200,2601
2026-04-14T16:30:29,2585,15671,-1607,-1375,-1375,0,253,276,2585,2585,0,0,8975,2630,7200,7200,7200,7200,2584
2026-04-14T16:30:34,2561,15705,-1581,-1373,-1373,0,246,276,2559,2559,8,8,8975,2630,7200,7200,7200,7200,2557
2026-04-14T16:30:39,2514,15736,-1555,-1370,-1370,0,253,276,2512,2512,0,0,8975,2630,7200,7200,7200,7200,2506
2026-04-14T16:30:45,2444,15775,-1528,-1368,-1368,0,253,276,2444,2444,0,0,8975,2630,7200,7200,7200,7200,2440
2026-04-14T16:30:49,2391,15806,-1502,-1366,-1366,0,253,276,2387,2387,0,0,8975,2630,7200,7200,7200,7200,2382
2026-04-14T16:30:55,2335,15840,-1476,-1363,-1363,0,255,276,2333,2333,0,0,8975,2508,7200,7200,7200,7200,2333
2026-04-14T16:30:59,2309,15873,-1453,-1360,-1360,0,255,269,2309,2307,0,0,8975,2508,7200,7200,7200,7200,2307
2026-04-14T16:31:05,2287,15912,-1426,-1358,-1358,0,253,276,2285,2285,0,0,8975,2508,7200,7200,7200,7200,2284
2026-04-14T16:31:10,2266,15945,-1400,-1355,-1355,0,246,276,2263,2263,0,0,8975,2508,7200,7200,7200,7200,2262
2026-04-14T16:31:14,2248,15975,-1375,-1353,-1353,0,253,269,2249,2249,0,0,8975,2508,7200,7200,7200,7200,2248
2026-04-14T16:31:19,2242,16012,-1348,-1350,-1350,0,253,276,2242,2242,0,0,8975,2508,7200,7200,7200,7200,2241
2026-04-14T16:31:26,2228,16050,-1324,-1348,-1348,0,253,276,2225,2222,0,0,8978,2278,7200,7200,7200,7200,2218
2026-04-14T16:31:29,2200,16079,-1300,-1345,-1345,0,253,276,2200,2200,0,0,8978,2278,7200,7200,7200,7200,2193
2026-04-14T16:31:34,2162,16112,-1285,-1343,-1343,0,253,276,2162,2162,0,0,8978,2278,7200,7200,7200,7200,2162
2026-04-14T16:31:39,2128,16146,-1260,-1341,-1341,0,253,276,2128,2128,0,0,8978,2278,7200,7200,7200,7200,2122
2026-04-14T16:31:44,2100,16182,-1233,-1338,-1338,0,243,276,2097,2097,0,0,8978,2278,7200,7200,7200,7200,2096
2026-04-14T16:31:49,2086,16215,-1206,-1335,-1335,0,252,274,2086,2086,0,0,8978,2278,7200,7200,7200,7200,2085
2026-04-14T16:31:55,2071,16254,-1178,-1333,-1333,0,231,277,2071,2071,0,0,8978,2146,7200,7200,7200,7200,2070
2026-04-14T16:31:59,2060,16284,-1154,-1330,-1331,0,253,276,2058,2058,0,0,8978,2146,7200,7200,7200,7200,2055
2026-04-14T16:32:05,2031,16320,-1127,-1328,-1328,0,238,276,2031,2031,0,0,8978,2146,7200,7200,7200,7200,2027
2026-04-14T16:32:09,2003,16350,-1101,-1326,-1326,0,240,277,2003,2000,0,0,8978,2146,7200,7200,7200,7200,2000
2026-04-14T16:32:15,1962,16390,-1078,-1323,-1323,0,246,276,1962,1962,0,0,8978,2146,7200,7200,7200,7200,1962
2026-04-14T16:32:19,1920,16420,-1053,-1321,-1321,0,263,276,1911,1911,0,0,8978,2146,7200,7200,7200,7200,1904
2026-04-14T16:32:24,1874,16454,-1026,-1318,-1318,0,247,286,1870,1870,0,0,8980,2000,7200,7200,7200,7200,1865
2026-04-14T16:32:29,1826,16487,-1000,-1315,-1315,0,253,276,1823,1823,0,0,8980,2000,7200,7200,7200,7200,1823
2026-04-14T16:32:35,1788,16525,-974,-1313,-1313,0,246,276,1788,1788,0,0,8980,2000,7200,7200,7200,7200,1787
2026-04-14T16:32:39,1775,16556,-947,-1311,-1310,0,237,276,1775,1775,0,0,8980,2000,7200,7200,7200,7200,1775
2026-04-14T16:32:45,1785,16593,-919,-1308,-1308,0,246,276,1787,1788,0,0,8980,2000,7200,7200,7200,7200,1788
2026-04-14T16:32:49,1811,16623,-894,-1305,-1305,0,246,276,1814,1814,0,0,8980,2000,7200,7200,7200,7200,1816
2026-04-14T16:32:55,1833,16661,-867,-1303,-1303,0,239,276,1834,1835,0,0,8980,1808,7200,7200,7200,7200,1835
2026-04-14T16:32:59,1842,16692,-842,-1300,-1301,0,246,276,1842,1842,8,0,8980,1808,7200,7200,7200,7200,1842
2026-04-14T16:33:05,1834,16728,-815,-1298,-1298,0,239,269,1834,1837,0,0,8980,1808,7200,7200,7200,7200,1844
2026-04-14T16:33:10,1843,16765,-788,-1295,-1295,0,246,269,1843,1843,0,0,8980,1808,7200,7200,7200,7200,1845
2026-04-14T16:33:15,1845,16799,-765,-1293,-1293,0,253,276,1845,1845,0,0,8980,1808,7200,7200,7200,7200,1845
2026-04-14T16:33:20,1842,16831,-744,-1290,-1290,0,246,276,1842,1842,0,0,8980,1808,7200,7200,7200,7200,1842
2026-04-14T16:33:25,1848,16867,-717,-1288,-1288,0,232,269,1848,1848,0,0,8982,1840,7200,7200,7200,7200,1846
2026-04-14T16:33:29,1846,16898,-692,-1285,-1285,0,253,276,1846,1846,0,0,8982,1840,7200,7200,7200,7200,1847
2026-04-14T16:33:35,1844,16935,-664,-1283,-1283,0,246,276,1844,1844,0,0,8982,1840,7200,7200,7200,7200,1846
2026-04-14T16:33:39,1853,16965,-640,-1280,-1280,0,246,276,1853,1853,0,0,8982,1840,7200,7200,7200,7200,1853
2026-04-14T16:33:46,1853,17005,-616,-1278,-1277,0,246,276,1853,1853,0,0,8982,1840,7200,7200,7200,7200,1853
2026-04-14T16:33:50,1847,17036,-590,-1275,-1275,0,253,276,1848,1848,0,0,8982,1840,7200,7200,7200,7200,1850
2026-04-14T16:33:55,1847,17071,-563,-1273,-1273,0,239,277,1847,1847,0,0,8982,1848,7200,7200,7200,7200,1848
2026-04-14T16:33:59,1845,17100,-538,-1270,-1270,0,246,276,1846,1845,0,0,8982,1848,7200,7200,7200,7200,1845
2026-04-14T16:34:04,1838,17137,-512,-1268,-1268,0,239,276,1838,1838,0,0,8982,1848,7200,7200,7200,7200,1839
2026-04-14T16:34:10,1825,17174,-489,-1265,-1265,0,246,276,1826,1826,0,0,8982,1848,7200,7200,7200,7200,1828
2026-04-14T16:34:15,1829,17206,-461,-1263,-1263,0,239,275,1829,1829,0,0,8982,1848,7200,7200,7200,7200,1828
2026-04-14T16:34:19,1820,17236,-437,-1261,-1260,0,261,277,1819,1819,0,0,8982,1848,7200,7200,7200,7200,1819
2026-04-14T16:34:25,1820,17273,-411,-1258,-1258,0,246,276,1820,1820,0,0,8984,1833,7200,7200,7200,7200,1821
2026-04-14T16:34:30,1837,17310,-387,-1255,-1255,0,253,276,1837,1837,0,0,8984,1833,7200,7200,7200,7200,1838
2026-04-14T16:34:35,1865,17341,-361,-1253,-1253,0,237,276,1865,1867,0,0,8984,1833,7200,7200,7200,7200,1869
2026-04-14T16:34:40,1898,17376,-335,-1250,-1250,0,254,277,1898,1900,0,0,8984,1833,7200,7200,7200,7200,1903
2026-04-14T16:34:46,1935,17414,-311,-1248,-1247,0,246,276,1940,1940,0,0,8984,1833,7200,7200,7200,7200,1943
2026-04-14T16:34:50,1969,17444,-290,-1245,-1245,0,246,276,1969,1970,0,0,8984,1833,7200,7200,7200,7200,1975
2026-04-14T16:34:55,1996,17480,-268,-1243,-1243,0,270,277,1996,1996,0,0,8984,1890,7200,7200,7200,7200,1996
2026-04-14T16:35:00,2022,17514,-242,-1240,-1240,0,261,277,2022,2022,8,8,8984,1890,7200,7200,7200,7200,2022
2026-04-14T16:35:05,2027,17544,-216,-1238,-1238,0,253,276,2027,2027,0,0,8984,1890,7200,7200,7200,7200,2029
2026-04-14T16:35:10,2025,17580,-189,-1235,-1235,0,253,276,2025,2024,0,0,8984,1890,7200,7200,7200,7200,2025
2026-04-14T16:35:15,2024,17613,-162,-1233,-1233,0,229,276,2024,2023,0,0,8984,1890,7200,7200,7200,7200,2021
2026-04-14T16:35:20,2026,17649,-136,-1230,-1230,0,245,276,2026,2026,0,0,8984,1890,7200,7200,7200,7200,2026
2026-04-14T16:35:24,2024,17681,-110,-1228,-1228,0,246,276,2024,2024,0,0,8986,2021,7200,7200,7200,7200,2017
2026-04-14T16:35:29,2022,17715,-84,-1225,-1225,0,239,277,2022,2022,0,0,8986,2021,7200,7200,7200,7200,2022
2026-04-14T16:35:34,2020,17748,-58,-1223,-1223,0,246,276,2020,2018,0,0,8986,2021,7200,7200,7200,7200,2018
2026-04-14T16:35:39,2011,17784,-36,-1220,-1220,0,253,276,2011,2011,0,0,8986,2021,7200,7200,7200,7200,2011
2026-04-14T16:35:44,2014,17818,-9,-1218,-1218,0,251,274,2015,2015,0,0,8986,2021,7200,7200,7200,7200,2015
2026-04-14T16:35:50,2021,17850,16,-1215,-1215,0,247,277,2021,2021,0,0,8986,2021,7200,7200,7200,7200,2021
2026-04-14T16:35:55,2024,17889,41,-1213,-1213,0,254,277,2024,2024,0,0,8986,2018,7200,7200,7200,7200,2022
2026-04-14T16:35:59,2030,17920,61,-1210,-1210,0,247,286,2030,2033,0,0,8986,2018,7200,7200,7200,7200,2034
2026-04-14T16:36:05,2042,17957,89,-1208,-1208,0,247,277,2042,2042,0,0,8986,2018,7200,7200,7200,7200,2044
2026-04-14T16:36:09,2051,17986,110,-1205,-1205,0,247,277,2051,2052,0,0,8986,2018,7200,7200,7200,7200,2052
2026-04-14T16:36:15,2045,18025,138,-1203,-1203,0,247,277,2045,2045,0,0,8986,2018,7200,7200,7200,7200,2046
2026-04-14T16:36:19,2041,18055,162,-1201,-1201,0,247,277,2041,2042,0,0,8986,2018,7200,7200,7200,7200,2042
2026-04-14T16:36:25,2037,18090,190,-1198,-1198,0,247,277,2040,2040,0,0,8989,2039,7200,7200,7200,7200,2039
2026-04-14T16:36:29,2043,18123,216,-1195,-1195,0,254,277,2043,2043,0,0,8989,2039,7200,7200,7200,7200,2042
2026-04-14T16:36:35,2065,18160,243,-1193,-1193,0,254,277,2070,2070,0,0,8989,2039,7200,7200,7200,7200,2073
2026-04-14T16:36:40,2108,18195,268,-1190,-1190,0,251,274,2108,2108,0,0,8989,2039,7200,7200,7200,7200,2111
2026-04-14T16:36:44,2161,18226,294,-1188,-1188,0,253,276,2161,2161,0,0,8989,2039,7200,7200,7200,7200,2163
2026-04-14T16:36:50,2214,18264,321,-1185,-1185,0,247,276,2214,2218,0,0,8989,2039,7200,7200,7200,7200,2218
2026-04-14T16:36:55,2223,18299,348,-1183,-1183,0,247,277,2217,2217,0,0,8989,2109,7200,7200,7200,7200,2218
2026-04-14T16:37:00,2228,18331,374,-1180,-1180,0,238,276,2227,2227,0,0,8989,2109,7200,7200,7200,7200,2226
2026-04-14T16:37:04,2210,18361,399,-1178,-1178,0,259,275,2210,2210,0,0,8989,2109,7200,7200,7200,7200,2208
2026-04-14T16:37:10,2219,18399,423,-1175,-1175,0,253,277,2219,2219,0,0,8989,2109,7200,7200,7200,7200,2218
2026-04-14T16:37:15,2233,18432,449,-1173,-1173,0,247,277,2236,2236,0,0,8989,2109,7200,7200,7200,7200,2236
2026-04-14T16:37:19,2261,18464,475,-1170,-1170,0,254,277,2261,2261,0,0,8989,2109,7200,7200,7200,7200,2264
2026-04-14T16:37:24,2282,18499,501,-1168,-1168,0,247,277,2284,2284,0,0,8991,2231,7200,7200,7200,7200,2271
2026-04-14T16:37:30,2297,18533,523,-1165,-1165,0,268,277,2297,2297,0,0,8991,2231,7200,7200,7200,7200,2300
2026-04-14T16:37:35,2321,18568,550,-1163,-1163,0,257,278,2318,2318,0,0,8991,2231,7200,7200,7200,7200,2320
2026-04-14T16:37:39,2335,18600,576,-1160,-1160,0,254,277,2335,2333,0,0,8991,2231,7200,7200,7200,7200,2333
2026-04-14T16:37:45,2340,18637,602,-1158,-1158,0,255,278,2340,2340,0,0,8991,2231,7200,7200,7200,7200,2340
2026-04-14T16:37:50,2345,18670,624,-1155,-1155,0,249,278,2345,2345,0,0,8991,2231,7200,7200,7200,7200,2346
2026-04-14T16:37:54,2354,18704,651,-1153,-1153,0,248,278,2355,2355,0,0,8991,2321,7200,7200,7200,7200,2355
2026-04-14T16:38:02,2347,18737,677,-1150,-1150,0,248,278,2347,2347,0,0,8991,2321,7200,NaN,NaN,NaN,2348
2026-04-14T16:38:06,NaN,18784,705,-1147,-1147,0,255,278,NaN,2345,0,0,8991,2321,7200,7200,7200,7200,2344
2026-04-14T16:38:10,2344,18809,722,-1145,-1145,0,262,278,2343,2343,0,0,8991,2321,7200,7200,7200,7200,2343
2026-04-14T16:38:15,2350,18843,750,-1143,-1143,0,255,278,2350,2350,0,0,8991,2321,7200,7200,7200,7200,2350
2026-04-14T16:38:20,2359,18878,777,-1140,-1140,0,254,277,2359,2359,0,0,8991,2321,7200,7200,7200,7200,2348
2026-04-14T16:38:26,2369,18914,803,-1137,-1137,0,254,277,2369,2370,0,0,8994,2349,7200,7200,7200,7200,2370
2026-04-14T16:38:29,2373,18942,828,-1135,-1135,0,254,277,2373,2373,0,0,8994,2349,7200,7200,7200,7200,2375
2026-04-14T16:38:34,2370,18975,854,-1133,-1133,0,261,277,2370,2370,0,0,8994,2349,7200,7200,7200,7200,2369
2026-04-14T16:38:40,2361,19015,881,-1130,-1130,0,254,277,2361,2361,0,0,8994,2349,7200,7200,7200,7200,2361
2026-04-14T16:38:45,2357,19049,908,-1128,-1128,0,247,277,2356,2356,0,0,8994,2349,7200,7200,7200,7200,2355
2026-04-14T16:38:50,2343,19080,933,-1125,-1125,0,246,278,2343,2343,0,0,8994,2349,7200,7200,7200,7200,2331
2026-04-14T16:38:55,2346,19111,959,-1123,-1123,0,248,278,2347,2347,0,0,8994,2360,7200,7200,7200,7200,2346
2026-04-14T16:39:00,2341,19149,986,-1120,-1120,0,255,278,2342,2342,0,0,8994,2360,7200,7200,7200,7200,2342
2026-04-14T16:39:06,2339,19185,1009,-1117,-1117,0,248,278,2339,2339,0,8,8994,2360,7200,7200,7200,7200,2339
2026-04-14T16:39:09,2341,19214,1034,-1115,-1115,0,255,296,2341,2341,0,0,8994,2360,7200,7200,7200,7200,2339
2026-04-14T16:39:15,2322,19252,1060,-1113,-1113,0,257,278,2322,2322,0,0,8994,2360,7200,7200,7200,7200,2321
2026-04-14T16:39:20,2295,19284,1086,-1110,-1110,0,256,277,2295,2295,0,0,8994,2360,7200,7200,7200,7200,2293
2026-04-14T16:39:25,2267,19317,1113,-1108,-1108,0,247,277,2267,2265,0,0,8997,2327,7200,7200,7200,7200,2265
2026-04-14T16:39:30,2242,19352,1140,-1105,-1105,0,261,277,2242,2242,0,0,8997,2327,7200,7200,7200,7200,2240
2026-04-14T16:39:35,2221,19389,1166,-1103,-1103,0,247,277,2218,2218,0,0,8997,2327,7200,7200,7200,7200,2218
2026-04-14T16:39:39,2206,19419,1192,-1100,-1100,0,254,277,2206,2206,0,0,8997,2327,7200,7200,7200,7200,2205
2026-04-14T16:39:45,2197,19454,1218,-1098,-1098,0,254,277,2197,2197,0,0,8997,2327,7200,7200,7200,7200,2195
2026-04-14T16:39:49,2189,19486,1240,-1095,-1095,0,262,278,2189,2189,0,0,8997,2327,7200,7200,7200,7200,2189
2026-04-14T16:39:54,2191,19520,1266,-1093,-1093,0,255,278,2191,2191,0,0,8997,2217,7200,7200,7200,7200,2191
2026-04-14T16:39:59,2191,19557,1294,-1090,-1090,0,248,278,2191,2191,0,0,8997,2217,7200,7200,7200,7200,2191
2026-04-14T16:40:06,2185,19595,1321,-1087,-1087,0,262,277,2185,2185,0,0,8997,2217,7200,7200,7200,7200,2184
2026-04-14T16:40:10,2177,19627,1347,-1085,-1085,0,261,277,2177,2177,0,0,8997,2217,7200,7200,7200,7200,2177
2026-04-14T16:40:15,2163,19660,1370,-1083,-1083,0,262,278,2164,2164,0,0,8997,2217,7200,7200,7200,7200,2162
2026-04-14T16:40:20,2133,19695,1396,-1080,-1080,0,247,277,2138,2138,0,0,8997,2217,7200,7200,7200,7200,2140
2026-04-14T16:40:24,2131,19725,1417,-1078,-1078,0,247,277,2130,2130,0,0,9000,2173,7200,7200,7200,7200,2130
2026-04-14T16:40:30,2111,19763,1444,-1075,-1075,0,254,277,2111,2111,0,0,9000,2173,7200,7200,7200,7200,2110
2026-04-14T16:40:35,2117,19796,1468,-1073,-1073,0,247,277,2117,2117,0,0,9000,2173,7200,7200,7200,7200,2117
2026-04-14T16:40:39,2120,19828,1488,-1070,-1070,0,247,277,2120,2120,0,0,9000,2173,7200,7200,7200,7200,2120
2026-04-14T16:40:45,2126,19867,1510,-1068,-1068,0,245,277,2126,2126,0,0,9000,2173,7200,7200,7200,7200,2127
2026-04-14T16:40:50,2118,19899,1532,-1065,-1065,0,248,278,2116,2116,0,0,9000,2173,7200,7200,7200,7200,2119
2026-04-14T16:40:55,2122,19935,1559,-1063,-1062,0,248,278,2122,2122,0,0,9000,2120,7200,7200,7200,7200,2123
2026-04-14T16:41:00,2111,19967,1585,-1060,-1060,0,255,278,2111,2111,0,0,9000,2120,7200,7200,7200,7200,2110
2026-04-14T16:41:04,2089,19997,1611,-1058,-1058,0,255,278,2089,2089,0,0,9000,2120,7200,7200,7200,7200,2089
2026-04-14T16:41:10,2085,20036,1638,-1055,-1055,0,262,278,2085,2083,0,0,9000,2120,7200,7200,7200,7200,2082
2026-04-14T16:41:15,2076,20071,1666,-1052,-1052,0,255,278,2076,2075,0,0,9000,2120,7200,7200,7200,7200,2073
2026-04-14T16:41:20,2081,20104,1691,-1050,-1050,0,247,277,2081,2082,0,0,9000,2120,7200,7200,7200,7200,2082
2026-04-14T16:41:25,2096,20139,1719,-1048,-1048,0,253,277,2096,2097,8,8,9003,2092,7200,7200,7200,7200,2096
2026-04-14T16:41:30,2114,20170,1743,-1045,-1045,0,264,287,2114,2114,0,0,9003,2092,7200,7200,7200,7200,2118
2026-04-14T16:41:36,2121,20207,1770,-1043,-1042,0,247,277,2123,2123,0,0,9003,2092,7200,7200,7200,7200,2124
2026-04-14T16:41:39,2130,20236,1795,-1040,-1040,0,240,277,2131,2131,0,0,9003,2092,7200,7200,7200,7200,2132
2026-04-14T16:41:45,2143,20277,1823,-1038,-1037,0,254,277,2141,2141,0,0,9003,2092,7200,7200,7200,7200,2140
2026-04-14T16:41:50,2145,20309,1845,-1035,-1035,0,247,277,2145,2145,0,0,9003,2092,7200,7200,7200,7200,2145
2026-04-14T16:41:54,2149,20340,1871,-1033,-1033,0,238,276,2149,2151,0,0,9003,2125,7200,7200,7200,7200,2151
2026-04-14T16:41:59,2168,20373,1897,-1030,-1030,0,238,277,2166,2166,0,0,9003,2125,7200,7200,7200,7200,2169
2026-04-14T16:42:05,2204,20410,1923,-1028,-1028,0,257,277,2206,2206,0,0,9003,2125,7200,7200,7200,7200,2209
2026-04-14T16:42:10,2220,20443,1945,-1025,-1025,0,247,277,2220,2229,0,0,9003,2125,7200,7200,7200,7200,2233
2026-04-14T16:42:15,2277,20480,1965,-1023,-1023,0,254,277,2281,2281,0,0,9003,2125,7200,7200,7200,7200,2285
2026-04-14T16:42:19,2312,20509,1989,-1020,-1020,0,254,277,2314,2314,0,0,9003,2125,7200,7200,7200,7200,2317
2026-04-14T16:42:25,2336,20548,2017,-1018,-1018,0,254,277,2336,2336,0,0,9006,2228,7200,7200,7200,7200,2338
2026-04-14T16:42:34,NaN,20610,2067,-1013,-1013,0,254,277,NaN,NaN,0,0,9006,NaN,7200,7200,7200,7200,NaN
2026-04-14T16:42:36,2369,20625,2078,-1012,-1012,0,254,277,2369,2369,0,0,9006,2228,7200,7200,7200,7200,2370
2026-04-14T16:42:41,2375,20657,2104,-1010,-1010,0,247,277,2374,2374,0,0,9006,2228,7200,7200,7200,7200,2376
2026-04-14T16:42:46,2375,20694,2130,-1007,-1007,0,254,277,2376,2376,0,0,9006,2228,7200,7200,7200,7200,2376
2026-04-14T16:42:51,2364,20725,2156,-1005,-1005,0,247,277,2355,2355,0,0,9006,2228,7200,7200,7200,7200,2360
2026-04-14T16:42:56,2361,20759,2182,-1002,-1002,0,246,276,2361,2361,0,0,9006,2362,7200,7200,7200,7200,2361
2026-04-14T16:43:01,2358,20793,2209,-1000,-1000,0,246,276,2361,2361,0,0,9006,2362,7200,7200,7200,7200,2361
2026-04-14T16:43:06,2365,20828,2235,-997,-997,0,247,270,2365,2365,0,0,9006,2362,7200,7200,7200,7200,2365
2026-04-14T16:43:11,2365,20862,2261,-995,-995,0,247,277,2367,2367,0,0,9006,2362,7200,7200,7200,7200,2367
2026-04-14T16:43:16,2373,20895,2288,-992,-992,0,240,287,2373,2379,0,0,9006,2362,7200,7200,7200,7200,2382
2026-04-14T16:43:21,2397,20929,2314,-990,-990,0,247,287,2397,2397,0,0,9008,2362,7200,7200,7200,7200,2391
2026-04-14T16:43:26,2391,20964,2336,-987,-987,0,254,277,2391,2391,0,8,9008,2369,7200,7200,7200,7200,2391
2026-04-14T16:43:31,2395,20998,2363,-985,-985,0,257,277,2401,2401,0,0,9008,2369,7200,7200,7200,7200,2401
2026-04-14T16:43:36,2398,21030,2385,-982,-982,0,254,277,2394,2394,0,0,9008,2369,7200,7200,7200,7200,2394
2026-04-14T16:43:41,2389,21067,2404,-980,-980,0,233,276,2389,2388,0,0,9008,2369,7200,7200,7200,7200,2393
2026-04-14T16:43:46,2411,21100,2429,-977,-977,0,254,277,2414,2414,0,0,9008,2369,7200,7200,7200,7200,2417
2026-04-14T16:43:52,2446,21138,2457,-974,-974,0,229,270,2448,2448,0,0,9008,2369,7200,7200,7200,7200,2453
2026-04-14T16:43:56,2474,21166,2482,-972,-972,0,247,277,2466,2466,0,0,9008,2403,7200,7200,7200,7200,2448
2026-04-14T16:44:01,2463,21203,2508,-970,-970,0,254,277,2463,2463,8,0,9008,2403,7200,7200,7200,7200,2454
2026-04-14T16:44:06,2483,21236,2534,-967,-967,0,231,277,2483,2473,0,0,9008,2403,7200,7200,7200,7200,2473
2026-04-14T16:44:11,2490,21270,2562,-965,-965,0,246,277,2490,2476,0,0,9008,2403,7200,7200,7200,7200,2469
2026-04-14T16:44:17,2494,21308,2588,-962,-962,0,263,276,2494,2494,0,0,9008,2403,7200,7200,7200,7200,2488
2026-04-14T16:44:22,2478,21343,2615,-959,-959,0,254,277,2487,2498,0,0,9011,2403,7200,7200,7200,7200,2510
2026-04-14T16:44:26,2568,21374,2641,-957,-957,0,245,277,2568,2568,0,0,9011,2476,7200,7200,7200,7200,2585
2026-04-14T16:44:31,2609,21405,2663,-955,-955,0,239,277,2609,2609,0,0,9011,2476,7200,7200,7200,7200,2609
2026-04-14T16:44:36,2669,21439,2688,-952,-952,0,245,275,2669,2669,0,0,9011,2476,7200,7200,7200,7200,2672
2026-04-14T16:44:42,2662,21479,2716,-949,-949,0,231,275,2661,2661,0,0,9011,2476,7200,7200,7200,7200,2668
2026-04-14T16:44:46,2685,21508,2741,-947,-947,0,238,268,2685,2685,0,0,9011,2476,7200,7200,7200,7200,2685
2026-04-14T16:44:52,2649,21545,2769,-944,-944,0,238,276,2652,2652,0,0,9011,2476,7200,7200,7200,7200,2641
2026-04-14T16:44:57,2599,21580,2795,-942,-942,0,246,285,2606,2606,0,0,9011,2637,7200,7200,7200,7200,2613
2026-04-14T16:45:02,2590,21614,2821,-939,-939,0,802,824,2590,2590,0,0,9011,2637,7200,7200,7200,7200,2589
2026-04-14T16:45:06,2569,21646,2842,-937,-937,0,881,914,2569,2569,0,0,9011,2637,7200,7200,7200,7200,2578
2026-04-14T16:45:11,2545,21680,2870,-934,-934,0,889,920,2545,2541,0,0,9011,2637,7200,7200,7200,7200,2542
2026-04-14T16:45:16,2534,21715,2895,-932,-932,0,896,943,2534,2538,0,0,9011,2637,7200,7200,7200,7200,2546
2026-04-14T16:45:21,2558,21747,2921,-930,-930,0,905,945,2559,2559,0,0,9011,2637,7200,7200,7200,7200,2562
2026-04-14T16:45:26,2571,21781,2939,-927,-927,0,905,911,2571,2571,0,0,9014,2572,7200,7200,7200,7200,2568
2026-04-14T16:45:32,2594,21819,2962,-924,-924,0,873,894,2596,2596,0,0,9014,2572,7200,7200,7200,7200,2597
2026-04-14T16:45:37,2612,21853,2988,-922,-922,0,839,878,2612,2612,0,0,9014,2572,7200,7200,7200,7200,2618
2026-04-14T16:45:41,2634,21884,3014,-920,-920,0,855,885,2634,2637,0,0,9014,2572,7200,7200,7200,7200,2637
2026-04-14T16:45:46,2661,21916,3041,-917,-917,0,821,844,2661,2661,0,0,9014,2572,7200,7200,7200,7200,2661
2026-04-14T16:45:52,2680,21955,3069,-914,-914,0,848,863,2680,2681,0,0,9014,2572,7200,7200,7200,7200,2681
2026-04-14T16:45:57,2706,21988,3095,-912,-912,0,806,828,2704,2704,0,0,9014,2621,7200,7200,7200,7200,2701
2026-04-14T16:46:02,2745,22024,3121,-909,-909,0,755,784,2745,2742,0,0,9014,2621,7200,7200,7200,7200,2743
2026-04-14T16:46:06,2754,22055,3147,-907,-907,0,770,793,2754,2760,0,0,9014,2621,7200,7200,7200,7200,2760
2026-04-14T16:46:11,2794,22089,3172,-905,-905,0,735,765,2802,2802,0,0,9014,2621,7200,7200,7200,7200,2802
2026-04-14T16:46:16,2761,22122,3194,-902,-902,0,750,773,2761,2766,0,0,9014,2621,7200,7200,7200,7200,2766
2026-04-14T16:46:22,2734,22163,3223,-899,-899,0,735,772,2725,2725,0,0,9018,2621,7200,7200,7200,7200,2733
2026-04-14T16:46:26,2721,22192,3248,-897,-897,0,747,769,2721,2721,0,0,9018,2751,7200,7200,7200,7200,2736
2026-04-14T16:46:32,2727,22229,3275,-894,-894,0,730,769,2727,2727,0,0,9018,2751,7200,7200,7200,7200,2730
2026-04-14T16:46:36,2737,22260,3297,-892,-892,0,742,781,2737,2737,0,0,9018,2751,7200,7200,7200,7200,2737
2026-04-14T16:46:42,2709,22298,3320,-889,-889,0,759,782,2709,2709,0,0,9018,2751,7200,7200,7200,7200,2692
2026-04-14T16:46:47,2703,22331,3345,-887,-887,0,780,800,2703,2703,0,0,9018,2751,7200,7200,7200,7200,2689
2026-04-14T16:46:51,2711,22362,3372,-885,-885,0,780,807,2706,2706,0,0,9018,2751,7200,7200,7200,7200,2698
2026-04-14T16:46:56,2725,22395,3397,-882,-882,0,778,817,2725,2725,0,0,9018,2719,7200,7200,7200,7200,2713
2026-04-14T16:47:02,2713,22430,3416,-880,-879,0,772,818,2713,2713,0,0,9018,2719,7200,7200,7200,7200,2713
2026-04-14T16:47:07,2709,22466,3443,-877,-877,0,751,807,2712,2712,0,0,9018,2719,7200,7200,7200,7200,2708
2026-04-14T16:47:12,2699,22501,3467,-874,-874,0,760,818,2699,2699,0,0,9018,2719,7200,7200,7200,7200,2697
2026-04-14T16:47:16,2673,22531,3491,-872,-872,0,800,823,2673,2668,0,0,9018,2719,7200,7200,7200,7200,2665
2026-04-14T16:47:21,2691,22567,3517,-870,-870,0,794,824,2689,2689,0,0,9018,2719,7200,7200,7200,7200,2689
2026-04-14T16:47:26,2698,22602,3543,-867,-867,0,758,797,2688,2688,0,0,9021,2696,7200,7200,7200,7200,2685
2026-04-14T16:47:31,2768,22635,3566,-864,-864,0,724,735,2782,2782,0,0,9021,2696,7200,7200,7200,7200,2798
2026-04-14T16:47:36,2820,22668,3593,-862,-862,0,687,726,2820,2828,0,0,9021,2696,7200,7200,7200,7200,2840
2026-04-14T16:47:41,2883,22704,3619,-860,-859,0,426,442,2883,2883,0,0,9021,2696,7200,7200,7200,7200,2877
2026-04-14T16:47:47,2882,22740,3645,-857,-857,0,419,442,2891,2891,0,0,9021,2696,7200,7200,7200,7200,2914
2026-04-14T16:47:51,2911,22770,3667,-855,-855,0,403,435,2911,2910,0,0,9021,2696,7200,7200,7200,7200,2911
2026-04-14T16:47:56,2905,22807,3690,-852,-852,0,419,435,2905,2905,0,0,9021,2830,7200,7200,7200,7200,2904
2026-04-14T16:48:02,2904,22843,3716,-849,-849,0,405,435,2909,2909,0,0,9021,2830,7200,7200,7200,7200,2908
2026-04-14T16:48:07,2899,22876,3743,-847,-847,0,412,435,2906,2919,0,0,9021,2830,7200,7200,7200,7200,2919
2026-04-14T16:48:12,2924,22911,3765,-844,-844,0,386,418,2924,2924,0,0,9021,2830,7200,7200,7200,7200,2931
2026-04-14T16:48:16,2922,22940,3791,-842,-842,0,405,428,2922,2922,0,0,9021,2830,7200,7200,7200,7200,2922
2026-04-14T16:48:22,2910,22980,3814,-839,-839,0,395,427,2903,2903,0,0,9025,2830,7200,7200,7200,7200,2903
2026-04-14T16:48:26,2934,23009,3835,-837,-837,0,404,427,2934,2934,0,0,9025,2914,7200,7200,7200,7200,2921
2026-04-14T16:48:31,2920,23044,3858,-834,-834,0,406,428,2912,2912,0,0,9025,2914,7200,7200,7200,7200,2907
2026-04-14T16:48:36,2913,23077,3879,-832,-832,0,400,430,2912,2912,0,0,9025,2914,7200,7200,7200,7200,2906
2026-04-14T16:48:41,2894,23110,3901,-830,-830,0,393,430,2894,2894,0,0,9025,2914,7200,7200,7200,7200,2894
2026-04-14T16:48:46,2884,23144,3928,-827,-827,0,414,445,2884,2884,0,0,9025,2914,7200,7200,7200,7200,2887
2026-04-14T16:48:52,2886,23182,3955,-824,-824,0,406,431,2886,2886,0,0,9025,2914,7200,7200,7200,7200,2887
2026-04-14T16:48:56,2882,23216,3982,-822,-822,0,422,445,2881,2881,0,0,9025,2905,7200,7200,7200,7200,2880
2026-04-14T16:49:01,2883,23249,4007,-820,-820,0,408,446,2883,2883,0,0,9025,2905,7200,7200,7200,7200,2883
2026-04-14T16:49:06,2885,23282,4026,-817,-817,0,414,452,2885,2885,0,0,9025,2905,7200,7200,7200,7200,2883
2026-04-14T16:49:11,2886,23315,4047,-815,-815,0,433,471,2886,2886,0,0,9025,2905,7200,7200,7200,7200,2880
2026-04-14T16:49:16,2788,23350,4075,-812,-812,0,500,531,2788,2791,0,0,9025,2905,7200,7200,7200,7200,2791
2026-04-14T16:49:21,2837,23383,4100,-810,-810,0,415,431,2837,2815,0,0,9025,2905,7200,7200,7200,7200,2815
2026-04-14T16:49:26,2885,23416,4127,-807,-807,0,480,531,2865,2865,0,0,9028,2873,7200,7200,7200,7200,2865
2026-04-14T16:49:31,2927,23451,4154,-805,-805,0,380,402,2913,2913,0,0,9028,2873,7200,7200,7200,7200,2897
2026-04-14T16:49:36,2889,23487,4181,-802,-802,0,430,453,2889,2891,0,0,9028,2873,7200,7200,7200,7200,2891
2026-04-14T16:49:41,2836,23520,4207,-800,-800,0,531,577,2836,2847,0,0,9028,2873,7200,7200,7200,7200,2847
2026-04-14T16:49:46,2865,23553,4233,-797,-797,0,634,699,2865,2865,0,0,9028,2873,7200,7200,7200,7200,2878
2026-04-14T16:49:52,2865,23594,4257,-794,-794,0,661,708,2864,2864,0,0,9028,2873,7200,7200,7200,7200,2863
2026-04-14T16:49:57,2872,23624,4281,-792,-792,0,674,705,2872,2876,0,0,9028,2873,7200,7200,7200,7200,2876
2026-04-14T16:50:02,2846,23659,4308,-789,-789,0,690,713,2850,2850,0,0,9028,2873,7200,7200,7200,7200,2854
2026-04-14T16:50:06,2847,23691,4330,-787,-787,0,683,722,2845,2845,0,0,9028,2873,7200,7200,7200,7200,2843
2026-04-14T16:50:11,2834,23725,4357,-785,-785,0,691,722,2834,2834,0,0,9028,2873,7200,7200,7200,7200,2829
2026-04-14T16:50:16,2832,23759,4383,-782,-782,0,698,722,2832,2832,0,0,9028,2873,7200,7200,7200,7200,2831
2026-04-14T16:50:22,2804,23794,4401,-779,-779,0,680,719,2804,2804,0,0,9032,2873,7200,7200,7200,7200,2804
2026-04-14T16:50:26,2826,23826,4422,-777,-777,0,684,731,2826,2826,0,0,9032,2840,7200,7200,7200,7200,2826
2026-04-14T16:50:31,2804,23863,4450,-774,-774,0,715,729,2810,2810,0,0,9032,2840,7200,7200,7200,7200,2813
2026-04-14T16:50:37,2798,23897,4473,-772,-772,0,701,729,2798,2798,0,0,9032,2840,7200,7200,7200,7200,2798
2026-04-14T16:50:41,2783,23928,4493,-770,-770,0,711,747,2783,2783,0,0,9032,2840,7200,7200,7200,7200,2783
2026-04-14T16:50:46,2778,23967,4520,-767,-767,0,731,761,2778,2772,0,0,9032,2840,7200,7200,7200,7200,2775
2026-04-14T16:50:51,2766,23997,4546,-765,-765,0,723,762,2766,2766,0,0,9032,2840,7200,7200,7200,7200,2767
2026-04-14T16:50:57,2777,24037,4575,-762,-762,0,736,766,2775,2775,0,0,9032,2796,7200,7200,7200,7200,2773
2026-04-14T16:51:02,2792,24069,4600,-759,-759,0,726,758,2792,2792,0,0,9032,2796,7200,7200,7200,7200,2786
2026-04-14T16:51:06,2772,24100,4617,-757,-757,0,743,766,2772,2774,0,0,9032,2796,7200,7200,7200,7200,2774
2026-04-14T16:51:11,2743,24133,4639,-755,-755,0,741,773,2743,2746,0,0,9032,2796,7200,7200,7200,7200,2752
2026-04-14T16:51:16,2781,24166,4665,-752,-752,0,727,750,2776,2776,0,0,9032,2796,7200,7200,7200,7200,2779
2026-04-14T16:51:21,2791,24203,4688,-750,-749,0,719,750,2791,2791,0,0,9036,2796,7200,7200,7200,7200,2793
2026-04-14T16:51:26,2786,24236,4715,-747,-747,0,734,750,2787,2787,0,0,9036,2777,7200,7200,7200,7200,2787
2026-04-14T16:51:31,2749,24269,4741,-745,-745,0,750,773,2749,2749,0,0,9036,2777,7200,7200,7200,7200,2757
2026-04-14T16:51:37,2784,24309,4769,-742,-742,0,693,730,2784,2784,0,0,9036,2777,7200,7200,7200,7200,2776
2026-04-14T16:51:41,2789,24339,4794,-740,-740,0,713,739,2805,2805,0,0,9036,2777,7200,7200,7200,7200,2788
2026-04-14T16:51:47,2842,24375,4821,-737,-737,0,674,698,2842,2842,0,0,9036,2777,7200,7200,7200,7200,2820
2026-04-14T16:51:52,2808,24411,4844,-734,-734,0,700,731,2808,2808,0,0,9036,2777,7200,7200,7200,7200,2808
2026-04-14T16:51:57,2819,24446,4867,-732,-732,0,701,724,2819,2800,0,0,9036,2785,7200,7200,7200,7200,2800
2026-04-14T16:52:02,2770,24478,4892,-729,-729,0,752,775,2770,2769,0,0,9036,2785,7200,7200,7200,7200,2761
2026-04-14T16:52:06,2776,24511,4915,-727,-727,0,745,769,2769,2769,0,0,9036,2785,7200,7200,7200,7200,2760
2026-04-14T16:52:11,2776,24543,4936,-724,-724,0,746,776,2776,2776,0,0,9036,2785,7200,7200,7200,7200,2776
2026-04-14T16:52:16,2775,24577,4962,-722,-722,0,729,759,2767,2767,0,0,9036,2785,7200,7200,7200,7200,2761
2026-04-14T16:52:22,2746,24614,4989,-719,-719,0,745,775,2746,2752,0,0,9039,2785,7200,7200,7200,7200,2752
2026-04-14T16:52:27,2685,24648,5016,-717,-717,0,772,801,2699,2699,0,0,9039,2775,7200,7200,7200,7200,2720
2026-04-14T16:52:31,2691,24681,5042,-714,-714,0,777,801,2682,2682,0,0,9039,2775,7200,7200,7200,7200,2701
2026-04-14T16:52:36,2742,24717,5068,-712,-712,0,751,774,2718,2718,0,0,9039,2775,7200,7200,7200,7200,2715
2026-04-14T16:52:41,2781,24747,5084,-710,-710,0,728,751,2781,2771,0,0,9039,2775,7200,7200,7200,7200,2771
2026-04-14T16:52:46,2718,24780,5111,-707,-707,0,743,774,2718,2718,0,0,9039,2775,7200,7200,7200,7200,2712
2026-04-14T16:52:51,2685,24814,5138,-705,-705,0,788,810,2685,2685,0,0,9039,2775,7200,7200,7200,7200,2674
2026-04-14T16:52:57,2683,24851,5165,-702,-702,0,795,826,2684,2684,0,0,9039,2726,7200,7200,7200,7200,2684
2026-04-14T16:53:01,2691,24883,5186,-700,-700,0,811,851,2691,2691,0,0,9039,2726,7200,7200,7200,7200,2691
2026-04-14T16:53:07,2695,24921,5215,-697,-697,0,767,808,2699,2699,0,0,9039,2726,7200,7200,7200,7200,2704
2026-04-14T16:53:11,2679,24953,5235,-695,-695,0,785,826,2679,2679,0,0,9039,2726,7200,7200,7200,7200,2684
2026-04-14T16:53:16,2675,24988,5262,-692,-692,0,789,826,2675,2675,0,0,9039,2726,7200,7200,7200,7200,2684
2026-04-14T16:53:21,2657,25021,5289,-689,-689,0,793,825,2657,2660,0,0,9043,2726,7200,7200,7200,7200,2663
2026-04-14T16:53:26,2643,25055,5314,-687,-687,0,804,833,2651,2651,0,0,9043,2679,7200,7200,7200,7200,2651
2026-04-14T16:53:32,2629,25089,5337,-684,-684,0,822,852,2629,2629,0,0,9043,2679,7200,7200,7200,7200,2629
2026-04-14T16:53:36,2650,25123,5364,-682,-682,0,806,862,2646,2646,0,0,9043,2679,7200,7200,7200,7200,2657
2026-04-14T16:53:42,2665,25159,5386,-679,-679,0,824,854,2665,2665,0,0,9043,2679,7200,7200,7200,7200,2664
2026-04-14T16:53:46,2648,25192,5413,-677,-677,0,813,844,2648,2645,0,0,9043,2679,7200,7200,7200,7200,2646
2026-04-14T16:53:51,2650,25224,5438,-675,-675,0,815,853,2646,2646,0,0,9043,2679,7200,7200,7200,7200,2646
2026-04-14T16:53:57,2655,25259,5464,-672,-672,0,823,853,2655,2651,0,0,9043,2651,7200,7200,7200,7200,2651
2026-04-14T16:54:01,2655,25291,5488,-669,-669,0,823,853,2646,2646,0,0,9043,2651,7200,7200,7200,7200,2638
2026-04-14T16:54:07,2644,25332,5510,-667,-667,0,849,880,2635,2635,0,0,9043,2651,7200,7200,7200,7200,2634
2026-04-14T16:54:11,2635,25360,5536,-665,-665,0,841,871,2635,2635,0,0,9043,2651,7200,7200,7200,7200,2637
2026-04-14T16:54:16,2640,25396,5560,-662,-662,0,812,842,2640,2642,0,0,9043,2651,7200,7200,7200,7200,2642
2026-04-14T16:54:21,2636,25428,5585,-660,-660,0,808,840,2636,2638,0,0,9043,2651,7200,7200,7200,7200,2638
2026-04-14T16:54:26,2663,25464,5611,-657,-657,0,792,841,2663,2663,0,0,9046,2643,7200,7200,7200,7200,2674
2026-04-14T16:54:31,2641,25498,5637,-654,-654,0,794,824,2641,2660,0,0,9046,2643,7200,7200,7200,7200,2660
2026-04-14T16:54:37,2707,25531,5660,-652,-652,0,741,771,2718,2718,0,0,9046,2643,7200,7200,7200,7200,2727
2026-04-14T16:54:41,2658,25564,5681,-650,-650,0,820,851,2658,2658,0,0,9046,2643,7200,7200,7200,7200,2658
2026-04-14T16:54:46,2632,25599,5708,-647,-647,0,854,870,2632,2632,0,0,9046,2643,7200,7200,7200,7200,2618
2026-04-14T16:54:52,2640,25635,5735,-644,-644,0,814,850,2640,2640,0,0,9046,2643,7200,7200,7200,7200,2665
2026-04-14T16:54:57,2648,25670,5761,-642,-642,0,812,833,2648,2648,0,0,9046,2667,7200,7200,7200,7200,2649
2026-04-14T16:55:01,2660,25701,5787,-640,-640,0,816,843,2657,2657,0,0,9046,2667,7200,7200,7200,7200,2657
2026-04-14T16:55:06,2621,25735,5813,-637,-637,0,831,861,2617,2617,0,0,9046,2667,7200,7200,7200,7200,2617
2026-04-14T16:55:11,2597,25770,5836,-634,-634,0,857,886,2596,2596,0,0,9046,2667,7200,7200,7200,7200,2591
2026-04-14T16:55:16,2591,25802,5862,-632,-632,0,847,886,2601,2601,0,0,9046,2667,7200,7200,7200,7200,2597
2026-04-14T16:55:21,2568,25838,5888,-630,-630,0,863,893,2568,2569,0,0,9046,2667,7200,7200,7200,7200,2569
2026-04-14T16:55:26,2564,25873,5915,-627,-627,0,860,890,2564,2563,0,0,9049,2614,7200,7200,7200,7200,2563
2026-04-14T16:55:31,2557,25908,5942,-624,-624,0,878,899,2557,2557,0,0,9049,2614,7200,7200,7200,7200,2555
2026-04-14T16:55:36,2557,25940,5967,-622,-622,0,872,909,2558,2558,0,0,9049,2614,7200,7200,7200,7200,2557
2026-04-14T16:55:41,2548,25975,5989,-620,-620,0,871,908,2548,2548,0,0,9049,2614,7200,7200,7200,7200,2546
2026-04-14T16:55:47,2562,26012,6017,-617,-617,0,863,909,2562,2562,0,0,9049,2614,7200,7200,7200,7200,2559
2026-04-14T16:55:51,2563,26041,6038,-615,-615,0,894,918,2555,2555,0,0,9049,2614,7200,7200,7200,7200,2551
2026-04-14T16:55:57,2541,26080,6065,-612,-612,0,890,928,2541,2541,0,0,9049,2555,7200,7200,7200,7200,2543
2026-04-14T16:56:01,2548,26112,6091,-609,-609,0,889,919,2548,2550,0,0,9049,2555,7200,7200,7200,7200,2552
2026-04-14T16:56:07,2556,26147,6118,-607,-607,0,896,919,2556,2556,0,0,9049,2555,7200,7200,7200,7200,2557
2026-04-14T16:56:11,2580,26177,6143,-605,-605,0,841,878,2577,2577,0,0,9049,2555,7200,7200,7200,7200,2565
2026-04-14T16:56:16,2543,26214,6170,-602,-602,0,873,910,2545,2545,0,0,9049,2555,7200,7200,7200,7200,2543
2026-04-14T16:56:22,2533,26250,6197,-599,-599,0,900,929,2533,2533,0,0,9052,2555,7200,7200,7200,7200,2533
2026-04-14T16:56:27,2547,26285,6224,-597,-597,0,891,921,2552,2558,0,0,9052,2549,7200,7200,7200,7200,2557
2026-04-14T16:56:31,2526,26315,6248,-595,-595,0,897,927,2526,2526,0,0,9052,2549,7200,7200,7200,7200,2532
2026-04-14T16:56:37,2576,26351,6275,-592,-592,0,828,858,2576,2558,0,0,9052,2549,7200,7200,7200,7200,2558
2026-04-14T16:56:41,2577,26383,6297,-590,-590,0,872,900,2577,2550,0,0,9052,2549,7200,7200,7200,7200,2547
2026-04-14T16:56:47,2579,26424,6321,-587,-587,0,856,887,2574,2574,0,0,9052,2549,7200,7200,7200,7200,2606
2026-04-14T16:56:51,2555,26452,6341,-585,-585,0,837,870,2536,2536,0,0,9052,2549,7200,7200,7200,7200,2528
2026-04-14T16:56:57,2544,26488,6368,-582,-582,0,830,860,2544,2544,0,0,9052,2566,7200,7200,7200,7200,2534
2026-04-14T16:57:02,2598,26521,6395,-579,-579,0,786,809,2598,2598,0,0,9052,2566,7200,7200,7200,7200,2553
2026-04-14T16:57:07,2518,26559,6422,-577,-577,0,932,969,2513,2513,0,0,9052,2566,7200,7200,7200,7200,2514
2026-04-14T16:57:11,2526,26587,6447,-575,-575,0,921,970,2526,2522,0,0,9052,2566,7200,7200,7200,7200,2522
2026-04-14T16:57:17,2495,26625,6475,-572,-572,0,938,969,2496,2496,0,0,9052,2566,7200,7200,7200,7200,2493
2026-04-14T16:57:22,2478,26655,6499,-570,-569,0,930,977,2481,2481,0,0,9055,2566,7200,7200,7200,7200,2480
2026-04-14T16:57:27,2452,26693,6526,-567,-567,0,960,997,2452,2452,0,0,9055,2531,7200,7200,7200,7200,2452
2026-04-14T16:57:35,NaN,26748,6572,-563,-563,0,941,970,NaN,NaN,0,0,9055,NaN,7200,7200,7200,7200,2467
2026-04-14T16:57:37,2479,26760,6580,-562,-562,0,952,980,2478,2478,0,0,9055,2531,7200,7200,7200,7200,2478
2026-04-14T16:57:42,2471,26795,6599,-559,-559,0,958,970,2471,2471,0,0,9055,2531,7200,7200,7200,7200,2470
2026-04-14T16:57:47,2518,26833,6626,-557,-557,0,908,931,2518,2503,0,0,9055,2531,7200,7200,7200,7200,2498
2026-04-14T16:57:52,2474,26866,6652,-554,-554,0,911,948,2474,2474,0,0,9055,2531,7200,7200,7200,7200,2474
2026-04-14T16:57:58,2467,26902,6679,-551,-551,0,928,958,2467,2467,0,0,9055,2475,7200,7200,7200,7200,2463
2026-04-14T16:58:02,2452,26935,6705,-549,-549,0,927,957,2452,2452,0,0,9055,2475,7200,7200,7200,7200,2447
2026-04-14T16:58:08,2456,26970,6732,-546,-546,0,918,957,2458,2458,0,0,9055,2475,7200,7200,7200,7200,2462
2026-04-14T16:58:11,2457,26999,6757,-544,-544,0,910,964,2457,2457,0,0,9055,2475,7200,7200,7200,7200,2460
2026-04-14T16:58:17,2479,27038,6785,-542,-542,0,907,937,2479,2465,0,0,9055,2475,7200,7200,7200,7200,2460
2026-04-14T16:58:22,2443,27069,6810,-539,-539,0,926,964,2428,2428,0,0,9058,2475,7200,7200,7200,7200,2409
2026-04-14T16:58:28,2439,27106,6838,-536,-536,0,948,980,2434,2424,0,0,9058,2458,7200,7200,7200,7200,2419
2026-04-14T16:58:31,2429,27135,6862,-534,-534,0,952,982,2429,2433,0,0,9058,2458,7200,7200,7200,7200,2433
2026-04-14T16:58:37,2431,27174,6885,-532,-531,0,959,982,2431,2426,0,0,9058,2458,7200,7200,7200,7200,2426
2026-04-14T16:58:42,2438,27207,6911,-529,-529,0,918,949,2438,2438,0,0,9058,2458,7200,7200,7200,7200,2441
2026-04-14T16:58:48,2416,27241,6939,-526,-526,0,945,981,2414,2414,0,0,9058,2458,7200,7200,7200,7200,2406
2026-04-14T16:58:52,2428,27275,6965,-524,-524,0,953,975,2428,2428,0,0,9058,2458,7200,7200,7200,7200,2429
2026-04-14T16:58:57,2433,27310,6991,-521,-521,0,974,973,2433,2433,0,0,9058,2429,7200,7200,7200,7200,2428
2026-04-14T16:59:02,2440,27344,7015,-519,-519,0,951,988,2436,2422,0,0,9058,2429,7200,7200,7200,7200,2422
2026-04-14T16:59:07,2419,27376,7040,-517,-517,0,966,997,2419,2419,0,0,9058,2429,7200,7200,7200,7200,2399
2026-04-14T16:59:12,2398,27412,7061,-514,-514,0,966,996,2398,2392,0,0,9058,2429,7200,7200,7200,7200,2392
2026-04-14T16:59:18,2391,27448,7089,-511,-511,0,985,1015,2391,2387,0,0,9058,2429,7200,7200,7200,7200,2385
2026-04-14T16:59:22,2396,27480,7110,-509,-509,0,984,1023,2402,2402,0,0,9061,2429,7200,7200,7200,7200,2403
2026-04-14T16:59:27,2380,27510,7135,-507,-507,0,968,998,2380,2380,0,0,9061,2408,7200,7200,7200,7200,2389
2026-04-14T16:59:32,2403,27545,7163,-504,-504,0,976,999,2403,2403,0,0,9061,2408,7200,7200,7200,7200,2410
2026-04-14T16:59:37,2375,27579,7189,-502,-502,0,988,1025,2379,2383,0,0,9061,2408,7200,7200,7200,7200,2385
2026-04-14T16:59:41,2339,27613,7215,-499,-499,0,983,1032,2341,2341,0,0,9061,2408,7200,7200,7200,7200,2342
2026-04-14T16:59:47,2321,27648,7242,-497,-497,0,1046,1069,2314,2314,0,0,9061,2408,7200,7200,7200,7200,2315
2026-04-14T16:59:52,2315,27685,7268,-494,-494,0,1046,1068,2315,2315,0,0,9061,2408,7200,7200,7200,7200,2314
2026-04-14T16:59:57,2298,27718,7294,-492,-492,0,278,315,2295,2295,0,0,9061,2361,7200,7200,7200,7200,2294
2026-04-14T17:00:02,2292,27752,7321,-489,-489,0,239,263,2292,2292,0,0,9061,2361,7200,7200,7200,7200,2296
2026-04-14T17:00:07,2295,27783,7347,-487,-487,0,240,262,2294,2294,0,0,9061,2361,7200,7200,7200,7200,2296
2026-04-14T17:00:12,2299,27820,7363,-484,-484,0,247,270,2299,2293,0,0,9061,2361,7200,7200,7200,7200,2293
2026-04-14T17:00:16,2294,27850,7386,-482,-482,0,247,270,2294,2294,0,0,9061,2361,7200,7200,7200,7200,2291
2026-04-14T17:00:21,2282,27885,7413,-479,-479,0,240,270,2281,2281,0,0,9064,2361,7200,7200,7200,7200,2275
2026-04-14T17:00:26,2272,27919,7440,-477,-477,0,247,262,2272,2272,0,0,9064,2294,7200,7200,7200,7200,2268
2026-04-14T17:00:31,2258,27954,7466,-474,-474,0,239,269,2259,2259,0,0,9064,2294,7200,7200,7200,7200,2260
2026-04-14T17:00:37,2263,27989,7492,-472,-472,0,238,268,2263,2263,0,0,9064,2294,7200,7200,7200,7200,2263
2026-04-14T17:00:42,2260,28021,7519,-469,-469,0,246,269,2260,2260,0,0,9064,2294,7200,7200,7200,7200,2260
2026-04-14T17:00:47,2259,28059,7545,-467,-467,0,239,269,2259,2261,0,0,9064,2294,7200,7200,7200,7200,2260
2026-04-14T17:00:51,2260,28090,7571,-464,-464,0,247,270,2260,2260,0,0,9064,2294,7200,7200,7200,7200,2260
2026-04-14T17:00:57,2265,28125,7594,-462,-462,0,240,263,2265,2266,0,0,9064,2261,7200,7200,7200,7200,2266
2026-04-14T17:01:03,2285,28163,7616,-459,-459,0,240,263,2293,2293,0,0,9064,2261,7200,7200,7200,7200,2296
2026-04-14T17:01:06,2268,28193,7642,-457,-457,0,240,263,2268,2280,0,0,9064,2261,7200,7200,7200,7200,2280
2026-04-14T17:01:12,2250,28230,7669,-454,-454,0,247,269,2250,2259,0,0,9064,2261,7200,7200,7200,7200,2268
2026-04-14T17:01:16,2238,28260,7694,-452,-452,0,254,270,2238,2243,0,0,9064,2261,7200,7200,7200,7200,2243
2026-04-14T17:01:22,2255,28295,7721,-449,-449,0,240,270,2258,2258,0,0,9067,2261,7200,7200,7200,7200,2265
2026-04-14T17:01:26,2233,28329,7747,-447,-447,0,226,263,2233,2233,0,0,9067,2266,7200,7200,7200,7200,2233
2026-04-14T17:01:32,2210,28365,7775,-444,-444,0,240,263,2212,2212,0,0,9067,2266,7200,7200,7200,7200,2212
2026-04-14T17:01:37,2240,28397,7801,-442,-442,0,233,270,2240,2240,0,0,9067,2266,7200,7200,7200,7200,2236
2026-04-14T17:01:42,2220,28431,7826,-439,-439,0,240,270,2220,2214,8,8,9067,2266,7200,7200,7200,7200,2214
2026-04-14T17:01:47,2218,28469,7854,-437,-437,0,241,263,2218,2208,0,0,9067,2266,7200,7200,7200,7200,2208
2026-04-14T17:01:52,2209,28500,7875,-434,-434,0,247,270,2203,2203,0,0,9067,2266,7200,7200,7200,7200,2195
2026-04-14T17:01:57,2211,28533,7902,-432,-432,0,240,270,2214,2214,0,0,9067,2228,7200,7200,7200,7200,2211
2026-04-14T17:02:02,2208,28568,7928,-429,-429,0,254,270,2208,2208,0,0,9067,2228,7200,7200,7200,7200,2206
2026-04-14T17:02:07,2200,28603,7955,-427,-427,0,254,277,2200,2199,0,0,9067,2228,7200,7200,7200,7200,2199
2026-04-14T17:02:12,2193,28641,7983,-424,-424,0,240,270,2195,2195,0,0,9067,2228,7200,7200,7200,7200,2194
2026-04-14T17:02:17,2204,28673,8007,-422,-422,0,240,271,2202,2202,0,0,9067,2228,7200,7200,7200,7200,2204
2026-04-14T17:02:21,2218,28705,8029,-419,-419,0,232,270,2218,2217,0,0,9069,2228,7200,7200,7200,7200,2216
2026-04-14T17:02:27,2242,28739,8056,-417,-417,0,240,270,2245,2245,0,0,9069,2203,7200,7200,7200,7200,2246
2026-04-14T17:02:32,2242,28773,8081,-414,-414,0,233,270,2238,2238,0,0,9069,2203,7200,7200,7200,7200,2236
2026-04-14T17:02:37,2228,28807,8108,-412,-412,0,240,270,2228,2228,0,0,9069,2203,7200,7200,7200,7200,2217
2026-04-14T17:02:42,2194,28843,8135,-409,-409,0,233,263,2194,2195,0,0,9069,2203,7200,7200,7200,7200,2191
2026-04-14T17:02:47,2203,28874,8160,-407,-407,0,231,270,2203,2203,0,0,9069,2203,7200,7200,7200,7200,2205
2026-04-14T17:02:53,2156,28914,8188,-404,-404,0,240,270,2165,2165,0,0,9069,2203,7200,7200,7200,7200,2176
2026-04-14T17:02:57,2155,28944,8213,-402,-402,0,240,270,2155,2160,0,0,9069,2213,7200,7200,7200,7200,2160
2026-04-14T17:03:02,2105,28979,8236,-399,-399,0,254,270,2105,2105,0,0,9069,2213,7200,7200,7200,7200,2120
2026-04-14T17:03:06,2140,29010,8262,-397,-397,0,240,263,2140,2142,0,0,9069,2213,7200,7200,7200,7200,2143
2026-04-14T17:03:13,2130,29050,8286,-394,-394,0,240,263,2130,2130,0,0,9069,2213,7200,7200,7200,7200,2119
2026-04-14T17:03:17,2160,29080,8311,-392,-392,0,241,271,2160,2155,0,0,9069,2213,7200,7200,7200,7200,2148
2026-04-14T17:03:22,2150,29116,8338,-389,-389,0,240,269,2150,2137,0,0,9072,2213,7200,7200,7200,7200,2129
2026-04-14T17:03:27,2136,29146,8359,-387,-387,0,231,261,2128,2128,0,0,9072,2144,7200,7200,7200,7200,2113
2026-04-14T17:03:32,2155,29184,8387,-384,-384,0,240,270,2155,2155,0,0,9072,2144,7200,7200,7200,7200,2168
2026-04-14T17:03:37,2141,29216,8412,-382,-382,0,231,270,2141,2141,0,0,9072,2144,7200,7200,7200,7200,2146
2026-04-14T17:03:42,2115,29252,8440,-379,-379,0,233,270,2115,2115,0,0,9072,2144,7200,7200,7200,7200,2120
2026-04-14T17:03:47,2144,29286,8465,-377,-377,0,254,277,2144,2149,0,8,9072,2144,7200,7200,7200,7200,2143
2026-04-14T17:03:52,2105,29317,8491,-374,-374,0,239,269,2105,2105,0,0,9072,2144,7200,7200,7200,7200,2112
2026-04-14T17:03:58,2102,29355,8514,-372,-371,0,232,276,2110,2110,0,0,9072,2129,7200,7200,7200,7200,2113
2026-04-14T17:04:02,2100,29389,8541,-369,-369,0,223,262,2100,2109,0,0,9072,2129,7200,7200,7200,7200,2115
2026-04-14T17:04:06,2084,29417,8565,-367,-367,0,215,263,2091,2091,0,0,9072,2129,7200,7200,7200,7200,2099
2026-04-14T17:04:12,2075,29455,8593,-364,-364,0,241,271,2078,2088,0,0,9072,2129,7200,7200,7200,7200,2088
2026-04-14T17:04:18,2074,29492,8621,-361,-361,0,246,278,2074,2079,0,0,9072,2129,7200,7200,7200,7200,2089
2026-04-14T17:04:22,2070,29522,8641,-359,-359,0,241,271,2070,2070,0,0,9074,2129,7200,7200,7200,7200,2075
2026-04-14T17:04:27,2049,29560,8669,-356,-356,0,239,269,2049,2051,0,0,9074,2092,7200,7200,7200,7200,2053
2026-04-14T17:04:32,2041,29589,8693,-354,-354,0,232,262,2041,2041,0,0,9074,2092,7200,7200,7200,7200,2044
2026-04-14T17:04:37,2034,29624,8720,-352,-352,0,239,269,2034,2034,0,0,9074,2092,7200,7200,7200,7200,2035
2026-04-14T17:04:42,2042,29658,8747,-349,-349,0,232,262,2042,2042,0,0,9074,2092,7200,7200,7200,7200,2042
2026-04-14T17:04:47,2034,29695,8773,-347,-347,0,239,262,2034,2034,0,0,9074,2092,7200,7200,7200,7200,2032
2026-04-14T17:04:53,2031,29730,8796,-344,-344,0,240,270,2034,2034,0,0,9074,2092,7200,7200,7200,7200,2037
2026-04-14T17:04:57,2027,29760,8821,-342,-342,0,233,263,2027,2026,0,0,9074,2041,7200,7200,7200,7200,2026
2026-04-14T17:05:02,2038,29799,8849,-339,-339,0,242,263,2044,2044,0,0,9074,2041,7200,7200,7200,7200,2049
2026-04-14T17:05:07,2036,29830,8870,-337,-337,0,233,277,2036,2036,0,0,9074,2041,7200,7200,7200,7200,2036
2026-04-14T17:05:12,2044,29864,8897,-334,-334,0,240,270,2054,2054,0,0,9074,2041,7200,7200,7200,7200,2053
2026-04-14T17:05:17,2018,29896,8919,-332,-332,0,240,263,2018,2021,0,0,9074,2041,7200,7200,7200,7200,2021
2026-04-14T17:05:22,2066,29931,8944,-329,-329,0,242,263,2066,2080,0,0,9077,2041,7200,7200,7200,7200,2080
2026-04-14T17:05:27,2056,29968,8967,-327,-327,0,238,277,2056,2056,0,8,9077,2037,7200,7200,7200,7200,2084
2026-04-14T17:05:32,2070,29999,8993,-324,-324,0,240,270,2066,2066,0,0,9077,2037,7200,7200,7200,7200,2065
2026-04-14T17:05:37,2079,30034,9016,-322,-322,0,232,262,2070,2070,0,0,9077,2037,7200,7200,7200,7200,2052
2026-04-14T17:05:42,2025,30069,9038,-319,-319,0,232,262,2025,2025,0,0,9077,2037,7200,7200,7200,7200,2055
2026-04-14T17:05:46,2024,30102,9064,-317,-317,0,230,269,2024,2024,0,0,9077,2037,7200,7200,7200,7200,2041
2026-04-14T17:05:52,2012,30135,9091,-314,-314,0,246,276,2012,2012,0,0,9077,2037,7200,7200,7200,7200,2012
2026-04-14T17:05:57,2011,30171,9117,-312,-312,0,241,269,2011,2010,0,0,9077,2046,7200,7200,7200,7200,2011
2026-04-14T17:06:02,2025,30204,9143,-309,-309,0,239,276,2021,2021,0,0,9077,2046,7200,7200,7200,7200,2016
2026-04-14T17:06:07,2022,30240,9166,-307,-307,0,223,262,2019,2019,0,0,9077,2046,7200,7200,7200,7200,2018
2026-04-14T17:06:12,2024,30270,9187,-304,-304,0,239,262,2024,2024,0,0,9077,2046,7200,7200,7200,7200,2027
2026-04-14T17:06:17,2039,30309,9215,-302,-302,0,239,269,2032,2032,0,0,9077,2046,7200,7200,7200,7200,2032
2026-04-14T17:06:22,1998,30343,9240,-299,-299,0,241,262,1998,1998,0,0,9079,2046,7200,7200,7200,7200,1998
2026-04-14T17:06:27,1987,30375,9267,-297,-297,0,241,262,1988,1988,0,0,9079,2023,7200,7200,7200,7200,1993
2026-04-14T17:06:32,2009,30406,9293,-294,-294,0,239,269,2009,1996,0,0,9079,2023,7200,7200,7200,7200,1989
2026-04-14T17:06:37,2048,30443,9315,-292,-292,0,232,262,2048,2048,0,0,9079,2023,7200,7200,7200,7200,2060
2026-04-14T17:06:43,2005,30480,9338,-289,-289,0,232,262,2000,2000,0,0,9079,2023,7200,7200,7200,7200,2005
2026-04-14T17:06:46,2009,30510,9364,-287,-287,0,239,262,2005,2005,0,0,9079,2023,7200,7200,7200,7200,2004
2026-04-14T17:06:52,1988,30544,9390,-284,-284,0,239,262,1988,1988,0,0,9079,2023,7200,7200,7200,7200,1988
2026-04-14T17:06:57,1991,30579,9416,-282,-282,0,230,269,1985,1985,0,0,9079,2007,7200,7200,7200,7200,1985
2026-04-14T17:07:02,1983,30613,9443,-279,-279,0,239,262,1983,1983,0,0,9079,2007,7200,7200,7200,7200,1983
2026-04-14T17:07:08,1986,30650,9466,-276,-276,0,239,269,1986,1987,0,0,9079,2007,7200,7200,7200,7200,1985
2026-04-14T17:07:12,1984,30685,9493,-274,-274,0,230,269,1984,1984,0,0,9079,2007,7200,7200,7200,7200,1985
2026-04-14T17:07:17,1997,30718,9519,-272,-272,0,239,269,1997,1994,0,0,9079,2007,7200,7200,7200,7200,1994
2026-04-14T17:07:22,2003,30749,9540,-269,-269,0,223,269,2003,2003,0,0,9081,2007,7200,7200,7200,7200,2006
2026-04-14T17:07:27,2014,30783,9563,-267,-267,0,247,271,2014,2014,0,0,9081,1989,7200,7200,7200,7200,2014
2026-04-14T17:07:33,1984,30822,9590,-264,-264,0,241,276,1984,1984,0,0,9081,1989,7200,7200,7200,7200,1973
2026-04-14T17:07:38,1954,30855,9616,-261,-261,0,239,269,1954,1954,0,0,9081,1989,7200,7200,7200,7200,1949
2026-04-14T17:07:43,1962,30886,9638,-259,-259,0,239,269,1962,1957,0,0,9081,1989,7200,7200,7200,7200,1957
2026-04-14T17:07:48,1965,30922,9665,-257,-257,0,230,262,1965,1965,0,0,9081,1989,7200,7200,7200,7200,1964
2026-04-14T17:07:52,1973,30954,9690,-254,-254,0,214,262,1969,1969,0,0,9081,1989,7200,7200,7200,7200,1970
2026-04-14T17:07:57,1969,30990,9717,-252,-252,0,253,269,1969,1973,0,0,9081,1973,7200,7200,7200,7200,1983
2026-04-14T17:08:02,1962,31027,9741,-249,-249,0,232,269,1962,1962,8,0,9081,1973,7200,7200,7200,7200,1957
2026-04-14T17:08:08,1963,31061,9766,-246,-246,0,239,262,1961,1961,0,0,9081,1973,7200,7200,7200,7200,1969
2026-04-14T17:08:12,1966,31093,9790,-244,-244,0,239,262,1966,1966,0,0,9081,1973,7200,7200,7200,7200,1970
2026-04-14T17:08:17,1938,31124,9814,-242,-242,0,232,262,1938,1938,0,0,9081,1973,7200,7200,7200,7200,1938
2026-04-14T17:08:22,1933,31156,9840,-239,-239,0,246,276,1933,1933,0,0,9083,1973,7200,7200,7200,7200,1935
2026-04-14T17:08:27,1939,31191,9866,-237,-237,0,239,270,1939,1939,0,0,9083,1958,7200,7200,7200,7200,1943
2026-04-14T17:08:32,1939,31228,9894,-234,-234,0,231,262,1936,1936,0,0,9083,1958,7200,7200,7200,7200,1937
2026-04-14T17:08:37,1929,31261,9921,-232,-232,0,230,261,1929,1936,0,0,9083,1958,7200,7200,7200,7200,1929
2026-04-14T17:08:42,1929,31297,9946,-229,-229,0,232,276,1932,1932,0,0,9083,1958,7200,7200,7200,7200,1928
2026-04-14T17:08:47,1925,31331,9972,-227,-227,0,232,262,1925,1929,0,0,9083,1958,7200,7200,7200,7200,1927
2026-04-14T17:08:53,1928,31366,9996,-224,-224,0,239,269,1928,1930,0,0,9083,1958,7200,7200,7200,7200,1929
2026-04-14T17:08:57,1919,31399,10021,-221,-221,0,239,269,1919,1925,8,0,9083,1931,7200,7200,7200,7200,1930
2026-04-14T17:09:03,1920,31434,10047,-219,-219,0,239,269,1920,1920,0,0,9083,1931,7200,7200,7200,7200,1920
2026-04-14T17:09:08,1933,31468,10074,-216,-216,0,239,269,1929,1929,0,0,9083,1931,7200,7200,7200,7200,1934
2026-04-14T17:09:12,1952,31500,10100,-214,-214,0,240,270,1951,1951,0,0,9083,1931,7200,7200,7200,7200,1946
2026-04-14T17:09:17,1929,31531,10126,-212,-212,0,217,264,1929,1929,0,0,9083,1931,7200,7200,7200,7200,1920
2026-04-14T17:09:22,1963,31569,10152,-209,-209,0,231,270,1963,1963,0,0,9085,1931,7200,7200,7200,7200,1948
2026-04-14T17:09:27,1964,31603,10178,-207,-207,0,231,269,1964,1958,0,0,9085,1937,7200,7200,7200,7200,1958
2026-04-14T17:09:33,1953,31638,10201,-204,-204,0,233,262,1961,1961,0,0,9085,1937,7200,7200,7200,7200,1972
2026-04-14T17:09:38,1947,31673,10228,-201,-201,0,222,270,1959,1959,0,0,9085,1937,7200,7200,7200,7200,1964
2026-04-14T17:09:42,1966,31706,10254,-199,-199,0,232,262,1966,1972,0,0,9085,1937,7200,7200,7200,7200,1964
2026-04-14T17:09:46,1931,31736,10279,-197,-197,0,240,269,1942,1942,0,0,9085,1937,7200,7200,7200,7200,1963
2026-04-14T17:10:00,1948,NaN,10308,NaN,NaN,0,224,270,1961,1961,0,0,NaN,1937,NaN,NaN,NaN,NaN,1980
2026-04-14T17:10:02,1923,31843,10356,-189,-189,0,224,270,1935,1935,0,0,9085,1952,7200,7200,7200,7200,1949
2026-04-14T17:10:08,1901,31879,10383,-186,-186,0,240,270,1901,1911,0,0,9085,1952,7200,7200,7200,7200,1937
2026-04-14T17:10:12,1924,31912,10409,-184,-184,0,238,269,1928,1928,0,0,9085,1952,7200,7200,7200,7200,1937
2026-04-14T17:12:59,1876,-32490,11242,-101,-101,0,248,269,1876,1875,0,0,9092,1886,7200,7200,7200,7200,1875
2026-04-14T17:13:02,1875,-32464,11260,-99,-99,0,246,269,1875,1880,0,0,9092,1886,7200,7200,7200,7200,1881
2026-04-14T17:13:07,1870,-32431,11286,-96,-96,0,239,269,1870,1869,0,0,9092,1886,7200,7200,7200,7200,1872
2026-04-14T17:13:12,1871,-32401,11311,-94,-94,0,230,270,1871,1871,0,0,9092,1886,7200,7200,7200,7200,1873
2026-04-14T17:13:17,1870,-32365,11338,-92,-92,0,240,270,1864,1864,0,0,9092,1886,7200,7200,7200,7200,1860
2026-04-14T17:13:22,1866,-32331,11364,-89,-89,0,224,270,1869,1869,0,0,9094,1886,7200,7200,7200,7200,1874
2026-04-14T17:13:27,1867,-32298,11391,-87,-87,0,255,269,1867,1867,0,0,9094,1872,7200,7200,7200,7200,1871
2026-04-14T17:13:32,1856,-32263,11414,-84,-84,0,247,261,1856,1861,0,0,9094,1872,7200,7200,7200,7200,1859
2026-04-14T17:13:37,1857,-32232,11438,-82,-82,0,238,276,1857,1857,0,0,9094,1872,7200,7200,7200,7200,1858
2026-04-14T17:13:42,1870,-32196,11465,-79,-79,0,232,261,1870,1869,0,0,9094,1872,7200,7200,7200,7200,1870
2026-04-14T17:13:47,1875,-32163,11487,-77,-77,0,240,262,1875,1875,0,0,9094,1872,7200,7200,7200,7200,1878
2026-04-14T17:13:52,1868,-32129,11514,-74,-74,0,230,269,1863,1863,0,0,9094,1872,7200,7200,7200,7200,1865
2026-04-14T17:13:57,1867,-32094,11539,-72,-72,0,239,269,1863,1863,0,0,9094,1862,7200,7200,7200,7200,1863
2026-04-14T17:14:02,1871,-32061,11566,-69,-69,0,239,276,1871,1871,0,0,9094,1862,7200,7200,7200,7200,1867
2026-04-14T17:14:07,1858,-32027,11592,-67,-67,0,238,268,1858,1858,0,0,9094,1862,7200,7200,7200,7200,1858
2026-04-14T17:14:12,1873,-31991,11620,-64,-64,0,238,268,1872,1872,0,0,9094,1862,7200,7200,7200,7200,1872
2026-04-14T17:14:18,1860,-31954,11646,-61,-61,0,230,261,1860,1863,0,0,9094,1862,7200,7200,7200,7200,1866
2026-04-14T17:14:22,1856,-31924,11671,-59,-59,0,246,263,1856,1856,0,0,9096,1862,7200,7200,7200,7200,1854
2026-04-14T17:14:27,1855,-31886,11694,-56,-56,0,231,269,1855,1855,0,0,9096,1862,7200,7200,7200,7200,1854
2026-04-14T17:14:32,1866,-31857,11720,-54,-54,0,231,268,1870,1870,0,0,9096,1862,7200,7200,7200,7200,1868
2026-04-14T17:14:38,1869,-31818,11747,-51,-51,0,238,261,1869,1869,0,0,9096,1862,7200,7200,7200,7200,1869
2026-04-14T17:14:41,1868,-31788,11772,-49,-49,0,231,261,1868,1868,0,0,9096,1862,7200,7200,7200,7200,1866
2026-04-14T17:14:47,1865,-31755,11798,-47,-47,0,238,268,1862,1862,0,0,9096,1862,7200,7200,7200,7200,1862
2026-04-14T17:14:53,1855,-31714,11823,-44,-44,0,229,268,1853,1853,0,0,9096,1862,7200,7200,7200,7200,1851
2026-04-14T17:14:58,1843,-31681,11849,-41,-41,0,231,269,1843,1843,0,0,9096,1862,7200,7200,7200,7200,1844
2026-04-14T17:15:01,1845,-31652,11873,-39,-39,0,239,269,1845,1845,0,0,9096,1862,7200,7200,7200,7200,1845
2026-04-14T17:15:07,1833,-31614,11902,-37,-37,0,229,268,1833,1835,0,0,9096,1862,7200,7200,7200,7200,1834
2026-04-14T17:15:12,1827,-31581,11927,-34,-34,0,248,270,1827,1829,0,0,9096,1862,7200,7200,7200,7200,1829
2026-04-14T17:15:17,1834,-31547,11950,-32,-32,0,246,270,1835,1835,0,0,9096,1862,7200,7200,7200,7200,1833
2026-04-14T17:15:22,1823,-31512,11976,-29,-29,0,234,262,1830,1830,0,0,9098,1862,7200,7200,7200,7200,1833
2026-04-14T17:15:27,1824,-31480,11997,-27,-27,0,223,262,1827,1827,0,0,9098,1836,7200,7200,7200,7200,1827
2026-04-14T17:15:32,1819,-31446,12024,-24,-24,0,239,268,1819,1819,0,0,9098,1836,7200,7200,7200,7200,1827
2026-04-14T17:15:37,1805,-31413,12046,-22,-22,0,229,261,1805,1805,0,0,9098,1836,7200,7200,7200,7200,1805
2026-04-14T17:15:42,1811,-31381,12072,-19,-19,0,223,269,1811,1811,0,0,9098,1836,7200,7200,7200,7200,1811
2026-04-14T17:15:48,1810,-31341,12099,-16,-16,0,221,269,1805,1805,0,0,9098,1836,7200,7200,7200,7200,1809
2026-04-14T17:15:53,1806,-31307,12126,-14,-14,0,248,269,1806,1798,0,0,9098,1836,7200,7200,7200,7200,1794
2026-04-14T17:15:58,1802,-31271,12153,-11,-11,0,233,261,1806,1806,0,0,9098,1815,7200,7200,7200,7200,1805
2026-04-14T17:16:03,1798,-31240,12178,-9,-9,0,225,262,1790,1790,0,0,9098,1815,7200,7200,7200,7200,1790
2026-04-14T17:16:07,1803,-31207,12204,-7,-7,0,232,269,1802,1802,0,0,9098,1815,7200,7200,7200,7200,1792
2026-04-14T17:16:12,1802,-31171,12231,-4,-4,0,240,269,1802,1803,0,0,9098,1815,7200,7200,7200,7200,1803
2026-04-14T17:16:17,1794,-31141,12256,-2,-2,0,240,262,1794,1794,0,0,9098,1815,7200,7200,7200,7200,1795
2026-04-14T17:16:22,1789,-31105,12283,1,1,0,246,269,1794,1794,0,0,9099,1815,7200,7200,7200,7200,1794
2026-04-14T17:16:27,1770,-31072,12309,3,3,0,239,269,1771,1771,0,0,9099,1798,7200,7200,7200,7200,1777
2026-04-14T17:16:32,1756,-31036,12336,6,6,0,232,268,1756,1756,0,0,9099,1798,7200,7200,7200,7200,1760
2026-04-14T17:16:37,1751,-31004,12363,8,8,0,222,268,1768,1768,0,0,9099,1798,7200,7200,7200,7200,1768
2026-04-14T17:16:43,1747,-30965,12389,11,11,0,229,268,1747,1747,0,0,9099,1798,7200,7200,7200,7200,1757
2026-04-14T17:16:48,1750,-30931,12416,14,14,0,232,268,1750,1755,0,0,9099,1798,7200,7200,7200,7200,1757
2026-04-14T17:16:53,1766,-30899,12441,16,16,0,246,268,1766,1766,0,0,9099,1798,7200,7200,7200,7200,1759
2026-04-14T17:16:57,1762,-30868,12464,18,18,0,220,268,1772,1772,0,0,9099,1761,7200,7200,7200,7200,1777
2026-04-14T17:17:02,1781,-30829,12490,21,21,0,230,261,1781,1776,0,0,9099,1761,7200,7200,7200,7200,1769
2026-04-14T17:17:07,1764,-30798,12517,23,23,0,223,261,1764,1764,0,0,9099,1761,7200,7200,7200,7200,1757
2026-04-14T17:17:12,1746,-30766,12538,26,26,0,224,262,1743,1743,0,0,9099,1761,7200,7200,7200,7200,1737
2026-04-14T17:17:17,1733,-30727,12565,28,28,0,239,261,1733,1733,0,0,9099,1761,7200,7200,7200,7200,1727
2026-04-14T17:17:22,1737,-30697,12590,31,31,0,237,260,1737,1742,0,0,9101,1761,7200,7200,7200,7200,1742
2026-04-14T17:17:27,1756,-30663,12617,33,33,0,232,268,1756,1750,0,0,9101,1751,7200,7200,7200,7200,1747
2026-04-14T17:17:32,1746,-30630,12643,36,36,0,223,261,1749,1749,0,0,9101,1751,7200,7200,7200,7200,1750
2026-04-14T17:17:37,1752,-30593,12670,38,38,0,229,268,1748,1748,0,0,9101,1751,7200,7200,7200,7200,1746
2026-04-14T17:17:42,1757,-30561,12692,41,41,0,231,261,1757,1757,0,0,9101,1751,7200,7200,7200,7200,1752
2026-04-14T17:17:48,1726,-30521,12720,44,44,0,223,261,1726,1741,0,0,9101,1751,7200,7200,7200,7200,1754
2026-04-14T17:17:52,1741,-30494,12744,46,46,0,213,261,1741,1741,0,0,9101,1751,7200,7200,7200,7200,1746
2026-04-14T17:17:58,1738,-30453,12773,49,49,0,232,262,1739,1739,0,0,9101,1745,7200,7200,7200,7200,1730
2026-04-14T17:18:03,1722,-30421,12798,51,51,0,222,261,1729,1729,0,0,9101,1745,7200,7200,7200,7200,1728
2026-04-14T17:18:07,1723,-30390,12823,53,53,0,223,261,1727,1727,0,0,9101,1745,7200,7200,7200,7200,1720
2026-04-14T17:18:12,1721,-30355,12851,56,56,0,233,262,1721,1715,0,0,9101,1745,7200,7200,7200,7200,1715
2026-04-14T17:18:17,1719,-30316,12879,59,59,0,225,268,1709,1709,0,0,9101,1745,7200,7200,7200,7200,1702
2026-04-14T17:18:22,1699,-30288,12903,61,61,0,232,261,1699,1699,0,0,9103,1745,7200,7200,7200,7200,1699
2026-04-14T17:18:27,1709,-30255,12929,63,63,0,239,268,1709,1701,0,0,9103,1715,7200,7200,7200,7200,1694
2026-04-14T17:18:32,1706,-30220,12955,66,66,0,231,261,1706,1703,8,0,9103,1715,7200,7200,7200,7200,1701
2026-04-14T17:18:38,1700,-30181,12979,69,69,0,232,261,1700,1700,0,0,9103,1715,7200,7200,7200,7200,1702
2026-04-14T17:18:42,1713,-30151,13005,71,71,0,238,268,1713,1713,0,0,9103,1715,7200,7200,7200,7200,1712
2026-04-14T17:18:47,1691,-30119,13030,73,73,0,232,261,1691,1691,0,0,9103,1715,7200,7200,7200,7200,1707
2026-04-14T17:18:52,1690,-30084,13056,76,76,0,238,268,1690,1690,0,0,9103,1715,7200,7200,7200,7200,1687
2026-04-14T17:18:58,1684,-30046,13085,79,79,0,238,268,1681,1681,0,0,9103,1700,7200,7200,7200,7200,1682
2026-04-14T17:19:02,1682,-30016,13109,81,81,0,229,268,1682,1681,8,8,9103,1700,7200,7200,7200,7200,1686
2026-04-14T17:19:07,1683,-29981,13136,83,83,0,223,261,1683,1683,0,0,9103,1700,7200,7200,7200,7200,1686
2026-04-14T17:19:13,1685,-29943,13162,86,86,0,240,269,1678,1678,0,0,9103,1700,7200,7200,7200,7200,1672
2026-04-14T17:19:17,1687,-29912,13188,88,88,0,222,261,1687,1687,0,0,9103,1700,7200,7200,7200,7200,1682
2026-04-14T17:19:22,1698,-29875,13215,91,91,0,238,261,1694,1694,0,0,9104,1700,7200,7200,7200,7200,1693
2026-04-14T17:19:28,1689,-29841,13238,94,94,0,231,268,1680,1680,0,0,9104,1687,7200,7200,7200,7200,1672
2026-04-14T17:19:32,1697,-29811,13263,96,96,0,238,268,1690,1690,0,0,9104,1687,7200,7200,7200,7200,1682
2026-04-14T17:19:37,1695,-29776,13290,98,98,0,229,268,1687,1687,0,0,9104,1687,7200,7200,7200,7200,1688
2026-04-14T17:19:42,1686,-29737,13317,101,101,0,238,261,1686,1686,0,0,9104,1687,7200,7200,7200,7200,1680
2026-04-14T17:19:47,1690,-29708,13342,103,103,0,236,261,1690,1690,0,0,9104,1687,7200,7200,7200,7200,1682
2026-04-14T17:19:53,1682,-29671,13369,106,106,0,231,275,1682,1674,0,0,9104,1687,7200,7200,7200,7200,1679
2026-04-14T17:19:57,1678,-29640,13394,108,108,0,230,269,1678,1677,0,0,9104,1688,7200,7200,7200,7200,1677
2026-04-14T17:20:02,1670,-29604,13422,111,111,0,238,268,1676,1676,0,0,9104,1688,7200,7200,7200,7200,1686
2026-04-14T17:20:08,1642,-29567,13440,114,114,0,239,262,1643,1643,0,0,9104,1688,7200,7200,7200,7200,1646
2026-04-14T17:20:12,1680,-29537,13466,116,116,0,239,269,1678,1678,0,0,9104,1688,7200,7200,7200,7200,1667
2026-04-14T17:20:17,1661,-29505,13492,118,118,0,231,268,1661,1661,0,0,9104,1688,7200,7200,7200,7200,1658
2026-04-14T17:20:22,1661,-29467,13514,121,121,0,245,268,1661,1661,0,0,9106,1688,7200,7200,7200,7200,1664
2026-04-14T17:20:27,1656,-29436,13536,123,123,0,229,268,1651,1651,0,0,9106,1664,7200,7200,7200,7200,1649
2026-04-14T17:20:32,1644,-29401,13563,126,126,0,229,268,1644,1644,0,0,9106,1664,7200,7200,7200,7200,1651
2026-04-14T17:20:37,1648,-29370,13589,128,128,0,247,268,1658,1658,0,0,9106,1664,7200,7200,7200,7200,1655
2026-04-14T17:20:42,1648,-29329,13612,131,131,0,247,261,1648,1646,0,0,9106,1664,7200,7200,7200,7200,1644
2026-04-14T17:20:48,1649,-29296,13639,134,134,0,231,268,1649,1643,0,0,9106,1664,7200,7200,7200,7200,1643
2026-04-14T17:20:52,1631,-29266,13664,136,136,0,222,261,1631,1631,0,0,9106,1664,7200,7200,7200,7200,1636
2026-04-14T17:20:58,1661,-29226,13688,139,139,0,240,261,1661,1639,0,0,9106,1651,7200,7200,7200,7200,1652
2026-04-14T17:21:02,1648,-29197,13713,141,141,0,231,261,1648,1648,0,0,9106,1651,7200,7200,7200,7200,1645
2026-04-14T17:21:08,1633,-29161,13740,144,144,0,223,268,1645,1645,0,0,9106,1651,7200,7200,7200,7200,1644
2026-04-14T17:21:13,1643,-29125,13762,146,146,0,245,261,1643,1643,0,0,9106,1651,7200,7200,7200,7200,1643
2026-04-14T17:21:17,1641,-29092,13788,148,148,0,236,268,1646,1646,0,8,9106,1651,7200,7200,7200,7200,1643
2026-04-14T17:21:22,1644,-29061,13814,151,151,0,231,261,1644,1650,0,0,9108,1651,7200,7200,7200,7200,1650
2026-04-14T17:21:28,1607,-29022,13842,154,154,0,238,261,1607,1605,0,0,9108,1643,7200,7200,7200,7200,1606
2026-04-14T17:21:32,1644,-28993,13867,156,156,0,231,268,1640,1640,0,0,9108,1643,7200,7200,7200,7200,1645
2026-04-14T17:21:37,1623,-28957,13893,158,158,0,231,261,1623,1623,0,0,9108,1643,7200,7200,7200,7200,1623
2026-04-14T17:21:43,1616,-28922,13920,161,161,0,229,261,1616,1616,0,0,9108,1643,7200,7200,7200,7200,1620
2026-04-14T17:21:48,1634,-28886,13947,164,164,0,231,261,1641,1641,0,0,9108,1643,7200,7200,7200,7200,1643
2026-04-14T17:21:52,1637,-28855,13973,166,166,0,238,261,1637,1637,0,0,9108,1643,7200,7200,7200,7200,1637
2026-04-14T17:21:58,1633,-28817,14000,169,169,0,238,268,1639,1639,0,0,9108,1630,7200,7200,7200,7200,1642
2026-04-14T17:22:02,1635,-28788,14025,171,171,0,229,268,1635,1635,0,0,9108,1630,7200,7200,7200,7200,1636
2026-04-14T17:22:07,1641,-28754,14047,173,173,0,247,268,1643,1643,0,0,9108,1630,7200,7200,7200,7200,1645
2026-04-14T17:22:12,1632,-28719,14073,176,176,0,238,268,1626,1626,0,0,9108,1630,7200,7200,7200,7200,1623
2026-04-14T17:22:17,1625,-28686,14100,178,178,0,245,268,1625,1625,0,0,9108,1630,7200,7200,7200,7200,1623
2026-04-14T17:22:22,1620,-28650,14128,181,181,0,232,261,1620,1620,0,0,9109,1630,7200,7200,7200,7200,1619
2026-04-14T17:22:27,1613,-28619,14152,183,183,0,245,268,1613,1613,0,0,9109,1632,7200,7200,7200,7200,1609
2026-04-14T17:22:32,1613,-28582,14179,186,186,0,239,260,1613,1612,0,0,9109,1632,7200,7200,7200,7200,1613
2026-04-14T17:22:37,1610,-28548,14205,188,188,0,231,261,1610,1608,0,0,9109,1632,7200,7200,7200,7200,1610
2026-04-14T17:22:43,1601,-28510,14228,191,191,0,229,261,1603,1603,0,0,9109,1632,7200,7200,7200,7200,1611
2026-04-14T17:22:47,1602,-28480,14254,193,193,0,232,261,1602,1606,0,0,9109,1632,7200,7200,7200,7200,1606
2026-04-14T17:22:52,1599,-28447,14280,196,196,0,247,268,1599,1599,0,0,9109,1632,7200,7200,7200,7200,1598
2026-04-14T17:22:57,1601,-28411,14306,199,199,0,254,268,1601,1601,0,0,9109,1609,7200,7200,7200,7200,1601
2026-04-14T17:23:02,1591,-28378,14330,201,201,0,247,261,1591,1591,0,0,9109,1609,7200,7200,7200,7200,1593
2026-04-14T17:23:08,1601,-28339,14356,204,204,0,246,268,1598,1598,0,0,9109,1609,7200,7200,7200,7200,1600
2026-04-14T17:23:12,1601,-28309,14382,206,206,0,236,268,1597,1597,0,0,9109,1609,7200,7200,7200,7200,1591
2026-04-14T17:23:17,1587,-28277,14407,208,208,0,238,261,1587,1587,0,0,9109,1609,7200,7200,7200,7200,1582
2026-04-14T17:23:22,1575,-28244,14434,211,211,0,240,261,1577,1577,0,0,9111,1609,7200,7200,7200,7200,1578
2026-04-14T17:23:28,1584,-28206,14460,214,214,0,238,268,1584,1584,0,0,9111,1593,7200,7200,7200,7200,1586
2026-04-14T17:23:32,1589,-28175,14486,216,216,0,248,268,1589,1589,0,0,9111,1593,7200,7200,7200,7200,1585
2026-04-14T17:23:37,1591,-28141,14514,218,218,0,248,268,1590,1590,0,0,9111,1593,7200,7200,7200,7200,1590
2026-04-14T17:23:42,1600,-28107,14540,221,221,0,247,261,1601,1601,0,0,9111,1593,7200,7200,7200,7200,1600
2026-04-14T17:23:47,1594,-28072,14566,223,223,0,240,261,1594,1594,0,0,9111,1593,7200,7200,7200,7200,1590
2026-04-14T17:23:52,1594,-28038,14591,226,226,0,232,261,1596,1596,8,8,9111,1593,7200,7200,7200,7200,1592
2026-04-14T17:23:58,1588,-27998,14620,229,229,0,256,263,1588,1588,0,0,9111,1591,7200,7200,7200,7200,1585
2026-04-14T17:24:02,1586,-27969,14645,231,231,0,224,264,1586,1587,0,0,9111,1591,7200,7200,7200,7200,1588
2026-04-14T17:24:07,1584,-27936,14671,233,233,0,224,271,1586,1586,0,0,9111,1591,7200,7200,7200,7200,1586
2026-04-14T17:24:12,1582,-27901,14697,236,236,0,223,263,1581,1581,0,0,9111,1591,7200,7200,7200,7200,1579
2026-04-14T17:24:17,1580,-27869,14719,238,238,0,224,263,1580,1580,0,0,9111,1591,7200,7200,7200,7200,1580
2026-04-14T17:24:22,1581,-27833,14746,241,241,0,250,271,1581,1581,0,0,9112,1591,7200,7200,7200,7200,1583
2026-04-14T17:24:27,1583,-27797,14773,243,243,0,222,271,1586,1586,0,0,9112,1583,7200,7200,7200,7200,1587
2026-04-14T17:24:33,1586,-27763,14795,246,246,0,225,264,1586,1586,0,0,9112,1583,7200,7200,7200,7200,1589
2026-04-14T17:24:37,1590,-27731,14817,248,248,0,240,271,1590,1590,0,0,9112,1583,7200,7200,7200,7200,1591
2026-04-14T17:24:42,1592,-27694,14844,251,251,0,232,271,1592,1592,0,0,9112,1583,7200,7200,7200,7200,1592
2026-04-14T17:24:47,1591,-27662,14870,253,253,0,240,270,1591,1591,0,0,9112,1583,7200,7200,7200,7200,1589
2026-04-14T17:24:52,1592,-27631,14896,256,256,0,232,269,1592,1592,0,0,9112,1583,7200,7200,7200,7200,1590
2026-04-14T17:24:57,1590,-27592,14923,259,259,0,223,270,1590,1590,0,0,9112,1589,7200,7200,7200,7200,1584
2026-04-14T17:25:02,1614,-27558,14949,261,261,0,240,262,1614,1611,0,0,9112,1589,7200,7200,7200,7200,1611
2026-04-14T17:25:08,1593,-27524,14976,264,264,0,230,263,1593,1593,0,8,9112,1589,7200,7200,7200,7200,1593
2026-04-14T17:25:12,1596,-27490,15002,266,266,0,214,262,1596,1597,0,0,9112,1589,7200,7200,7200,7200,1594
2026-04-14T17:25:17,1595,-27458,15028,268,268,0,245,271,1596,1596,0,0,9112,1589,7200,7200,7200,7200,1591
2026-04-14T17:25:22,1599,-27422,15056,271,271,0,231,270,1599,1596,0,0,9114,1589,7200,7200,7200,7200,1597
2026-04-14T17:25:27,1596,-27390,15080,273,273,0,232,262,1599,1599,0,0,9114,1592,7200,7200,7200,7200,1597
2026-04-14T17:25:32,1607,-27357,15106,276,276,0,240,262,1607,1613,0,0,9114,1592,7200,7200,7200,7200,1613
2026-04-14T17:25:38,1604,-27320,15133,278,279,0,240,263,1606,1610,0,0,9114,1592,7200,7200,7200,7200,1611
2026-04-14T17:25:43,1604,-27286,15160,281,281,0,241,271,1605,1605,0,0,9114,1592,7200,7200,7200,7200,1605
2026-04-14T17:25:47,1626,-27256,15185,283,283,0,238,270,1626,1619,0,0,9114,1592,7200,7200,7200,7200,1619
2026-04-14T17:25:53,1616,-27215,15213,286,286,0,241,271,1611,1611,0,0,9114,1592,7200,7200,7200,7200,1604
2026-04-14T17:25:58,1609,-27182,15239,289,289,0,257,271,1611,1608,0,0,9114,1608,7200,7200,7200,7200,1608
2026-04-14T17:26:02,1617,-27152,15264,291,291,0,241,271,1617,1617,0,0,9114,1608,7200,7200,7200,7200,1617
2026-04-14T17:26:07,1612,-27119,15286,293,293,0,255,270,1612,1617,0,0,9114,1608,7200,7200,7200,7200,1617
2026-04-14T17:26:12,1630,-27081,15314,296,296,0,233,262,1630,1627,0,0,9114,1608,7200,7200,7200,7200,1622
2026-04-14T17:26:18,1612,-27046,15340,299,299,0,242,263,1612,1612,0,0,9114,1608,7200,7200,7200,7200,1613
2026-04-14T17:26:22,1614,-27016,15365,301,301,0,233,263,1614,1616,0,0,9115,1608,7200,7200,7200,7200,1617
2026-04-14T17:26:27,1603,-26981,15393,303,303,0,243,263,1603,1603,0,8,9115,1616,7200,7200,7200,7200,1605
2026-04-14T17:26:33,1616,-26942,15420,306,306,0,257,271,1614,1614,0,0,9115,1616,7200,7200,7200,7200,1615
2026-04-14T17:26:37,1620,-26912,15445,308,308,0,248,270,1620,1622,0,0,9115,1616,7200,7200,7200,7200,1625
2026-04-14T17:26:42,1623,-26880,15471,311,311,0,249,270,1623,1623,0,0,9115,1616,7200,7200,7200,7200,1623
2026-04-14T17:26:47,1616,-26845,15497,313,313,0,263,270,1616,1611,0,0,9115,1616,7200,7200,7200,7200,1611
2026-04-14T17:26:53,1609,-26807,15525,316,316,0,256,270,1609,1609,0,0,9115,1616,7200,7200,7200,7200,1610
2026-04-14T17:26:58,1625,-26774,15546,319,319,0,240,263,1625,1625,0,0,9115,1615,7200,7200,7200,7200,1633
2026-04-14T17:27:02,1617,-26745,15572,321,321,0,249,270,1617,1617,0,0,9115,1615,7200,7200,7200,7200,1624
2026-04-14T17:27:08,1638,-26704,15595,324,324,0,249,270,1638,1634,0,0,9115,1615,7200,7200,7200,7200,1634
2026-04-14T17:27:12,1642,-26673,15621,326,326,0,241,262,1642,1641,0,0,9115,1615,7200,7200,7200,7200,1642
2026-04-14T17:27:18,1643,-26636,15648,329,329,0,242,263,1641,1641,0,0,9115,1615,7200,7200,7200,7200,1640
2026-04-14T17:27:23,1630,-26601,15675,331,331,0,233,263,1629,1625,0,0,9117,1615,7200,7200,7200,7200,1621
2026-04-14T17:27:27,1622,-26572,15700,333,333,0,233,263,1622,1622,0,0,9117,1631,7200,7200,7200,7200,1624
2026-04-14T17:27:36,NaN,-26513,15746,338,338,0,249,270,NaN,NaN,0,0,9117,NaN,7200,7200,7200,7200,1648
2026-04-14T17:27:38,1641,-26498,15755,339,339,0,247,270,1646,1646,0,0,9117,1631,7200,7200,7200,7200,1647
2026-04-14T17:27:43,1639,-26461,15784,342,342,0,231,268,1645,1645,0,0,9117,1631,7200,7200,7200,7200,1651
2026-04-14T17:27:48,1650,-26430,15809,344,344,0,238,268,1652,1652,0,0,9117,1631,7200,7200,7200,7200,1650
2026-04-14T17:27:53,1659,-26397,15835,346,346,0,222,261,1659,1658,0,0,9117,1637,7200,7200,7200,7200,1658
2026-04-14T17:27:58,1657,-26362,15860,349,349,0,239,269,1657,1657,0,0,9117,1637,7200,7200,7200,7200,1657
2026-04-14T17:28:03,1655,-26327,15887,351,351,0,232,261,1656,1656,0,0,9117,1637,7200,7200,7200,7200,1657
2026-04-14T17:28:08,1662,-26296,15913,354,354,0,248,269,1662,1664,0,0,9117,1637,7200,7200,7200,7200,1666
2026-04-14T17:28:13,1666,-26260,15940,356,356,0,255,262,1666,1666,0,0,9117,1637,7200,7200,7200,7200,1666
2026-04-14T17:28:21,NaN,-26204,15985,360,360,0,230,269,NaN,NaN,0,0,9117,NaN,7200,7200,7200,7200,1636
2026-04-14T17:28:23,1627,-26190,15994,361,361,0,231,261,1627,1630,0,0,9118,1657,7200,7200,7200,7200,1630
2026-04-14T17:28:28,1614,-26154,16022,364,364,0,223,270,1624,1624,0,0,9118,1657,7200,7200,7200,7200,1628
2026-04-14T17:28:33,1633,-26122,16047,366,366,0,238,268,1633,1628,0,0,9118,1657,7200,7200,7200,7200,1616
2026-04-14T17:28:39,1638,-26086,16075,369,369,0,222,261,1640,1640,8,0,9118,1657,7200,7200,7200,7200,1639
2026-04-14T17:28:43,1647,-26056,16098,371,371,0,239,276,1648,1648,0,0,9118,1657,7200,7200,7200,7200,1648
2026-04-14T17:28:48,1662,-26018,16119,374,374,0,223,276,1663,1663,0,0,9118,1657,7200,7200,7200,7200,1663
2026-04-14T17:28:54,1654,-25982,16145,377,377,0,247,268,1654,1654,8,8,9118,1639,7200,7200,7200,7200,1652
2026-04-14T17:28:58,1649,-25950,16172,379,379,0,229,261,1648,1648,0,0,9118,1639,7200,7200,7200,7200,1646
2026-04-14T17:29:03,1642,-25920,16197,381,381,0,238,261,1640,1640,0,0,9118,1639,7200,7200,7200,7200,1640
2026-04-14T17:29:08,1632,-25883,16223,384,384,0,223,261,1630,1630,0,0,9118,1639,7200,7200,7200,7200,1629
2026-04-14T17:29:13,1622,-25848,16250,386,386,0,230,269,1623,1623,0,0,9118,1639,7200,7200,7200,7200,1626
2026-04-14T17:29:18,1618,-25815,16277,389,389,0,238,261,1618,1615,0,0,9118,1639,7200,7200,7200,7200,1615
2026-04-14T17:29:23,1613,-25783,16302,391,391,0,231,261,1613,1613,0,0,9120,1633,7200,7200,7200,7200,1615
2026-04-14T17:29:28,1633,-25747,16329,394,394,0,239,261,1633,1632,0,0,9120,1633,7200,7200,7200,7200,1632
2026-04-14T17:29:33,1632,-25713,16350,396,396,0,231,261,1632,1632,0,0,9120,1633,7200,7200,7200,7200,1632
2026-04-14T17:29:38,1636,-25681,16373,399,399,0,240,261,1636,1636,0,0,9120,1633,7200,7200,7200,7200,1636
2026-04-14T17:29:43,1640,-25646,16395,401,401,0,231,261,1643,1643,0,0,9120,1633,7200,7200,7200,7200,1643
2026-04-14T17:29:49,1642,-25607,16422,404,404,0,240,269,1639,1639,0,0,9120,1633,7200,7200,7200,7200,1636
2026-04-14T17:29:54,1631,-25575,16449,407,407,0,240,261,1631,1631,0,0,9120,1633,7200,7200,7200,7200,1634
2026-04-14T17:29:58,1624,-25545,16474,409,409,0,240,262,1624,1624,0,0,9120,1633,7200,7200,7200,7200,1624
2026-04-14T17:30:04,1618,-25504,16502,412,412,0,231,261,1618,1614,0,0,9120,1633,7200,7200,7200,7200,1615
2026-04-14T17:30:08,1610,-25473,16528,414,414,0,231,261,1608,1608,0,0,9120,1633,7200,7200,7200,7200,1615
2026-04-14T17:30:13,1610,-25441,16553,416,416,0,241,261,1610,1610,0,0,9120,1633,7200,7200,7200,7200,1602
2026-04-14T17:30:18,1607,-25408,16580,419,419,0,230,268,1603,1603,0,0,9120,1633,7200,7200,7200,7200,1600
2026-04-14T17:30:23,1594,-25370,16607,421,422,0,261,268,1591,1591,0,0,9122,1615,7200,7200,7200,7200,1590
2026-04-14T17:30:28,1581,-25338,16628,424,424,0,239,268,1581,1581,8,8,9122,1615,7200,7200,7200,7200,1584
2026-04-14T17:30:33,1580,-25305,16655,426,426,0,222,261,1580,1580,0,0,9122,1615,7200,7200,7200,7200,1580
2026-04-14T17:30:39,1574,-25267,16677,429,429,0,254,261,1574,1570,0,0,9122,1615,7200,7200,7200,7200,1572
2026-04-14T17:30:44,1556,-25233,16704,432,432,0,239,268,1554,1554,0,0,9122,1615,7200,7200,7200,7200,1559
2026-04-14T17:30:49,1557,-25201,16726,434,434,0,222,261,1553,1553,0,0,9122,1615,7200,7200,7200,7200,1547
2026-04-14T17:30:53,1534,-25170,16752,436,436,0,222,261,1534,1534,0,0,9122,1569,7200,7200,7200,7200,1535
2026-04-14T17:30:58,1526,-25131,16780,439,439,0,238,268,1526,1524,0,0,9122,1569,7200,7200,7200,7200,1524
2026-04-14T17:31:04,1517,-25097,16805,442,442,0,232,261,1517,1517,0,0,9122,1569,7200,7200,7200,7200,1516
2026-04-14T17:31:08,1516,-25064,16832,444,444,0,239,262,1516,1514,8,0,9122,1569,7200,7200,7200,7200,1510
2026-04-14T17:31:13,1507,-25030,16858,446,446,0,241,261,1505,1505,0,0,9122,1569,7200,7200,7200,7200,1503
2026-04-14T17:31:18,1503,-24997,16884,449,449,0,222,268,1503,1501,0,0,9122,1569,7200,7200,7200,7200,1499
2026-04-14T17:31:24,1505,-24961,16907,452,452,0,229,261,1505,1505,0,0,9123,1514,7200,7200,7200,7200,1506
2026-04-14T17:31:28,1513,-24931,16927,454,454,0,239,269,1513,1513,0,0,9123,1514,7200,7200,7200,7200,1518
2026-04-14T17:31:34,1513,-24894,16951,456,457,0,246,269,1513,1513,0,0,9123,1514,7200,7200,7200,7200,1513
2026-04-14T17:31:39,1551,-24857,16976,459,459,0,241,268,1557,1557,0,0,9123,1514,7200,7200,7200,7200,1557
2026-04-14T17:31:43,1521,-24826,17000,461,461,0,222,261,1521,1521,0,0,9123,1514,7200,7200,7200,7200,1527
2026-04-14T17:31:48,1569,-24795,17025,464,464,0,231,268,1568,1568,0,0,9123,1514,7200,7200,7200,7200,1568
2026-04-14T17:31:54,1593,-24756,17052,467,467,0,238,261,1589,1589,0,0,9123,1538,7200,7200,7200,7200,1589
2026-04-14T17:31:58,1600,-24725,17078,469,469,0,238,268,1600,1600,0,0,9123,1538,7200,7200,7200,7200,1596
2026-04-14T17:32:03,1594,-24691,17105,471,471,0,237,276,1594,1587,0,0,9123,1538,7200,7200,7200,7200,1587
2026-04-14T17:32:09,1619,-24655,17131,474,474,0,230,268,1619,1623,0,0,9123,1538,7200,7200,7200,7200,1620
2026-04-14T17:32:14,1604,-24618,17154,477,477,0,231,261,1618,1618,0,0,9123,1538,7200,7200,7200,7200,1610
2026-04-14T17:32:19,1601,-24586,17181,479,479,0,213,261,1605,1605,0,0,9123,1538,7200,7200,7200,7200,1608
2026-04-14T17:32:24,1592,-24551,17206,482,482,0,213,268,1592,1592,0,0,9125,1605,7200,7200,7200,7200,1603
2026-04-14T17:32:29,1604,-24516,17232,484,484,0,229,268,1604,1604,0,0,9125,1605,7200,7200,7200,7200,1601
2026-04-14T17:32:33,1600,-24487,17258,486,486,0,238,268,1600,1600,0,0,9125,1605,7200,7200,7200,7200,1602
2026-04-14T17:32:39,1598,-24451,17281,489,489,0,222,261,1598,1598,0,0,9125,1605,7200,7200,7200,7200,1599
2026-04-14T17:32:43,1584,-24419,17307,491,491,0,236,268,1583,1583,0,0,9125,1605,7200,7200,7200,7200,1583
2026-04-14T17:32:48,1588,-24384,17333,494,494,0,241,261,1587,1587,0,0,9125,1605,7200,7200,7200,7200,1585
2026-04-14T17:32:53,1582,-24348,17360,496,496,0,248,268,1582,1582,0,0,9125,1594,7200,7200,7200,7200,1581
2026-04-14T17:32:58,1572,-24315,17387,499,499,0,248,268,1572,1572,0,0,9125,1594,7200,7200,7200,7200,1573
2026-04-14T17:33:04,1568,-24278,17413,502,502,0,229,268,1568,1571,0,0,9125,1594,7200,7200,7200,7200,1572
2026-04-14T17:33:09,1567,-24243,17440,504,504,0,222,268,1568,1568,0,0,9125,1594,7200,7200,7200,7200,1567
2026-04-14T17:33:14,1536,-24211,17461,507,507,0,238,268,1536,1536,0,0,9125,1594,7200,7200,7200,7200,1537
2026-04-14T17:33:19,1541,-24175,17489,509,509,0,231,268,1543,1543,0,0,9125,1594,7200,7200,7200,7200,1548
2026-04-14T17:33:24,1537,-24142,17514,512,512,0,231,261,1537,1537,0,0,9126,1558,7200,7200,7200,7200,1540
2026-04-14T17:33:29,1526,-24109,17541,514,514,0,239,268,1526,1526,8,0,9126,1558,7200,7200,7200,7200,1523
2026-04-14T17:33:33,1527,-24077,17566,516,516,0,222,268,1527,1527,0,0,9126,1558,7200,7200,7200,7200,1527
2026-04-14T17:33:39,1514,-24038,17594,519,519,0,248,261,1514,1513,0,0,9126,1558,7200,7200,7200,7200,1510
2026-04-14T17:33:43,1491,-24006,17620,522,522,0,222,268,1490,1490,0,0,9126,1558,7200,7200,7200,7200,1489
2026-04-14T17:33:49,1482,-23971,17643,524,524,0,222,261,1482,1482,0,0,9126,1558,7200,7200,7200,7200,1482
2026-04-14T17:33:53,1468,-23941,17667,526,526,0,229,268,1461,1461,0,0,9126,1508,7200,7200,7200,7200,1460
2026-04-14T17:33:58,1462,-23907,17694,529,529,0,229,268,1465,1463,0,0,9126,1508,7200,7200,7200,7200,1463
2026-04-14T17:34:04,1458,-23870,17721,532,532,0,246,268,1458,1459,0,0,9126,1508,7200,7200,7200,7200,1459
2026-04-14T17:34:09,1460,-23837,17747,534,534,0,231,261,1460,1459,0,0,9126,1508,7200,7200,7200,7200,1459
2026-04-14T17:34:13,1465,-23806,17773,536,536,0,231,261,1461,1461,0,0,9126,1508,7200,7200,7200,7200,1457
2026-04-14T17:34:19,1461,-23770,17799,539,539,0,247,268,1460,1460,0,0,9126,1508,7200,7200,7200,7200,1459
2026-04-14T17:34:23,1467,-23736,17826,541,541,0,215,261,1463,1463,0,0,9128,1461,7200,7200,7200,7200,1462
2026-04-14T17:34:29,1471,-23701,17853,544,544,0,224,268,1471,1471,0,0,9128,1461,7200,7200,7200,7200,1472
2026-04-14T17:34:33,1472,-23670,17878,546,546,0,213,261,1472,1472,0,0,9128,1461,7200,7200,7200,7200,1474
2026-04-14T17:34:38,1472,-23632,17905,549,549,0,222,261,1472,1472,0,0,9128,1461,7200,7200,7200,7200,1472
2026-04-14T17:34:44,1467,-23596,17932,552,552,0,236,268,1467,1465,0,0,9128,1461,7200,7200,7200,7200,1465
2026-04-14T17:34:49,1460,-23561,17959,554,554,0,231,261,1460,1458,0,0,9128,1461,7200,7200,7200,7200,1457
2026-04-14T17:34:53,1446,-23533,17984,556,556,0,222,261,1444,1444,0,0,9128,1466,7200,7200,7200,7200,1443
2026-04-14T17:34:58,1432,-23496,18011,559,559,0,238,268,1431,1429,0,0,9128,1466,7200,7200,7200,7200,1429
2026-04-14T17:35:03,1413,-23462,18037,561,562,0,238,261,1413,1413,0,0,9128,1466,7200,7200,7200,7200,1410
2026-04-14T17:35:08,1396,-23431,18062,564,564,0,238,268,1396,1396,0,0,9128,1466,7200,7200,7200,7200,1395
2026-04-14T17:35:13,1381,-23398,18084,566,566,0,231,261,1381,1381,0,0,9128,1466,7200,7200,7200,7200,1380
2026-04-14T17:35:18,1368,-23362,18111,569,569,0,231,261,1368,1368,0,0,9128,1466,7200,7200,7200,7200,1368
2026-04-14T17:35:23,1361,-23327,18137,571,571,0,238,268,1361,1361,0,0,9129,1399,7200,7200,7200,7200,1360
2026-04-14T17:35:28,1355,-23294,18164,574,574,0,238,268,1354,1354,0,0,9129,1399,7200,7200,7200,7200,1354
2026-04-14T17:35:33,1349,-23257,18190,576,576,0,231,261,1349,1349,0,0,9129,1399,7200,7200,7200,7200,1349
2026-04-14T17:35:38,1346,-23226,18216,579,579,0,238,268,1346,1346,0,0,9129,1399,7200,7200,7200,7200,1346
2026-04-14T17:35:43,1341,-23191,18243,581,581,0,238,268,1341,1341,0,0,9129,1399,7200,7200,7200,7200,1339
2026-04-14T17:35:48,1332,-23158,18269,584,584,0,231,270,1332,1332,0,0,9129,1399,7200,7200,7200,7200,1330
2026-04-14T17:35:53,1320,-23121,18296,587,586,0,246,261,1318,1318,0,0,9129,1344,7200,7200,7200,7200,1317
2026-04-14T17:35:58,1308,-23088,18321,589,589,0,238,268,1307,1307,0,0,9129,1344,7200,7200,7200,7200,1306
2026-04-14T17:36:03,1292,-23056,18348,591,591,0,238,268,1292,1292,0,0,9129,1344,7200,7200,7200,7200,1291
2026-04-14T17:36:09,1276,-23017,18375,594,594,0,229,261,1276,1276,0,0,9129,1344,7200,7200,7200,7200,1276
2026-04-14T17:36:13,1257,-22986,18401,596,596,0,222,268,1257,1257,0,0,9129,1344,7200,7200,7200,7200,1257
2026-04-14T17:36:19,1247,-22950,18428,599,599,0,238,268,1243,1243,0,0,9129,1344,7200,7200,7200,7200,1240
2026-04-14T17:36:24,1228,-22914,18454,602,602,0,231,268,1228,1228,0,0,9130,1275,7200,7200,7200,7200,1227
2026-04-14T17:36:29,1219,-22880,18476,604,604,0,238,268,1219,1219,0,0,9130,1275,7200,7200,7200,7200,1216
2026-04-14T17:36:34,1210,-22849,18502,606,606,0,231,268,1210,1210,0,8,9130,1275,7200,7200,7200,7200,1210
2026-04-14T17:36:38,1199,-22816,18528,609,609,0,222,261,1199,1197,0,0,9130,1275,7200,7200,7200,7200,1197
2026-04-14T17:36:43,1187,-22783,18554,611,611,0,247,268,1187,1187,0,0,9130,1275,7200,7200,7200,7200,1185
2026-04-14T17:36:49,1174,-22743,18582,614,614,0,229,268,1174,1174,0,0,9130,1275,7200,7200,7200,7200,1173
2026-04-14T17:36:53,1166,-22713,18607,616,616,0,247,268,1166,1165,8,8,9130,1197,7200,7200,7200,7200,1163
2026-04-14T17:36:58,1159,-22681,18629,619,619,0,222,261,1159,1159,0,0,9130,1197,7200,7200,7200,7200,1159
2026-04-14T17:37:03,1156,-22645,18651,621,621,0,232,268,1156,1156,0,0,9130,1197,7200,7200,7200,7200,1156
2026-04-14T17:37:08,1156,-22610,18674,624,624,0,229,261,1157,1157,0,0,9130,1197,7200,7200,7200,7200,1158
2026-04-14T17:37:13,1160,-22576,18701,626,626,0,239,260,1160,1160,0,0,9130,1197,7200,7200,7200,7200,1162
2026-04-14T17:37:19,1166,-22543,18727,629,629,0,245,268,1166,1166,0,0,9130,1197,7200,7200,7200,7200,1166
2026-04-14T17:37:23,1173,-22506,18753,632,632,0,231,261,1173,1173,0,0,9131,1160,7200,7200,7200,7200,1173
2026-04-14T17:37:28,1181,-22473,18780,634,634,0,238,268,1181,1181,0,0,9131,1160,7200,7200,7200,7200,1181
2026-04-14T17:37:33,1185,-22442,18801,636,636,0,231,268,1185,1185,0,0,9131,1160,7200,7200,7200,7200,1191
2026-04-14T17:37:39,1196,-22404,18830,639,639,0,238,268,1196,1195,0,0,9131,1160,7200,7200,7200,7200,1195
2026-04-14T17:37:43,1197,-22372,18854,641,641,0,231,261,1197,1197,0,0,9131,1160,7200,7200,7200,7200,1197
2026-04-14T17:37:49,1199,-22336,18882,644,644,0,222,261,1201,1201,0,0,9131,1160,7200,7200,7200,7200,1201
2026-04-14T17:37:58,NaN,-22271,18931,649,649,0,229,261,NaN,NaN,0,0,9131,NaN,7200,7200,7200,7200,NaN
2026-04-14T17:38:00,1213,-22260,18943,650,650,0,222,268,1212,1212,0,0,9131,1190,7200,7200,7200,7200,1213
2026-04-14T17:38:05,1212,-22222,18970,652,652,0,231,261,1213,1213,0,0,9131,1190,7200,7200,7200,7200,1214
2026-04-14T17:38:10,1223,-22188,18992,655,655,0,231,261,1223,1223,0,0,9131,1190,7200,7200,7200,7200,1223
2026-04-14T17:38:15,1223,-22155,19019,658,658,0,238,268,1223,1223,0,0,9131,1190,7200,7200,7200,7200,1221
2026-04-14T17:38:20,1227,-22123,19044,660,660,0,231,261,1227,1226,0,0,9131,1190,7200,7200,7200,7200,1226
2026-04-14T17:38:25,1220,-22088,19071,662,662,0,229,268,1221,1221,0,0,9132,1217,7200,7200,7200,7200,1221
2026-04-14T17:38:30,1212,-22054,19097,665,665,0,222,261,1212,1212,0,0,9132,1217,7200,7200,7200,7200,1211
2026-04-14T17:38:35,1198,-22020,19124,667,667,0,222,261,1198,1198,0,0,9132,1217,7200,7200,7200,7200,1198
2026-04-14T17:38:41,1181,-21982,19151,670,670,0,238,268,1181,1181,0,0,9132,1217,7200,7200,7200,7200,1180
2026-04-14T17:38:46,1160,-21948,19177,673,673,0,247,268,1160,1160,0,0,9132,1217,7200,7200,7200,7200,1156
2026-04-14T17:38:50,1144,-21916,19204,675,675,712,551,527,1141,1141,187,262,9132,1217,7200,7200,7200,7200,1140
2026-04-14T17:38:56,1129,-21877,19230,678,678,757,861,845,1129,1126,298,298,9132,1186,7200,7200,7200,7200,1126
2026-04-14T17:39:01,1107,-21846,19256,680,680,758,937,930,1106,1106,343,343,9132,1186,7200,7200,7200,7200,1106
2026-04-14T17:39:05,1092,-21814,19282,682,682,758,949,936,1091,1091,321,307,9132,1186,7200,7200,7200,7200,1089
2026-04-14T17:39:10,1076,-21780,19308,685,685,757,958,935,1074,1074,307,307,9132,1186,7200,7200,7200,7200,1073
2026-04-14T17:39:16,1058,-21742,19336,688,688,758,959,935,1058,1058,298,298,9132,1186,7200,7200,7200,7200,1055
2026-04-14T17:39:21,1045,-21708,19362,690,690,757,951,928,1045,1041,285,298,9132,1186,7200,7200,7200,7200,1040
2026-04-14T17:39:25,1033,-21676,19387,693,693,757,927,904,1031,1031,262,254,9132,1083,7200,7200,7200,7200,1028
2026-04-14T17:39:30,1017,-21645,19414,695,695,757,941,903,1017,1017,262,262,9132,1083,7200,7200,7200,7200,1017
2026-04-14T17:39:35,1008,-21611,19440,697,697,1201,930,922,1008,1008,262,262,9132,1083,7200,7200,7200,7200,1006
2026-04-14T17:39:41,998,-21576,19466,700,700,1512,563,550,998,998,231,218,9132,1083,7200,7200,7200,7200,996
2026-04-14T17:39:46,988,-21540,19492,703,703,1512,581,551,988,988,218,231,9132,1083,7200,7200,7200,7200,986
2026-04-14T17:39:50,978,-21509,19514,705,705,1512,583,560,977,977,218,218,9132,1083,7200,7200,7200,7200,977
2026-04-14T17:39:55,969,-21471,19542,708,708,1512,556,542,969,968,186,186,9132,1003,7200,7200,7200,7200,965
2026-04-14T17:40:00,962,-21440,19567,710,710,1512,564,533,965,965,195,195,9132,1003,7200,7200,7200,7200,968
2026-04-14T17:40:05,956,-21406,19593,712,712,1512,574,541,956,960,209,209,9132,1003,7200,7200,7200,7200,961
2026-04-14T17:40:10,959,-21369,19621,715,715,1512,564,541,959,959,195,195,9132,1003,7200,7200,7200,7200,960
2026-04-14T17:40:15,957,-21337,19646,717,717,1512,555,541,959,963,186,186,9132,1003,7200,7200,7200,7200,963
2026-04-14T17:40:20,962,-21303,19673,720,720,1512,572,542,962,964,186,186,9132,1003,7200,7200,7200,7200,964
2026-04-14T17:40:25,974,-21270,19700,722,722,1512,556,542,974,974,186,186,9132,962,7200,7200,7200,7200,973
2026-04-14T17:40:30,978,-21232,19726,725,725,1512,566,543,978,979,195,195,9132,962,7200,7200,7200,7200,977
2026-04-14T17:40:35,982,-21201,19751,727,727,1512,565,542,984,984,209,209,9132,962,7200,7200,7200,7200,985
2026-04-14T17:40:41,992,-21165,19774,730,730,1512,563,542,992,992,209,209,9132,962,7200,7200,7200,7200,994
2026-04-14T17:40:45,1001,-21134,19800,732,732,1512,592,562,1001,1001,218,218,9132,962,7200,7200,7200,7200,1001
2026-04-14T17:40:51,1011,-21096,19827,735,735,1512,594,570,1011,1011,231,231,9132,962,7200,7200,7200,7200,1012
2026-04-14T17:40:56,1019,-21063,19853,737,738,1512,583,570,1019,1021,240,240,9132,989,7200,7200,7200,7200,1021
2026-04-14T17:41:00,1028,-21031,19879,740,740,1513,600,570,1028,1028,253,253,9132,989,7200,7200,7200,7200,1029
2026-04-14T17:41:05,1037,-20997,19906,742,742,1513,594,570,1037,1037,262,262,9132,989,7200,7200,7200,7200,1036
2026-04-14T17:41:10,1046,-20962,19931,745,745,1513,585,570,1046,1046,262,262,9132,989,7200,7200,7200,7200,1044
2026-04-14T17:41:16,1052,-20925,19959,748,748,1513,814,791,1052,1052,262,262,9132,989,7200,7200,7200,7200,1052
2026-04-14T17:41:20,1057,-20892,19985,750,750,1513,901,862,1056,1056,275,275,9132,989,7200,7200,7200,7200,1056
2026-04-14T17:41:26,1060,-20857,20011,753,753,1513,929,915,1060,1061,262,275,9132,1039,7200,7200,7200,7200,1061
2026-04-14T17:41:30,1061,-20826,20037,755,755,1513,938,922,1061,1061,275,275,9132,1039,7200,7200,7200,7200,1061
2026-04-14T17:41:35,1060,-20792,20064,757,757,1513,952,922,1060,1060,275,275,9132,1039,7200,7200,7200,7200,1060
2026-04-14T17:41:40,1057,-20755,20091,760,760,1513,944,929,1055,1053,275,275,9132,1039,7200,7200,7200,7200,1053
2026-04-14T17:41:45,1045,-20724,20115,762,762,1513,955,925,1045,1045,275,284,9132,1039,7200,7200,7200,7200,1044
2026-04-14T17:41:50,1035,-20691,20142,765,765,1513,952,931,1035,1035,298,298,9132,1039,7200,7200,7200,7200,1033
2026-04-14T17:41:56,1019,-20649,20171,768,768,1513,969,938,1017,1017,298,298,9132,1052,7200,7200,7200,7200,1017
2026-04-14T17:42:01,1008,-20617,20196,770,770,1515,1089,1060,1008,1008,530,530,9132,1052,7200,7200,7200,7200,1005
2026-04-14T17:42:06,1001,-20585,20222,773,773,1514,1049,1026,999,999,432,432,9132,1052,7200,7200,7200,7200,995
2026-04-14T17:42:10,987,-20553,20247,775,775,1514,1048,1025,987,987,440,440,9132,1052,7200,7200,7200,7200,985
2026-04-14T17:42:16,981,-20517,20274,778,778,1514,1054,1015,981,981,432,440,9132,1052,7200,7200,7200,7200,980
2026-04-14T17:42:20,971,-20486,20300,780,780,1514,1021,1005,971,971,432,432,9132,1052,7200,7200,7200,7200,971
2026-04-14T17:42:26,967,-20449,20327,783,783,1514,1027,1004,967,968,432,440,9132,993,7200,7200,7200,7200,968
2026-04-14T17:42:34,NaN,-20389,20372,787,787,1514,1043,1003,NaN,NaN,432,432,9132,NaN,7200,7200,7200,7200,963
2026-04-14T17:42:36,962,-20371,20387,788,788,1514,1003,980,962,963,396,387,9132,993,7200,7200,7200,7200,963
2026-04-14T17:42:42,964,-20337,20414,791,791,1514,1025,995,964,964,432,432,9132,993,7200,7200,7200,7200,966
2026-04-14T17:42:46,963,-20305,20439,793,793,1514,1024,994,963,963,418,418,9132,993,7200,7200,7200,7200,961
2026-04-14T17:42:51,961,-20271,20465,796,796,1514,1008,994,961,961,418,418,9132,993,7200,7200,7200,7200,963
2026-04-14T17:42:57,966,-20236,20492,798,798,1514,1018,995,966,966,418,432,9132,964,7200,7200,7200,7200,965
2026-04-14T17:43:02,965,-20201,20518,801,801,1514,1028,995,965,965,432,432,9132,964,7200,7200,7200,7200,964
2026-04-14T17:43:06,964,-20169,20544,803,803,1514,1018,995,964,964,418,418,9132,964,7200,7200,7200,7200,962
2026-04-14T17:43:12,966,-20132,20571,806,806,1514,1018,995,966,966,432,432,9132,964,7200,7200,7200,7200,965
2026-04-14T17:43:17,972,-20098,20597,808,808,1514,1024,994,972,972,418,432,9132,964,7200,7200,7200,7200,973
2026-04-14T17:43:21,980,-20068,20623,811,811,1514,1018,996,981,981,418,432,9132,964,7200,7200,7200,7200,980
2026-04-14T17:43:28,991,-20027,20651,813,814,1514,1047,1024,993,992,463,463,9132,967,7200,7200,7200,7200,993
2026-04-14T17:43:32,1000,-19996,20677,816,816,1514,1051,1022,1000,1000,463,463,9132,967,7200,7200,7200,7200,1000
2026-04-14T17:43:37,1011,-19962,20703,818,818,1515,1045,1022,1013,1013,463,463,9132,967,7200,7200,7200,7200,1014
2026-04-14T17:43:42,1022,-19927,20729,821,821,1515,1043,1022,1022,1022,463,476,9132,967,7200,7200,7200,7200,1021
2026-04-14T17:43:47,1033,-19893,20755,823,823,1515,1059,1043,1033,1033,485,476,9132,967,7200,7200,7200,7200,1033
2026-04-14T17:43:52,1040,-19861,20782,826,826,1515,1066,1043,1040,1040,485,485,9132,967,7200,7200,7200,7200,1041
2026-04-14T17:43:58,1048,-19823,20809,828,829,1515,1069,1053,1048,1048,499,499,9132,1014,7200,7200,7200,7200,1046
2026-04-14T17:44:01,1053,-19794,20834,831,831,1515,1083,1053,1052,1052,499,508,9132,1014,7200,7200,7200,7200,1053
2026-04-14T17:44:08,1057,-19756,20861,833,834,1515,1076,1053,1057,1057,508,508,9132,1014,7200,7200,7200,7200,1059
2026-04-14T17:44:12,1059,-19725,20887,836,836,1515,1097,1075,1059,1061,521,521,9132,1014,7200,7200,7200,7200,1060
2026-04-14T17:44:16,1064,-19692,20913,838,838,1515,1091,1061,1064,1066,521,521,9132,1014,7200,7200,7200,7200,1067
2026-04-14T17:44:22,1069,-19652,20941,841,841,1515,1092,1070,1068,1068,521,521,9132,1014,7200,7200,7200,7200,1066
2026-04-14T17:44:27,1074,-19622,20966,843,843,1515,1099,1076,1072,1072,530,543,9132,1057,7200,7200,7200,7200,1070
2026-04-14T17:44:32,1076,-19586,20993,846,846,1515,1104,1075,1076,1076,530,530,9132,1057,7200,7200,7200,7200,1076
2026-04-14T17:44:38,1078,-19550,21020,849,849,1515,1104,1076,1078,1081,530,530,9132,1057,7200,7200,7200,7200,1084
2026-04-14T17:44:42,1084,-19518,21045,851,851,1515,1098,1075,1085,1085,543,530,9132,1057,7200,7200,7200,7200,1085
2026-04-14T17:44:46,1088,-19487,21070,853,853,1515,1105,1076,1088,1092,530,543,9132,1057,7200,7200,7200,7200,1092
2026-04-14T17:44:52,1094,-19454,21097,856,856,1515,1105,1075,1094,1094,543,543,9132,1057,7200,7200,7200,7200,1094
2026-04-14T17:44:57,1104,-19416,21121,858,858,1515,1108,1084,1104,1104,552,552,9132,1082,7200,7200,7200,7200,1104
2026-04-14T17:45:02,1114,-19381,21147,861,861,1515,1108,1078,1113,1115,553,566,9132,1082,7200,7200,7200,7200,1115
2026-04-14T17:45:06,1127,-19352,21172,863,863,1516,1133,1104,1127,1127,575,566,9132,1082,7200,7200,7200,7200,1127
2026-04-14T17:45:12,1139,-19315,21195,866,866,1515,1130,1100,1139,1139,566,553,9132,1082,7200,7200,7200,7200,1140
2026-04-14T17:45:16,1145,-19281,21217,868,868,1516,1132,1102,1145,1145,566,566,9132,1082,7200,7200,7200,7200,1148
2026-04-14T17:45:21,1156,-19247,21243,871,871,1516,1148,1117,1157,1157,597,597,9132,1082,7200,7200,7200,7200,1157
2026-04-14T17:45:26,1166,-19216,21265,873,873,1516,1152,1122,1166,1166,611,597,9132,1128,7200,7200,7200,7200,1166
2026-04-14T17:45:31,1178,-19181,21291,876,876,1516,1158,1129,1178,1178,619,619,9132,1128,7200,7200,7200,7200,1178
2026-04-14T17:45:37,1187,-19144,21318,878,878,1516,1152,1128,1187,1187,633,633,9132,1128,7200,7200,7200,7200,1189
2026-04-14T17:45:42,1196,-19111,21345,881,881,1516,1164,1127,1196,1196,633,633,9132,1128,7200,7200,7200,7200,1198
2026-04-14T17:45:47,1208,-19077,21371,883,883,1517,1201,1200,1208,1209,731,731,9132,1128,7200,7200,7200,7200,1208
2026-04-14T17:45:51,1217,-19043,21397,886,886,1517,1241,1209,1217,1217,754,754,9132,1128,7200,7200,7200,7200,1220
2026-04-14T17:45:57,1229,-19006,21420,888,888,1517,1243,1227,1230,1230,745,754,9132,1189,7200,7200,7200,7200,1231
2026-04-14T17:46:02,1240,-18972,21447,891,891,1517,1235,1228,1240,1240,754,754,9132,1189,7200,7200,7200,7200,1241
2026-04-14T17:46:07,1249,-18942,21472,893,893,1517,1251,1228,1249,1249,754,745,9132,1189,7200,7200,7200,7200,1248
2026-04-14T17:46:12,1256,-18906,21498,896,896,1517,1259,1228,1256,1256,745,745,9132,1189,7200,7200,7200,7200,1257
2026-04-14T17:46:17,1262,-18871,21525,898,898,1517,1255,1233,1262,1262,745,754,9132,1189,7200,7200,7200,7200,1262
2026-04-14T17:46:22,1268,-18839,21552,901,901,1517,1280,1241,1268,1268,767,767,9132,1189,7200,7200,7200,7200,1267
2026-04-14T17:46:26,1272,-18805,21578,903,903,1517,1247,1231,1272,1272,768,768,9132,1248,7200,7200,7200,7200,1270
2026-04-14T17:46:31,1269,-18771,21603,906,906,1517,1300,1261,1269,1269,776,776,9132,1248,7200,7200,7200,7200,1269
2026-04-14T17:46:37,1272,-18735,21626,908,908,1517,1271,1241,1273,1273,767,767,9132,1248,7200,7200,7200,7200,1273
2026-04-14T17:46:41,1273,-18705,21652,911,911,1517,1291,1261,1273,1272,767,767,9132,1248,7200,7200,7200,7200,1272
2026-04-14T17:46:48,1268,-18664,21680,913,913,1517,1291,1251,1268,1270,767,776,9132,1248,7200,7200,7200,7200,1271
2026-04-14T17:46:51,1271,-18635,21701,916,916,1517,1290,1261,1271,1271,776,776,9132,1248,7200,7200,7200,7200,1269
2026-04-14T17:46:57,1264,-18600,21728,918,918,1517,1277,1261,1264,1267,767,767,9132,1271,7200,7200,7200,7200,1267
2026-04-14T17:47:01,1261,-18567,21754,921,921,1517,1255,1239,1261,1261,767,776,9132,1271,7200,7200,7200,7200,1261
2026-04-14T17:47:08,1269,-18527,21781,924,924,1517,1273,1231,1270,1271,768,776,9132,1271,7200,7200,7200,7200,1271
2026-04-14T17:47:11,1260,-18498,21806,926,926,1518,1274,1241,1260,1260,768,768,9132,1271,7200,7200,7200,7200,1260
2026-04-14T17:47:17,1243,-18462,21832,928,928,1517,1245,1230,1243,1243,776,776,9132,1271,7200,7200,7200,7200,1241
2026-04-14T17:47:22,1238,-18429,21859,931,931,1517,1215,1211,1235,1235,731,731,9132,1271,7200,7200,7200,7200,1234
2026-04-14T17:47:27,1224,-18396,21885,933,933,1517,1243,1222,1221,1221,731,731,9132,1258,7200,7200,7200,7200,1219
2026-04-14T17:47:32,1195,-18361,21911,936,936,2004,1198,1184,1195,1195,685,699,9132,1258,7200,7200,7200,7200,1195
2026-04-14T17:47:37,1168,-18322,21940,939,939,2048,1197,1174,1168,1168,699,699,9132,1258,7200,7200,7200,7200,1165
2026-04-14T17:47:42,1152,-18290,21965,941,941,2137,1202,1181,1152,1148,699,699,9132,1258,7200,7200,7200,7200,1148
2026-04-14T17:47:47,1120,-18257,21992,943,943,2271,1169,1153,1120,1119,654,641,9132,1258,7200,7200,7200,7200,1116
2026-04-14T17:47:51,1094,-18226,22017,946,946,2271,1152,1124,1094,1092,610,610,9132,1258,7200,7200,7200,7200,1092
2026-04-14T17:47:57,1072,-18193,22043,948,948,2271,1147,1131,1072,1071,610,610,9132,1165,7200,7200,7200,7200,1069
2026-04-14T17:48:02,1048,-18154,22070,951,951,2271,1132,1102,1045,1045,574,574,9132,1165,7200,7200,7200,7200,1044
2026-04-14T17:48:07,1027,-18121,22096,953,953,2271,1124,1103,1026,1023,574,574,9132,1165,7200,7200,7200,7200,1023
2026-04-14T17:48:12,1008,-18085,22123,956,956,2271,1066,1053,1008,1008,507,507,9132,1165,7200,7200,7200,7200,1005
2026-04-14T17:48:18,994,-18050,22150,958,958,2271,1072,1051,993,993,507,507,9132,1165,7200,7200,7200,7200,993
2026-04-14T17:48:22,985,-18020,22175,961,961,2271,1063,1049,985,986,507,507,9132,1165,7200,7200,7200,7200,984
2026-04-14T17:48:26,972,-17987,22201,963,963,2270,1048,1044,973,973,485,485,9132,1025,7200,7200,7200,7200,971
2026-04-14T17:48:31,964,-17955,22227,966,966,2271,1041,1025,964,964,476,476,9132,1025,7200,7200,7200,7200,964
2026-04-14T17:48:36,964,-17920,22254,968,968,2271,1070,1047,963,963,476,476,9132,1025,7200,7200,7200,7200,963
2026-04-14T17:48:42,965,-17882,22280,971,971,2271,1070,1057,965,965,485,485,9132,1025,7200,7200,7200,7200,963
2026-04-14T17:48:48,954,-17847,22308,973,974,2270,1085,1055,954,950,485,476,9132,1025,7200,7200,7200,7200,950
2026-04-14T17:48:51,953,-17819,22332,976,976,2271,1076,1056,953,953,485,476,9132,1025,7200,7200,7200,7200,951
2026-04-14T17:48:58,945,-17778,22360,979,979,2271,1087,1038,946,946,476,485,9132,962,7200,7200,7200,7200,945
2026-04-14T17:49:01,944,-17748,22385,981,981,2271,1076,1046,944,942,485,485,9132,962,7200,7200,7200,7200,941
2026-04-14T17:49:07,939,-17714,22413,983,983,2271,1086,1056,938,938,485,476,9132,962,7200,7200,7200,7200,938
2026-04-14T17:49:11,933,-17681,22437,986,986,2271,1060,1055,934,934,485,485,9132,962,7200,7200,7200,7200,933
2026-04-14T17:49:16,927,-17646,22465,988,988,2270,1007,977,927,927,387,396,9132,962,7200,7200,7200,7200,927
2026-04-14T17:49:22,924,-17610,22491,991,991,2271,1059,1037,924,924,454,454,9132,962,7200,7200,7200,7200,924
2026-04-14T17:49:27,925,-17577,22517,993,993,2271,1039,1025,923,923,454,454,9132,936,7200,7200,7200,7200,923
2026-04-14T17:49:32,925,-17544,22543,996,996,2271,1066,1035,925,925,454,454,9132,936,7200,7200,7200,7200,924
2026-04-14T17:49:36,922,-17510,22570,998,998,2271,1056,1026,923,923,454,454,9132,936,7200,7200,7200,7200,922
2026-04-14T17:49:41,922,-17476,22596,1001,1001,2271,1048,1027,922,922,454,454,9132,936,7200,7200,7200,7200,922
2026-04-14T17:49:47,923,-17437,22625,1003,1003,2271,1068,1029,923,923,454,454,9132,936,7200,7200,7200,7200,922
2026-04-14T17:49:52,926,-17406,22649,1006,1006,2271,1052,1027,926,926,463,463,9132,936,7200,7200,7200,7200,926
2026-04-14T17:49:57,931,-17372,22675,1008,1008,2270,1006,985,930,930,387,387,9132,923,7200,7200,7200,7200,931
2026-04-14T17:50:02,935,-17337,22702,1011,1011,2270,587,564,935,935,240,231,9132,923,7200,7200,7200,7200,937
2026-04-14T17:50:07,951,-17305,22727,1013,1013,2270,596,565,951,951,240,240,9132,923,7200,7200,7200,7200,950
2026-04-14T17:50:12,962,-17270,22755,1016,1016,2270,605,581,962,965,262,262,9132,923,7200,7200,7200,7200,965
2026-04-14T17:50:16,973,-17237,22780,1018,1018,2270,613,583,973,973,284,284,9132,923,7200,7200,7200,7200,973
2026-04-14T17:50:22,993,-17202,22807,1021,1021,2270,844,822,993,995,284,298,9132,923,7200,7200,7200,7200,998
2026-04-14T17:50:27,1012,-17167,22834,1023,1023,2270,888,891,1012,1012,307,307,9132,953,7200,7200,7200,7200,1015
2026-04-14T17:50:32,1026,-17132,22856,1026,1026,2270,963,940,1026,1026,307,307,9132,953,7200,7200,7200,7200,1026
2026-04-14T17:50:36,1044,-17101,22877,1028,1028,2270,991,969,1044,1048,351,351,9132,953,7200,7200,7200,7200,1049
2026-04-14T17:50:42,1060,-17066,22904,1031,1031,2270,1004,983,1060,1060,387,387,9132,953,7200,7200,7200,7200,1060
2026-04-14T17:50:46,1071,-17031,22931,1033,1033,2270,999,984,1073,1073,387,387,9132,953,7200,7200,7200,7200,1074
2026-04-14T17:50:52,1067,-16998,22957,1036,1036,2270,997,982,1067,1067,387,373,9132,953,7200,7200,7200,7200,1067
2026-04-14T17:50:57,1067,-16962,22983,1038,1038,2270,998,991,1067,1070,387,387,9132,1044,7200,7200,7200,7200,1074
2026-04-14T17:51:01,1073,-16931,23009,1041,1041,2271,1020,997,1073,1072,396,396,9132,1044,7200,7200,7200,7200,1077
2026-04-14T17:51:08,1070,-16891,23038,1044,1044,2270,1029,998,1070,1070,396,396,9132,1044,7200,7200,7200,7200,1074
2026-04-14T17:51:12,1073,-16859,23063,1046,1046,2271,1037,1007,1071,1071,387,387,9132,1044,7200,7200,7200,7200,1069
2026-04-14T17:51:17,1065,-16824,23089,1048,1048,2271,1048,1010,1063,1063,387,396,9132,1044,7200,7200,7200,7200,1062
2026-04-14T17:51:22,1052,-16789,23115,1051,1051,2270,1040,1001,1052,1049,387,387,9132,1044,7200,7200,7200,7200,1049
2026-04-14T17:51:28,1039,-16756,23142,1054,1054,2270,1023,975,1037,1037,342,351,9132,1070,7200,7200,7200,7200,1037
2026-04-14T17:51:31,1025,-16727,23167,1056,1056,2270,1007,968,1025,1023,342,351,9132,1070,7200,7200,7200,7200,1023
2026-04-14T17:51:36,1009,-16693,23194,1058,1058,2270,997,968,1007,1007,351,342,9132,1070,7200,7200,7200,7200,1007
2026-04-14T17:51:42,993,-16657,23220,1061,1061,2270,990,952,992,992,307,307,9132,1070,7200,7200,7200,7200,991
2026-04-14T17:51:48,979,-16619,23248,1064,1064,2270,988,950,979,977,298,307,9132,1070,7200,7200,7200,7200,978
2026-04-14T17:51:52,970,-16586,23273,1066,1066,2270,988,950,971,971,298,307,9132,1070,7200,7200,7200,7200,971
2026-04-14T17:51:57,963,-16553,23300,1068,1068,2270,979,940,962,962,307,307,9132,1006,7200,7200,7200,7200,962
2026-04-14T17:52:01,952,-16521,23325,1071,1071,2270,988,949,952,952,298,298,9132,1006,7200,7200,7200,7200,952
2026-04-14T17:52:07,947,-16487,23352,1073,1073,2270,990,951,947,947,307,307,9132,1006,7200,7200,7200,7200,948
2026-04-14T17:52:12,940,-16447,23379,1076,1076,2270,953,923,940,941,275,275,9132,1006,7200,7200,7200,7200,943
2026-04-14T17:52:17,935,-16419,23404,1078,1078,2270,944,922,935,935,275,262,9132,1006,7200,7200,7200,7200,935
2026-04-14T17:52:21,928,-16385,23430,1081,1081,2270,604,581,928,928,253,253,9132,1006,7200,7200,7200,7200,926
2026-04-14T17:52:27,914,-16350,23457,1083,1083,2270,620,581,914,914,262,262,9132,946,7200,7200,7200,7200,914
2026-04-14T17:52:32,904,-16312,23484,1086,1086,2270,628,580,904,904,253,253,9132,946,7200,7200,7200,7200,902
2026-04-14T17:52:37,898,-16277,23507,1089,1089,2270,593,561,895,895,231,218,9132,946,7200,7200,7200,7200,895
2026-04-14T17:52:42,885,-16245,23533,1091,1091,2270,585,562,885,885,209,209,9132,946,7200,7200,7200,7200,885
2026-04-14T17:52:47,876,-16209,23559,1094,1094,2270,585,562,876,876,218,209,9132,946,7200,7200,7200,7200,875
2026-04-14T17:52:52,871,-16179,23584,1096,1096,2270,585,562,871,870,218,218,9132,946,7200,7200,7200,7200,870
2026-04-14T17:52:57,860,-16143,23612,1098,1098,2270,585,562,860,860,218,218,9132,894,7200,7200,7200,7200,861
2026-04-14T17:53:02,851,-16111,23638,1101,1101,2270,587,563,851,851,195,186,9132,894,7200,7200,7200,7200,850
2026-04-14T17:53:06,842,-16080,23663,1103,1103,2270,571,538,839,839,164,164,9132,894,7200,7200,7200,7200,837
2026-04-14T17:53:12,836,-16041,23690,1106,1106,2270,561,537,835,835,173,173,9132,894,7200,7200,7200,7200,835
2026-04-14T17:53:17,832,-16008,23716,1108,1108,2270,576,546,832,832,173,173,9132,894,7200,7200,7200,7200,832
2026-04-14T17:53:21,825,-15976,23742,1111,1111,2270,567,537,825,825,164,164,9132,894,7200,7200,7200,7200,825
2026-04-14T17:53:27,820,-15937,23769,1114,1114,2270,574,537,820,820,173,173,9132,843,7200,7200,7200,7200,819
2026-04-14T17:53:32,819,-15904,23796,1116,1116,2270,558,535,819,819,164,164,9132,843,7200,7200,7200,7200,819
2026-04-14T17:53:37,816,-15871,23823,1118,1118,2270,567,537,816,816,164,164,9132,843,7200,7200,7200,7200,815
2026-04-14T17:53:42,815,-15836,23849,1121,1121,2270,564,534,815,815,164,164,9132,843,7200,7200,7200,7200,813
2026-04-14T17:53:48,822,-15802,23874,1123,1123,2270,550,534,819,820,173,164,9132,843,7200,7200,7200,7200,820
2026-04-14T17:53:52,828,-15771,23900,1126,1126,2270,557,534,828,828,173,173,9132,843,7200,7200,7200,7200,828
2026-04-14T17:53:58,834,-15733,23924,1129,1129,2270,564,534,834,834,164,173,9132,819,7200,7200,7200,7200,834
2026-04-14T17:54:02,834,-15704,23949,1131,1131,2270,564,534,834,835,173,173,9132,819,7200,7200,7200,7200,835
2026-04-14T17:54:07,844,-15668,23971,1133,1133,2270,564,534,844,844,164,173,9132,819,7200,7200,7200,7200,845
2026-04-14T17:54:12,853,-15636,23993,1136,1136,2270,557,534,855,855,164,173,9132,819,7200,7200,7200,7200,855
2026-04-14T17:54:17,858,-15601,24020,1138,1138,2270,574,534,858,858,195,195,9132,819,7200,7200,7200,7200,860
2026-04-14T17:54:22,870,-15562,24047,1141,1141,2270,566,543,870,871,195,186,9132,819,7200,7200,7200,7200,871
2026-04-14T17:54:28,875,-15528,24073,1143,1144,2270,574,551,875,875,195,195,9132,846,7200,7200,7200,7200,875
2026-04-14T17:54:31,887,-15498,24099,1146,1146,2270,566,543,888,888,209,209,9132,846,7200,7200,7200,7200,886
2026-04-14T17:54:37,889,-15464,24127,1148,1148,2270,584,551,889,889,218,218,9132,846,7200,7200,7200,7200,890
2026-04-14T17:54:42,895,-15426,24152,1151,1151,2270,574,551,895,895,218,218,9132,846,7200,7200,7200,7200,894
2026-04-14T17:54:48,903,-15391,24179,1154,1154,2270,575,550,904,904,231,231,9132,846,7200,7200,7200,7200,904
2026-04-14T17:54:52,911,-15362,24201,1156,1156,2270,575,568,911,911,240,240,9132,846,7200,7200,7200,7200,911
2026-04-14T17:54:56,912,-15330,24226,1158,1158,2270,599,569,912,913,240,240,9132,889,7200,7200,7200,7200,913
2026-04-14T17:55:03,918,-15289,24254,1161,1161,2270,590,560,918,917,240,240,9132,889,7200,7200,7200,7200,919
2026-04-14T17:55:07,932,-15258,24280,1163,1163,2270,603,580,933,933,262,253,9132,889,7200,7200,7200,7200,935
2026-04-14T17:55:12,942,-15225,24306,1166,1166,2270,593,577,944,944,262,262,9132,889,7200,7200,7200,7200,944
2026-04-14T17:55:17,946,-15191,24333,1168,1168,2270,594,579,946,946,275,262,9132,889,7200,7200,7200,7200,948
2026-04-14T17:55:21,952,-15158,24358,1171,1171,2270,828,782,953,953,262,262,9132,889,7200,7200,7200,7200,953
2026-04-14T17:55:26,951,-15123,24385,1173,1173,2270,865,835,951,951,275,275,9132,932,7200,7200,7200,7200,954
2026-04-14T17:55:32,959,-15090,24412,1176,1176,2270,941,911,959,960,275,284,9132,932,7200,7200,7200,7200,960
2026-04-14T17:55:37,977,-15052,24438,1178,1178,2270,960,930,980,980,307,307,9132,932,7200,7200,7200,7200,984
2026-04-14T17:55:41,987,-15021,24463,1181,1181,2270,969,930,984,984,307,307,9132,932,7200,7200,7200,7200,986
2026-04-14T17:55:47,989,-14986,24489,1183,1183,2270,960,930,987,987,298,298,9132,932,7200,7200,7200,7200,987
2026-04-14T17:55:53,989,-14949,24517,1186,1186,2270,946,940,989,989,284,298,9132,932,7200,7200,7200,7200,986
2026-04-14T17:55:57,997,-14916,24544,1188,1188,2270,976,939,997,997,298,298,9132,973,7200,7200,7200,7200,997
2026-04-14T17:56:02,1002,-14882,24569,1191,1191,2270,968,937,1001,1001,298,307,9132,973,7200,7200,7200,7200,997
2026-04-14T17:56:07,989,-14850,24595,1193,1193,2270,967,937,990,990,298,298,9132,973,7200,7200,7200,7200,992
2026-04-14T17:56:13,1011,-14812,24622,1196,1196,2270,977,947,1011,1011,320,320,9132,973,7200,7200,7200,7200,1014
2026-04-14T17:56:17,1012,-14782,24643,1198,1198,2271,976,946,1009,1009,329,329,9132,973,7200,7200,7200,7200,1007
2026-04-14T17:56:23,1004,-14746,24666,1201,1201,2271,976,945,1009,1009,320,320,9132,973,7200,7200,7200,7200,1012
2026-04-14T17:56:27,994,-14716,24692,1203,1203,2271,984,945,994,992,320,320,9132,1003,7200,7200,7200,7200,992
2026-04-14T17:56:32,1001,-14680,24719,1206,1206,2271,962,940,994,994,298,298,9132,1003,7200,7200,7200,7200,994
2026-04-14T17:56:37,1007,-14644,24745,1208,1208,2271,978,939,1010,1010,298,298,9132,1003,7200,7200,7200,7200,1008
2026-04-14T17:56:42,1007,-14612,24771,1211,1211,2271,977,947,1007,1007,298,307,9132,1003,7200,7200,7200,7200,1007
2026-04-14T17:56:47,1007,-14575,24799,1213,1213,2270,985,948,1007,1005,320,320,9132,1003,7200,7200,7200,7200,1005
2026-04-14T17:56:52,995,-14543,24824,1216,1216,2271,963,946,995,995,307,307,9132,1003,7200,7200,7200,7200,994
2026-04-14T17:56:57,988,-14509,24850,1218,1218,2270,984,944,988,988,320,307,9132,1001,7200,7200,7200,7200,987
2026-04-14T17:57:02,984,-14473,24877,1221,1221,2271,984,944,981,981,307,307,9132,1001,7200,7200,7200,7200,979
2026-04-14T17:57:07,982,-14440,24901,1223,1223,2270,975,938,982,979,320,329,9132,1001,7200,7200,7200,7200,979
2026-04-14T17:57:12,982,-14407,24925,1226,1226,2271,976,937,982,982,307,320,9132,1001,7200,7200,7200,7200,983
2026-04-14T17:57:17,985,-14373,24951,1228,1228,2271,964,927,986,986,320,320,9132,1001,7200,7200,7200,7200,986
2026-04-14T17:57:22,992,-14335,24979,1231,1231,2271,967,935,992,991,307,307,9132,1001,7200,7200,7200,7200,991
2026-04-14T17:57:32,NaN,-14272,25028,1236,1236,2271,969,936,NaN,NaN,307,307,9132,NaN,7200,7200,7200,7200,NaN
2026-04-14T17:57:33,1001,-14257,25040,1237,1237,2271,965,943,1001,1001,320,320,9132,984,7200,7200,7200,7200,1001
2026-04-14T17:57:39,1000,-14222,25068,1239,1239,2271,973,943,1000,1003,307,307,9132,984,7200,7200,7200,7200,1003
2026-04-14T17:57:44,1004,-14189,25092,1242,1242,2270,512,482,1004,1004,97,106,9132,984,7200,7200,7200,7200,1004
2026-04-14T17:57:49,1001,-14154,25113,1244,1244,2270,732,709,1001,1001,284,287,9132,984,7200,7200,7200,7200,1001
2026-04-14T17:57:54,998,-14118,25139,1247,1247,2270,575,552,997,997,218,218,9132,1001,7200,7200,7200,7200,998
2026-04-14T17:57:59,1000,-14087,25165,1249,1249,2270,574,551,1000,1000,231,218,9132,1001,7200,7200,7200,7200,1002
2026-04-14T17:58:05,1002,-14048,25192,1252,1252,2270,597,544,1002,1001,195,186,9132,1001,7200,7200,7200,7200,1000
2026-04-14T17:58:09,1007,-14017,25217,1254,1254,2270,575,552,1007,1007,209,195,9132,1001,7200,7200,7200,7200,998
2026-04-14T17:58:14,999,-13986,25243,1257,1257,2270,581,551,999,1000,209,209,9132,1001,7200,7200,7200,7200,1000
2026-04-14T17:58:19,1000,-13951,25267,1259,1259,2270,583,543,999,999,195,195,9132,1001,7200,7200,7200,7200,999
2026-04-14T17:58:24,1001,-13916,25292,1262,1262,2270,581,549,1001,1001,209,209,9132,1000,7200,7200,7200,7200,1002
2026-04-14T17:58:28,1001,-13884,25318,1264,1264,2270,572,558,1001,1001,209,209,9132,1000,7200,7200,7200,7200,1001
2026-04-14T17:58:35,998,-13846,25345,1267,1267,2270,573,550,998,1001,209,209,9132,1000,7200,7200,7200,7200,1003
2026-04-14T17:58:39,1004,-13815,25367,1269,1269,2270,580,550,1002,1002,218,218,9132,1000,7200,7200,7200,7200,1002
2026-04-14T17:58:43,1001,-13781,25393,1272,1272,2270,590,551,1001,1002,218,218,9132,1000,7200,7200,7200,7200,1002
2026-04-14T17:58:49,995,-13744,25420,1274,1274,2802,581,560,995,995,218,218,9132,1000,7200,7200,7200,7200,995
2026-04-14T17:58:54,996,-13713,25446,1277,1277,2980,574,551,996,996,218,209,9132,1000,7200,7200,7200,7200,996
2026-04-14T17:58:59,995,-13679,25473,1279,1279,3025,584,545,995,995,209,209,9132,1000,7200,7200,7200,7200,994
2026-04-14T17:59:03,992,-13644,25499,1282,1282,3025,581,551,992,992,218,218,9132,1000,7200,7200,7200,7200,994
2026-04-14T17:59:09,989,-13610,25524,1284,1284,3025,583,551,989,989,218,218,9132,1000,7200,7200,7200,7200,986
2026-04-14T17:59:15,980,-13574,25552,1287,1287,3025,574,544,977,977,209,209,9132,1000,7200,7200,7200,7200,976
2026-04-14T17:59:19,979,-13539,25578,1289,1289,3025,582,543,979,979,218,218,9132,1000,7200,7200,7200,7200,978
2026-04-14T17:59:23,975,-13509,25603,1292,1292,3025,582,550,976,976,209,218,9132,986,7200,7200,7200,7200,977
2026-04-14T17:59:29,973,-13473,25630,1294,1294,3025,560,536,973,973,186,173,9132,986,7200,7200,7200,7200,972
2026-04-14T17:59:34,971,-13440,25657,1297,1297,3025,586,554,971,971,195,195,9132,986,7200,7200,7200,7200,970
2026-04-14T17:59:39,972,-13402,25683,1299,1300,3025,579,547,970,970,186,186,9132,986,7200,7200,7200,7200,965
2026-04-14T17:59:43,974,-13372,25709,1302,1302,3025,570,547,974,971,186,186,9132,986,7200,7200,7200,7200,971
2026-04-14T17:59:49,974,-13336,25736,1304,1305,3025,586,547,974,974,186,186,9132,986,7200,7200,7200,7200,974
2026-04-14T17:59:55,976,-13300,25762,1307,1307,3025,586,555,974,974,186,186,9132,973,7200,7200,7200,7200,975
2026-04-14T17:59:59,973,-13268,25789,1309,1309,3025,579,550,973,973,186,186,9132,973,7200,7200,7200,7200,974
2026-04-14T18:00:04,966,-13233,25814,1312,1312,3025,579,549,966,962,195,195,9132,973,7200,7200,7200,7200,962
2026-04-14T18:00:09,964,-13201,25841,1314,1314,3025,577,539,964,964,195,195,9132,973,7200,7200,7200,7200,967
2026-04-14T18:00:14,960,-13168,25867,1317,1317,3025,571,548,960,960,195,195,9132,973,7200,7200,7200,7200,959
2026-04-14T18:00:18,951,-13133,25893,1319,1319,3025,582,554,951,951,186,186,9132,973,7200,7200,7200,7200,953
2026-04-14T18:00:24,952,-13098,25920,1322,1322,3025,562,546,952,952,195,195,9132,964,7200,7200,7200,7200,950
2026-04-14T18:00:29,948,-13064,25946,1324,1324,3025,569,553,947,947,195,186,9132,964,7200,7200,7200,7200,948
2026-04-14T18:00:34,945,-13031,25969,1327,1327,3025,567,537,945,945,195,186,9132,964,7200,7200,7200,7200,947
2026-04-14T18:00:38,941,-12997,25990,1329,1329,3025,576,546,941,941,186,186,9132,964,7200,7200,7200,7200,940
2026-04-14T18:00:43,940,-12963,26016,1332,1332,3025,559,536,940,939,151,151,9132,964,7200,7200,7200,7200,939
2026-04-14T18:00:50,940,-12924,26045,1335,1335,3025,561,538,940,940,164,164,9132,964,7200,7200,7200,7200,939
2026-04-14T18:00:54,946,-12889,26071,1337,1337,3025,567,537,946,946,164,164,9132,944,7200,7200,7200,7200,946
2026-04-14T18:00:59,952,-12857,26092,1340,1340,3025,576,538,952,952,173,173,9132,944,7200,7200,7200,7200,952
2026-04-14T18:01:04,944,-12821,26120,1342,1342,3025,563,539,944,944,164,164,9132,944,7200,7200,7200,7200,945
2026-04-14T18:01:09,944,-12789,26145,1344,1344,3025,561,538,944,943,164,164,9132,944,7200,7200,7200,7200,941
2026-04-14T18:01:13,946,-12758,26170,1347,1347,3025,569,540,946,946,164,164,9132,944,7200,7200,7200,7200,947
2026-04-14T18:01:19,950,-12721,26198,1350,1350,3025,567,537,950,950,164,164,9132,944,7200,7200,7200,7200,950
2026-04-14T18:01:25,949,-12685,26225,1352,1352,3025,568,547,949,949,164,164,9132,947,7200,7200,7200,7200,947
2026-04-14T18:01:29,949,-12653,26250,1354,1354,3025,568,538,949,949,164,164,9132,947,7200,7200,7200,7200,949
2026-04-14T18:01:34,948,-12620,26276,1357,1357,3025,577,538,948,948,164,164,9132,947,7200,7200,7200,7200,948
2026-04-14T18:01:38,947,-12588,26302,1359,1359,3025,571,540,947,947,173,173,9132,947,7200,7200,7200,7200,948
2026-04-14T18:01:44,947,-12553,26326,1362,1362,3025,569,548,947,947,173,164,9132,947,7200,7200,7200,7200,947
2026-04-14T18:01:49,947,-12515,26352,1364,1364,3025,561,538,944,944,164,173,9132,947,7200,7200,7200,7200,942
2026-04-14T18:01:54,943,-12481,26379,1367,1367,3025,569,539,941,941,164,173,9132,947,7200,7200,7200,7200,939
2026-04-14T18:01:58,936,-12452,26403,1369,1369,3025,568,538,936,936,164,164,9132,947,7200,7200,7200,7200,937
2026-04-14T18:02:05,935,-12412,26431,1372,1372,3025,569,548,935,936,173,173,9132,947,7200,7200,7200,7200,938
2026-04-14T18:02:09,930,-12379,26457,1375,1375,3025,578,538,930,932,164,164,9132,947,7200,7200,7200,7200,932
2026-04-14T18:02:14,929,-12347,26483,1377,1377,3025,574,537,927,927,164,173,9132,947,7200,7200,7200,7200,927
2026-04-14T18:02:20,925,-12311,26510,1380,1380,3025,574,537,922,922,151,142,9132,947,7200,7200,7200,7200,920
2026-04-14T18:02:25,918,-12276,26533,1382,1382,3025,560,537,918,918,129,129,9132,931,7200,7200,7200,7200,918
2026-04-14T18:02:29,920,-12243,26558,1384,1385,3025,574,537,920,920,129,129,9132,931,7200,7200,7200,7200,919
2026-04-14T18:02:34,912,-12213,26584,1387,1387,3025,576,530,912,912,142,142,9132,931,7200,7200,7200,7200,912
2026-04-14T18:02:39,913,-12178,26610,1389,1389,3025,575,529,913,913,142,142,9132,931,7200,7200,7200,7200,914
2026-04-14T18:02:44,911,-12143,26637,1392,1392,3025,567,537,911,911,142,142,9132,931,7200,7200,7200,7200,909
2026-04-14T18:02:49,907,-12110,26663,1394,1394,3025,569,539,907,908,142,142,9132,931,7200,7200,7200,7200,907
2026-04-14T18:02:54,905,-12076,26689,1397,1397,3025,563,540,905,905,142,142,9132,912,7200,7200,7200,7200,906
2026-04-14T18:02:59,899,-12042,26715,1399,1399,3025,567,537,899,899,142,142,9132,912,7200,7200,7200,7200,898
2026-04-14T18:03:04,894,-12006,26742,1402,1402,3025,559,519,891,887,129,129,9132,912,7200,7200,7200,7200,887
2026-04-14T18:03:09,890,-11974,26768,1404,1404,3025,535,521,890,890,106,106,9132,912,7200,7200,7200,7200,887
2026-04-14T18:03:14,885,-11940,26794,1407,1407,3025,544,512,888,888,106,106,9132,912,7200,7200,7200,7200,890
2026-04-14T18:03:19,884,-11906,26821,1409,1409,3025,558,502,883,883,106,106,9132,912,7200,7200,7200,7200,883
2026-04-14T18:03:24,882,-11872,26847,1412,1412,3025,509,522,882,882,120,120,9132,891,7200,7200,7200,7200,882
2026-04-14T18:03:28,876,-11838,26873,1414,1414,3025,513,521,876,876,106,106,9132,891,7200,7200,7200,7200,875
2026-04-14T18:03:34,870,-11805,26900,1417,1417,3025,535,512,870,870,120,120,9132,891,7200,7200,7200,7200,870
2026-04-14T18:03:39,867,-11771,26922,1419,1419,3025,535,512,867,867,120,120,9132,891,7200,7200,7200,7200,865
2026-04-14T18:03:44,858,-11734,26949,1422,1422,3025,532,502,858,858,106,106,9132,891,7200,7200,7200,7200,858
2026-04-14T18:03:48,854,-11702,26974,1424,1424,3025,515,492,854,854,120,120,9132,891,7200,7200,7200,7200,854
2026-04-14T18:03:54,850,-11666,27001,1427,1427,3025,502,511,850,851,106,120,9132,866,7200,7200,7200,7200,849
2026-04-14T18:03:58,847,-11635,27027,1429,1429,3025,476,485,848,848,106,106,9132,866,7200,7200,7200,7200,848
2026-04-14T18:04:03,843,-11600,27049,1432,1432,3025,416,418,843,843,84,84,9132,866,7200,7200,7200,7200,841
2026-04-14T18:04:09,843,-11565,27077,1434,1434,3025,450,459,841,841,75,75,9132,866,7200,7200,7200,7200,840
2026-04-14T18:04:15,835,-11527,27103,1437,1437,3025,441,459,835,833,75,84,9132,866,7200,7200,7200,7200,833
2026-04-14T18:04:19,830,-11496,27128,1439,1439,3025,427,443,830,830,75,75,9132,866,7200,7200,7200,7200,829
2026-04-14T18:04:23,825,-11463,27155,1442,1442,3025,428,428,825,825,75,75,9132,840,7200,7200,7200,7200,825
2026-04-14T18:04:29,820,-11430,27182,1444,1444,3025,420,389,818,818,75,75,9132,840,7200,7200,7200,7200,816
2026-04-14T18:04:34,813,-11396,27208,1447,1447,3025,426,417,813,813,75,75,9132,840,7200,7200,7200,7200,814
2026-04-14T18:04:39,811,-11360,27230,1449,1449,3025,392,408,813,813,84,84,9132,840,7200,7200,7200,7200,813
2026-04-14T18:04:44,808,-11325,27257,1452,1452,3025,419,392,808,808,53,53,9132,840,7200,7200,7200,7200,806
2026-04-14T18:04:49,801,-11289,27284,1454,1454,3023,296,357,800,800,40,40,9132,840,7200,7200,7200,7200,800
2026-04-14T18:04:53,798,-11259,27309,1457,1457,3023,285,294,798,798,40,40,9132,812,7200,7200,7200,7200,798
2026-04-14T18:05:00,793,-11221,27337,1460,1460,3023,268,293,794,794,40,53,9132,812,7200,7200,7200,7200,793
2026-04-14T18:05:04,791,-11190,27362,1462,1462,3023,299,348,791,791,53,53,9132,812,7200,7200,7200,7200,789
2026-04-14T18:05:09,786,-11156,27384,1464,1464,3023,278,277,786,786,40,40,9132,812,7200,7200,7200,7200,786
2026-04-14T18:05:14,783,-11120,27411,1467,1467,3023,304,278,783,783,40,40,9132,812,7200,7200,7200,7200,783
2026-04-14T18:05:19,781,-11087,27437,1469,1469,3023,285,285,781,780,40,40,9132,812,7200,7200,7200,7200,780
2026-04-14T18:05:24,776,-11052,27463,1472,1472,3023,278,286,775,775,40,53,9132,787,7200,7200,7200,7200,776
2026-04-14T18:05:29,774,-11020,27484,1474,1474,3023,286,314,774,774,40,53,9132,787,7200,7200,7200,7200,774
2026-04-14T18:05:34,770,-10985,27508,1477,1477,3023,288,314,770,770,53,53,9132,787,7200,7200,7200,7200,770
2026-04-14T18:05:39,766,-10951,27535,1479,1479,3023,263,286,766,767,40,40,9132,787,7200,7200,7200,7200,767
2026-04-14T18:05:45,764,-10914,27561,1482,1482,3023,298,320,764,764,40,53,9132,787,7200,7200,7200,7200,764
2026-04-14T18:05:50,762,-10880,27588,1484,1485,3023,326,349,762,761,53,53,9132,787,7200,7200,7200,7200,762
2026-04-14T18:05:54,760,-10849,27612,1487,1487,3023,315,331,760,760,40,40,9132,768,7200,7200,7200,7200,760
2026-04-14T18:06:00,756,-10811,27640,1490,1490,3023,305,321,757,757,40,40,9132,768,7200,7200,7200,7200,757
2026-04-14T18:06:04,753,-10782,27666,1492,1492,3025,270,286,753,751,53,53,9132,768,7200,7200,7200,7200,753
2026-04-14T18:06:09,755,-10747,27692,1494,1494,3023,276,278,755,755,40,40,9132,768,7200,7200,7200,7200,754
2026-04-14T18:06:14,752,-10711,27719,1497,1497,3023,262,285,751,751,40,31,9132,768,7200,7200,7200,7200,751
2026-04-14T18:06:19,748,-10680,27744,1499,1499,3023,297,278,748,748,40,40,9132,768,7200,7200,7200,7200,749
2026-04-14T18:06:24,746,-10645,27771,1502,1502,3025,327,349,743,743,53,53,9132,753,7200,7200,7200,7200,746
2026-04-14T18:06:30,744,-10606,27795,1505,1505,3025,319,303,744,744,40,31,9132,753,7200,7200,7200,7200,744
2026-04-14T18:06:34,743,-10577,27820,1507,1507,3023,272,294,742,742,62,53,9132,753,7200,7200,7200,7200,741
2026-04-14T18:06:40,739,-10537,27847,1510,1510,3023,293,303,739,738,40,53,9132,753,7200,7200,7200,7200,738
2026-04-14T18:06:43,735,-10509,27872,1512,1512,3023,284,294,735,735,40,53,9132,753,7200,7200,7200,7200,736
2026-04-14T18:06:49,736,-10471,27900,1515,1515,3023,287,312,736,736,53,40,9132,753,7200,7200,7200,7200,736
2026-04-14T18:06:53,734,-10441,27924,1517,1517,3023,268,284,734,735,40,53,9132,739,7200,7200,7200,7200,735
2026-04-14T18:06:59,734,-10406,27951,1519,1519,3023,302,294,732,732,53,53,9132,739,7200,7200,7200,7200,732
2026-04-14T18:07:03,732,-10372,27977,1522,1522,3023,282,285,732,732,40,40,9132,739,7200,7200,7200,7200,732
2026-04-14T18:07:09,730,-10335,28005,1525,1525,3023,288,329,730,730,53,53,9132,739,7200,7200,7200,7200,730
2026-04-14T18:07:14,729,-10302,28031,1527,1527,3023,287,321,729,729,40,40,9132,739,7200,7200,7200,7200,729
2026-04-14T18:07:20,727,-10264,28057,1530,1530,3025,295,339,727,727,53,53,9132,739,7200,7200,7200,7200,728
2026-04-14T18:07:23,730,-10236,28082,1532,1532,3023,276,322,730,730,53,53,9132,730,7200,7200,7200,7200,728
2026-04-14T18:07:29,729,-10202,28109,1534,1534,3023,285,285,729,729,53,40,9132,730,7200,7200,7200,7200,728
2026-04-14T18:07:34,729,-10169,28135,1537,1537,3023,326,349,729,727,53,53,9132,730,7200,7200,7200,7200,727
2026-04-14T18:07:40,726,-10128,28163,1540,1540,3023,340,349,726,726,40,53,9132,730,7200,7200,7200,7200,725
2026-04-14T18:07:44,726,-10099,28188,1542,1542,3023,342,372,726,726,40,40,9132,730,7200,7200,7200,7200,724
2026-04-14T18:07:49,723,-10065,28214,1544,1544,3023,340,355,721,721,40,40,9132,730,7200,7200,7200,7200,721
2026-04-14T18:07:54,723,-10027,28241,1547,1547,3025,356,304,723,723,53,40,9132,725,7200,7200,7200,7200,721
2026-04-14T18:07:59,721,-9996,28266,1549,1549,3023,337,349,721,721,53,53,9132,725,7200,7200,7200,7200,721
2026-04-14T18:08:04,718,-9963,28293,1552,1552,3023,279,320,718,718,40,40,9132,725,7200,7200,7200,7200,714
2026-04-14T18:08:10,711,-9922,28322,1555,1555,3023,268,284,711,711,31,31,9132,725,7200,7200,7200,7200,710
2026-04-14T18:08:14,705,-9890,28347,1557,1557,3023,268,284,703,703,8,8,9132,725,7200,7200,7200,7200,702
2026-04-14T18:08:19,702,-9857,28373,1560,1560,3023,280,286,702,702,8,8,9132,725,7200,7200,7200,7200,702
2026-04-14T18:08:24,700,-9826,28399,1562,1562,3023,262,284,700,700,8,8,9132,711,7200,7200,7200,7200,700
2026-04-14T18:08:29,700,-9793,28425,1564,1564,3023,261,277,700,700,17,17,9132,711,7200,7200,7200,7200,699
2026-04-14T18:08:34,698,-9757,28452,1567,1567,3023,268,277,698,698,31,31,9132,711,7200,7200,7200,7200,698
2026-04-14T18:08:40,695,-9720,28479,1570,1570,3023,261,277,694,694,17,31,9132,711,7200,7200,7200,7200,694
2026-04-14T18:08:44,695,-9688,28504,1572,1572,3023,275,261,694,694,17,31,9132,711,7200,7200,7200,7200,694
2026-04-14T18:08:49,693,-9654,28531,1574,1574,3023,261,277,693,693,31,31,9132,711,7200,7200,7200,7200,694
2026-04-14T18:08:54,692,-9622,28556,1577,1577,3023,268,277,692,692,17,17,9132,696,7200,7200,7200,7200,691
2026-04-14T18:08:59,688,-9588,28582,1579,1579,3023,255,278,689,689,31,31,9132,696,7200,7200,7200,7200,689
2026-04-14T18:09:04,681,-9555,28609,1582,1582,3023,261,277,681,681,17,17,9132,696,7200,7200,7200,7200,681
2026-04-14T18:09:10,677,-9515,28637,1585,1585,3023,268,277,677,677,8,17,9132,696,7200,7200,7200,7200,676
2026-04-14T18:09:14,675,-9487,28657,1587,1587,3023,263,277,675,675,31,31,9132,696,7200,7200,7200,7200,675
2026-04-14T18:09:19,678,-9451,28684,1589,1589,3023,252,277,675,675,31,31,9132,696,7200,7200,7200,7200,675
2026-04-14T18:09:23,675,-9420,28710,1592,1592,3023,252,277,675,675,17,17,9132,680,7200,7200,7200,7200,675
2026-04-14T18:09:29,675,-9383,28737,1594,1594,3023,252,269,675,674,31,31,9132,680,7200,7200,7200,7200,673
2026-04-14T18:09:34,670,-9350,28763,1597,1597,3023,261,277,672,672,31,31,9132,680,7200,7200,7200,7200,672
2026-04-14T18:09:40,673,-9312,28790,1600,1600,3023,254,277,673,671,17,17,9132,680,7200,7200,7200,7200,669
2026-04-14T18:09:44,670,-9284,28807,1602,1602,3023,293,303,670,670,31,31,9132,680,7200,7200,7200,7200,670
2026-04-14T18:09:49,669,-9248,28833,1604,1604,3023,281,284,668,668,31,31,9132,680,7200,7200,7200,7200,669
2026-04-14T18:09:54,670,-9212,28860,1607,1607,3023,250,284,670,670,40,40,9132,671,7200,7200,7200,7200,670
2026-04-14T18:09:59,665,-9181,28887,1609,1609,3023,244,267,665,665,40,40,9132,671,7200,7200,7200,7200,665
2026-04-14T18:10:04,664,-9144,28914,1612,1612,3023,287,303,663,663,31,31,9132,671,7200,7200,7200,7200,661
2026-04-14T18:10:09,662,-9110,28938,1614,1614,3023,277,283,662,662,31,31,9132,671,7200,7200,7200,7200,662
2026-04-14T18:10:13,662,-9078,28961,1617,1617,3023,253,276,661,661,40,40,9132,671,7200,7200,7200,7200,661
2026-04-14T18:10:19,660,-9044,28988,1619,1619,3023,259,284,660,660,31,40,9132,671,7200,7200,7200,7200,661
2026-04-14T18:10:24,659,-9006,29015,1622,1622,3023,260,277,659,659,40,40,9132,662,7200,7200,7200,7200,659
2026-04-14T18:10:29,657,-8975,29040,1624,1624,3023,292,292,657,657,40,40,9132,662,7200,7200,7200,7200,658
2026-04-14T18:10:34,658,-8941,29066,1627,1627,3023,261,277,658,655,31,31,9132,662,7200,7200,7200,7200,655
2026-04-14T18:10:39,655,-8908,29093,1629,1629,3023,309,292,655,654,31,31,9132,662,7200,7200,7200,7200,654
2026-04-14T18:10:45,652,-8868,29120,1632,1632,3023,274,292,652,652,31,31,9132,662,7200,7200,7200,7200,652
2026-04-14T18:10:50,652,-8835,29147,1635,1635,3023,283,276,652,651,40,40,9132,662,7200,7200,7200,7200,651
2026-04-14T18:10:54,645,-8804,29169,1637,1637,3023,286,294,645,645,40,31,9132,654,7200,7200,7200,7200,646
2026-04-14T18:10:59,646,-8766,29195,1640,1639,3023,288,357,646,645,17,17,9132,654,7200,7200,7200,7200,645
2026-04-14T18:11:05,645,-8732,29221,1642,1642,3023,292,294,645,643,31,40,9132,654,7200,7200,7200,7200,646
2026-04-14T18:11:09,647,-8702,29247,1644,1644,3023,285,294,646,646,40,31,9132,654,7200,7200,7200,7200,646
2026-04-14T18:11:14,646,-8670,29273,1647,1647,3023,268,293,646,646,40,40,9132,654,7200,7200,7200,7200,646
2026-04-14T18:11:20,642,-8628,29302,1650,1650,3023,268,277,642,642,40,40,9132,654,7200,7200,7200,7200,642
2026-04-14T18:11:25,641,-8596,29326,1652,1652,3023,238,277,641,642,40,40,9132,644,7200,7200,7200,7200,642
2026-04-14T18:11:29,640,-8566,29352,1654,1654,3023,254,277,640,640,17,17,9132,644,7200,7200,7200,7200,640
2026-04-14T18:11:34,639,-8529,29379,1657,1657,3023,261,293,639,639,31,31,9132,644,7200,7200,7200,7200,638
2026-04-14T18:11:39,638,-8495,29406,1659,1659,3023,260,285,636,636,40,40,9132,644,7200,7200,7200,7200,636
2026-04-14T18:11:44,636,-8463,29432,1662,1662,3023,261,285,636,636,40,31,9132,644,7200,7200,7200,7200,635
2026-04-14T18:11:49,633,-8429,29457,1664,1664,3023,254,277,634,634,40,40,9132,644,7200,7200,7200,7200,635
2026-04-14T18:11:54,632,-8396,29484,1667,1667,3023,254,277,632,632,31,31,9132,637,7200,7200,7200,7200,631
2026-04-14T18:12:00,627,-8357,29511,1670,1670,3023,261,293,627,627,31,31,9132,637,7200,7200,7200,7200,627
2026-04-14T18:12:05,625,-8325,29537,1672,1672,3023,277,277,625,625,40,40,9132,637,7200,7200,7200,7200,625
2026-04-14T18:12:09,624,-8291,29564,1674,1674,3023,268,284,624,624,17,17,9132,637,7200,7200,7200,7200,624
2026-04-14T18:12:15,621,-8253,29591,1677,1677,3023,263,283,623,623,31,31,9132,637,7200,7200,7200,7200,624
2026-04-14T18:12:19,619,-8221,29618,1680,1680,3023,242,283,619,619,40,31,9132,637,7200,7200,7200,7200,621
2026-04-14T18:12:24,620,-8191,29642,1682,1682,3023,264,275,620,618,31,40,9132,624,7200,7200,7200,7200,616
2026-04-14T18:12:33,NaN,-8130,29688,1686,1686,3023,251,283,NaN,NaN,31,31,9132,NaN,7200,7200,7200,7200,616
2026-04-14T18:12:35,615,-8111,29702,1688,1688,3023,243,266,615,615,31,31,9132,624,7200,7200,7200,7200,615
2026-04-14T18:12:40,609,-8079,29723,1690,1690,3025,259,282,609,609,31,31,9132,624,7200,7200,7200,7200,608
2026-04-14T18:12:45,604,-8043,29751,1693,1693,3023,268,284,604,604,31,31,9132,624,7200,7200,7200,7200,604
2026-04-14T18:12:51,602,-8010,29777,1695,1695,3023,268,293,602,602,40,40,9132,624,7200,7200,7200,7200,602
2026-04-14T18:12:55,593,-7978,29803,1697,1697,3023,267,276,593,594,53,53,9132,610,7200,7200,7200,7200,594
2026-04-14T18:13:00,588,-7942,29829,1700,1700,3023,254,277,588,588,31,31,9132,610,7200,7200,7200,7200,586
2026-04-14T18:13:06,590,-7904,29858,1703,1703,3023,237,267,591,591,31,31,9132,610,7200,7200,7200,7200,592
2026-04-14T18:13:10,590,-7873,29883,1705,1705,3023,254,276,590,590,17,31,9132,610,7200,7200,7200,7200,590
2026-04-14T18:13:15,583,-7838,29908,1708,1708,3023,257,267,583,583,31,31,9132,610,7200,7200,7200,7200,583
2026-04-14T18:13:20,580,-7806,29934,1710,1710,3023,267,283,580,580,31,31,9132,610,7200,7200,7200,7200,581
2026-04-14T18:13:26,582,-7767,29963,1713,1713,3023,246,293,583,583,40,53,9132,588,7200,7200,7200,7200,581
2026-04-14T18:13:30,575,-7740,29987,1715,1715,3023,291,276,575,575,31,31,9132,588,7200,7200,7200,7200,575
2026-04-14T18:13:35,577,-7702,30014,1718,1718,3023,293,318,576,576,40,40,9132,588,7200,7200,7200,7200,573
2026-04-14T18:13:41,573,-7667,30041,1720,1720,3023,283,283,573,572,31,40,9132,588,7200,7200,7200,7200,572
2026-04-14T18:13:45,574,-7636,30066,1722,1722,3023,276,276,574,574,31,31,9132,588,7200,7200,7200,7200,574
2026-04-14T18:13:50,574,-7601,30093,1725,1725,3023,276,276,574,575,31,31,9132,588,7200,7200,7200,7200,573
2026-04-14T18:13:56,573,-7562,30121,1728,1728,3023,292,276,572,572,40,40,9132,575,7200,7200,7200,7200,571
2026-04-14T18:14:00,570,-7534,30145,1730,1730,3023,270,283,570,568,31,40,9132,575,7200,7200,7200,7200,568
2026-04-14T18:14:06,567,-7499,30173,1733,1733,3023,273,292,567,567,40,31,9132,575,7200,7200,7200,7200,566
2026-04-14T18:14:10,564,-7467,30197,1735,1735,3023,290,292,565,565,31,31,9132,575,7200,7200,7200,7200,565
2026-04-14T18:14:15,564,-7429,30224,1738,1738,3023,292,285,564,564,40,40,9132,575,7200,7200,7200,7200,564
2026-04-14T18:14:21,564,-7397,30251,1740,1740,3023,253,276,561,561,40,40,9132,575,7200,7200,7200,7200,561
2026-04-14T18:14:26,562,-7359,30278,1743,1743,3023,283,277,562,561,40,31,9132,566,7200,7200,7200,7200,561
2026-04-14T18:14:31,561,-7326,30304,1745,1745,3023,293,283,562,562,31,31,9132,566,7200,7200,7200,7200,561
2026-04-14T18:14:35,565,-7295,30330,1747,1747,3025,259,284,564,564,31,31,9132,566,7200,7200,7200,7200,563
2026-04-14T18:14:40,562,-7262,30355,1750,1750,3023,267,283,562,562,40,40,9132,566,7200,7200,7200,7200,561
2026-04-14T18:14:45,562,-7225,30383,1753,1753,3023,236,268,562,562,40,40,9132,566,7200,7200,7200,7200,562
2026-04-14T18:14:50,561,-7192,30407,1755,1755,3023,252,268,562,562,31,31,9132,566,7200,7200,7200,7200,562
2026-04-14T18:14:56,560,-7154,30433,1758,1758,3023,255,278,564,564,31,40,9132,562,7200,7200,7200,7200,564
2026-04-14T18:15:00,561,-7126,30457,1760,1760,3023,264,277,563,563,0,0,9132,562,7200,7200,7200,7200,563
2026-04-14T18:15:06,563,-7085,30481,1763,1763,3023,289,337,563,563,0,0,9132,562,7200,7200,7200,7200,562
2026-04-14T18:15:10,560,-7055,30507,1765,1765,3021,334,364,558,558,0,0,9132,562,7200,7200,7200,7200,560
2026-04-14T18:15:15,565,-7022,30532,1768,1768,3021,344,364,565,565,0,0,9132,562,7200,7200,7200,7200,564
2026-04-14T18:15:20,564,-6988,30559,1770,1770,3021,325,364,561,561,0,0,9132,562,7200,7200,7200,7200,561
2026-04-14T18:15:25,561,-6952,30584,1773,1773,3021,324,353,561,561,0,0,9132,561,7200,7200,7200,7200,561
2026-04-14T18:15:30,559,-6919,30611,1775,1775,3021,332,361,557,557,0,0,9132,561,7200,7200,7200,7200,555
2026-04-14T18:15:35,558,-6886,30637,1777,1777,3021,325,354,558,561,0,0,9132,561,7200,7200,7200,7200,561
2026-04-14T18:15:40,558,-6851,30664,1780,1780,3021,323,352,558,558,0,0,9132,561,7200,7200,7200,7200,560
2026-04-14T18:15:45,558,-6816,30690,1783,1783,3021,334,362,556,556,0,0,9132,561,7200,7200,7200,7200,554
2026-04-14T18:15:50,559,-6783,30717,1785,1785,3021,325,353,559,558,0,0,9132,561,7200,7200,7200,7200,558
2026-04-14T18:15:55,557,-6750,30744,1788,1788,3021,350,364,555,555,0,0,9132,558,7200,7200,7200,7200,556
2026-04-14T18:16:01,555,-6712,30770,1790,1790,3021,332,364,555,556,0,0,9132,558,7200,7200,7200,7200,555
2026-04-14T18:16:06,555,-6677,30796,1793,1793,3021,334,355,555,555,0,0,9132,558,7200,7200,7200,7200,555
2026-04-14T18:16:11,552,-6646,30822,1795,1795,3021,344,364,552,552,0,0,9132,558,7200,7200,7200,7200,552
2026-04-14T18:16:15,552,-6615,30848,1797,1797,3021,344,364,552,552,0,0,9132,558,7200,7200,7200,7200,552
2026-04-14T18:16:20,551,-6580,30874,1800,1800,3021,335,364,551,551,0,0,9132,558,7200,7200,7200,7200,552
2026-04-14T18:16:26,550,-6540,30899,1803,1803,3021,349,362,550,550,0,0,9132,553,7200,7200,7200,7200,551
2026-04-14T18:16:31,546,-6508,30924,1805,1805,3021,344,364,546,544,0,0,9132,553,7200,7200,7200,7200,546
2026-04-14T18:16:35,546,-6478,30949,1807,1807,3021,357,364,546,546,0,0,9132,553,7200,7200,7200,7200,545
2026-04-14T18:16:41,551,-6440,30976,1810,1810,3021,332,364,551,548,0,0,9132,553,7200,7200,7200,7200,548
2026-04-14T18:16:46,546,-6407,31002,1813,1813,3021,332,364,543,543,0,0,9132,553,7200,7200,7200,7200,543
2026-04-14T18:16:51,543,-6371,31029,1815,1815,3021,350,364,543,544,0,0,9132,553,7200,7200,7200,7200,544
2026-04-14T18:16:56,543,-6340,31054,1818,1818,3021,315,344,543,542,0,0,9132,546,7200,7200,7200,7200,542
2026-04-14T18:17:01,541,-6303,31082,1820,1820,3023,339,352,540,540,0,0,9132,546,7200,7200,7200,7200,540
2026-04-14T18:17:06,538,-6271,31107,1823,1823,3023,315,334,538,538,0,0,9132,546,7200,7200,7200,7200,537
2026-04-14T18:17:10,538,-6236,31135,1825,1825,3023,316,345,538,538,0,0,9132,546,7200,7200,7200,7200,537
2026-04-14T18:17:16,538,-6198,31162,1828,1828,3023,316,336,538,539,0,0,9132,546,7200,7200,7200,7200,538
2026-04-14T18:17:21,538,-6167,31187,1830,1830,3023,315,334,538,538,0,0,9132,546,7200,7200,7200,7200,538
2026-04-14T18:17:26,542,-6135,31213,1833,1833,3021,331,354,542,541,0,0,9132,539,7200,7200,7200,7200,541
2026-04-14T18:17:30,540,-6104,31238,1835,1835,3021,321,353,540,540,0,0,9132,539,7200,7200,7200,7200,540
2026-04-14T18:17:36,540,-6063,31266,1838,1838,3023,316,345,542,542,0,0,9132,539,7200,7200,7200,7200,543
2026-04-14T18:17:40,541,-6033,31291,1840,1840,3023,307,345,541,541,0,0,9132,539,7200,7200,7200,7200,540
2026-04-14T18:17:46,542,-5995,31319,1843,1843,3021,306,335,542,542,0,0,9132,539,7200,7200,7200,7200,543
2026-04-14T18:17:50,543,-5966,31344,1845,1845,3021,321,334,543,543,0,0,9132,539,7200,7200,7200,7200,544
2026-04-14T18:17:56,543,-5926,31373,1848,1848,3021,333,344,542,542,0,0,9132,541,7200,7200,7200,7200,540
2026-04-14T18:18:01,545,-5891,31399,1850,1850,3021,313,353,543,543,0,0,9132,541,7200,7200,7200,7200,543
2026-04-14T18:18:05,545,-5864,31423,1853,1852,3021,304,344,545,546,0,0,9132,541,7200,7200,7200,7200,546
2026-04-14T18:18:11,546,-5824,31446,1855,1855,3021,334,353,546,546,0,0,9132,541,7200,7200,7200,7200,546
2026-04-14T18:18:16,549,-5790,31474,1858,1858,3021,323,352,549,549,0,0,9132,541,7200,7200,7200,7200,549
2026-04-14T18:18:20,548,-5762,31498,1860,1860,3023,321,343,548,548,0,0,9132,541,7200,7200,7200,7200,546
2026-04-14T18:18:26,548,-5725,31525,1863,1863,3021,332,352,549,549,0,0,9132,545,7200,7200,7200,7200,548
2026-04-14T18:18:31,543,-5690,31551,1865,1865,3021,313,352,543,543,0,0,9132,545,7200,7200,7200,7200,545
2026-04-14T18:18:36,545,-5655,31579,1868,1868,3021,313,342,544,544,0,0,9132,545,7200,7200,7200,7200,545
2026-04-14T18:18:40,545,-5626,31604,1870,1870,3021,313,342,543,543,0,0,9132,545,7200,7200,7200,7200,542
2026-04-14T18:18:47,542,-5584,31632,1873,1873,3021,313,333,542,542,0,0,9132,545,7200,7200,7200,7200,542
2026-04-14T18:18:51,538,-5553,31657,1875,1875,3021,323,343,538,538,0,0,9132,545,7200,7200,7200,7200,540
2026-04-14T18:18:57,537,-5519,31684,1878,1878,3021,332,333,539,539,0,0,9132,543,7200,7200,7200,7200,539
2026-04-14T18:19:00,538,-5489,31709,1880,1880,3023,305,342,538,538,0,0,9132,543,7200,7200,7200,7200,535
2026-04-14T18:19:05,536,-5454,31735,1883,1882,3021,295,352,536,536,0,0,9132,543,7200,7200,7200,7200,536
2026-04-14T18:19:10,534,-5419,31762,1885,1885,3021,314,352,533,533,0,0,9132,543,7200,7200,7200,7200,532
2026-04-14T18:19:16,530,-5384,31789,1888,1888,3023,329,342,530,530,0,0,9132,543,7200,7200,7200,7200,529
2026-04-14T18:19:20,528,-5353,31814,1890,1890,3021,314,342,528,530,0,0,9132,543,7200,7200,7200,7200,530
2026-04-14T18:19:26,531,-5315,31840,1893,1893,3021,324,362,531,531,0,0,9132,534,7200,7200,7200,7200,529
2026-04-14T18:19:31,528,-5281,31867,1895,1895,3023,304,326,528,528,0,0,9132,534,7200,7200,7200,7200,528
2026-04-14T18:19:35,524,-5251,31893,1898,1898,3021,285,301,525,525,0,0,9132,534,7200,7200,7200,7200,525
2026-04-14T18:19:40,521,-5216,31919,1900,1900,3021,279,301,521,521,0,0,9132,534,7200,7200,7200,7200,522
2026-04-14T18:19:46,518,-5180,31946,1903,1903,3023,297,320,518,519,0,0,9132,534,7200,7200,7200,7200,519
2026-04-14T18:19:50,519,-5147,31968,1905,1905,3023,291,320,521,521,0,0,9132,534,7200,7200,7200,7200,521
2026-04-14T18:19:56,518,-5113,31991,1908,1908,3023,301,321,520,520,0,0,9132,523,7200,7200,7200,7200,518
2026-04-14T18:20:00,514,-5078,32017,1910,1910,3023,298,321,514,514,0,0,9132,523,7200,7200,7200,7200,513
2026-04-14T18:20:05,514,-5045,32043,1913,1912,3023,292,321,513,513,0,0,9132,523,7200,7200,7200,7200,513
2026-04-14T18:20:10,514,-5011,32070,1915,1915,3023,308,321,514,515,0,0,9132,523,7200,7200,7200,7200,516
2026-04-14T18:20:15,516,-4978,32096,1918,1918,3023,282,321,516,516,0,0,9132,523,7200,7200,7200,7200,516
2026-04-14T18:20:20,516,-4943,32121,1920,1920,3023,292,321,516,516,0,0,9132,523,7200,7200,7200,7200,516
2026-04-14T18:20:25,516,-4908,32149,1923,1923,3023,288,301,516,516,0,0,9132,515,7200,7200,7200,7200,514
2026-04-14T18:20:31,514,-4873,32176,1925,1925,3023,292,311,514,514,0,0,9132,515,7200,7200,7200,7200,515
2026-04-14T18:20:36,515,-4840,32201,1928,1928,3023,273,320,515,515,0,0,9132,515,7200,7200,7200,7200,515
2026-04-14T18:20:41,515,-4803,32228,1930,1930,3023,262,301,513,513,0,0,9132,515,7200,7200,7200,7200,513
2026-04-14T18:20:45,513,-4772,32254,1933,1933,3023,282,311,512,512,0,0,9132,515,7200,7200,7200,7200,513
2026-04-14T18:20:50,513,-4739,32280,1935,1935,3023,282,320,513,513,0,0,9132,515,7200,7200,7200,7200,511
2026-04-14T18:20:56,510,-4702,32307,1938,1938,3023,283,319,510,510,0,0,9132,513,7200,7200,7200,7200,509
2026-04-14T18:21:00,510,-4670,32332,1940,1940,3023,298,320,510,510,0,0,9132,513,7200,7200,7200,7200,510
2026-04-14T18:21:06,510,-4631,32361,1943,1943,3023,274,320,509,509,0,0,9132,513,7200,7200,7200,7200,508
2026-04-14T18:21:11,507,-4599,32386,1945,1945,3023,273,321,507,507,0,0,9132,513,7200,7200,7200,7200,507
2026-04-14T18:21:15,507,-4568,32411,1947,1947,3023,297,319,507,507,0,0,9132,513,7200,7200,7200,7200,506
2026-04-14T18:21:20,506,-4534,32437,1950,1950,3023,281,320,506,506,0,0,9132,513,7200,7200,7200,7200,506
2026-04-14T18:21:26,506,-4495,32465,1953,1953,3023,281,319,506,506,0,0,9132,508,7200,7200,7200,7200,506
2026-04-14T18:21:31,507,-4464,32491,1955,1955,3019,372,395,507,508,0,0,9132,508,7200,7200,7200,7200,508
2026-04-14T18:21:36,503,-4427,32517,1958,1958,3021,371,378,503,503,0,0,9132,508,7200,7200,7200,7200,503
2026-04-14T18:21:40,502,-4397,32543,1960,1960,3021,355,378,502,502,0,0,9132,508,7200,7200,7200,7200,501
2026-04-14T18:21:46,500,-4361,32566,1963,1963,3021,355,378,500,500,0,0,9132,508,7200,7200,7200,7200,500
2026-04-14T18:21:51,500,-4326,32592,1965,1965,3021,364,378,500,500,0,0,9132,508,7200,7200,7200,7200,499
2026-04-14T18:21:56,498,-4293,32618,1968,1968,3021,340,378,498,498,0,0,9132,502,7200,7200,7200,7200,498
2026-04-14T18:22:01,499,-4258,32645,1970,1970,3021,332,361,499,498,0,0,9132,502,7200,7200,7200,7200,498
2026-04-14T18:22:06,497,-4227,32670,1973,1973,3021,332,371,497,497,0,0,9132,502,7200,7200,7200,7200,497
2026-04-14T18:22:10,496,-4193,32697,1975,1975,3021,333,361,495,495,0,0,9132,502,7200,7200,7200,7200,495
2026-04-14T18:22:17,495,-4154,32721,1978,1978,3021,313,361,495,495,0,0,9132,502,7200,7200,7200,7200,495
2026-04-14T18:22:20,494,-4126,32745,1980,1980,3021,357,371,494,494,0,0,9132,502,7200,7200,7200,7200,495
2026-04-14T18:22:26,504,-4089,-32764,1983,1983,3021,339,361,504,504,0,0,9132,496,7200,7200,7200,7200,504
2026-04-14T18:22:31,495,-4056,-32737,1985,1985,3021,338,361,495,495,0,0,9132,496,7200,7200,7200,7200,495
2026-04-14T18:22:37,495,-4017,-32710,1988,1988,3021,335,361,495,495,0,0,9132,496,7200,7200,7200,7200,495
2026-04-14T18:22:41,495,-3984,-32684,1990,1990,3021,314,361,495,495,0,0,9132,496,7200,7200,7200,7200,497
2026-04-14T18:22:46,494,-3951,-32662,1993,1993,3021,333,362,494,495,0,0,9132,496,7200,7200,7200,7200,494
2026-04-14T18:22:51,497,-3916,-32636,1995,1995,3021,332,361,497,497,0,0,9132,496,7200,7200,7200,7200,498
2026-04-14T18:22:57,498,-3881,-32609,1998,1998,3021,323,371,498,498,0,0,9132,496,7200,7200,7200,7200,495
2026-04-14T18:23:01,492,-3849,-32583,2000,2000,3021,338,361,494,494,0,0,9132,496,7200,7200,7200,7200,494
2026-04-14T18:23:07,489,-3812,-32556,2003,2003,3021,333,361,491,491,0,0,9132,496,7200,7200,7200,7200,491
2026-04-14T18:23:11,488,-3782,-32531,2005,2005,3021,357,371,489,489,0,0,9132,496,7200,7200,7200,7200,489
2026-04-14T18:23:16,488,-3744,-32504,2008,2008,3021,338,370,487,487,0,0,9132,496,7200,7200,7200,7200,488
2026-04-14T18:23:21,487,-3712,-32478,2010,2010,3021,359,388,486,486,0,0,9132,496,7200,7200,7200,7200,486
2026-04-14T18:23:26,486,-3681,-32457,2013,2013,3021,338,361,486,486,0,0,9132,490,7200,7200,7200,7200,486
2026-04-14T18:23:31,483,-3648,-32430,2015,2015,3021,347,361,483,483,0,0,9132,490,7200,7200,7200,7200,484
2026-04-14T18:23:36,484,-3615,-32403,2018,2018,3021,338,370,484,484,0,0,9132,490,7200,7200,7200,7200,484
2026-04-14T18:23:41,484,-3576,-32376,2020,2020,3021,347,361,485,485,0,0,9132,490,7200,7200,7200,7200,485
2026-04-14T18:23:45,483,-3545,-32351,2023,2023,3021,337,360,483,483,0,0,9132,490,7200,7200,7200,7200,483
2026-04-14T18:23:51,480,-3510,-32323,2025,2025,3021,348,369,481,481,0,0,9132,490,7200,7200,7200,7200,480
2026-04-14T18:23:57,477,-3471,-32296,2028,2028,3021,346,360,477,477,0,0,9132,483,7200,7200,7200,7200,477
2026-04-14T18:24:00,475,-3443,-32272,2030,2030,3021,347,370,475,475,0,0,9132,483,7200,7200,7200,7200,475
2026-04-14T18:24:06,474,-3407,-32245,2033,2033,3021,347,370,474,474,0,0,9132,483,7200,7200,7200,7200,474
2026-04-14T18:24:11,472,-3369,-32217,2036,2036,3021,364,377,472,472,0,0,9132,483,7200,7200,7200,7200,471
2026-04-14T18:24:15,471,-3340,-32192,2038,2038,3021,373,387,470,470,0,0,9132,483,7200,7200,7200,7200,471
2026-04-14T18:24:21,471,-3305,-32166,2040,2040,3021,369,388,471,471,0,0,9132,483,7200,7200,7200,7200,471
2026-04-14T18:24:26,469,-3272,-32140,2043,2043,3021,356,379,469,469,0,0,9132,473,7200,7200,7200,7200,469
2026-04-14T18:24:31,467,-3235,-32113,2045,2045,3021,359,395,467,468,0,0,9132,473,7200,7200,7200,7200,468
2026-04-14T18:24:36,465,-3201,-32087,2048,2048,3021,364,388,465,465,0,0,9132,473,7200,7200,7200,7200,465
2026-04-14T18:24:40,464,-3169,-32061,2050,2050,3021,359,388,464,464,0,0,9132,473,7200,7200,7200,7200,462
2026-04-14T18:24:47,462,-3131,-32033,2053,2053,3019,358,388,463,463,0,0,9132,473,7200,7200,7200,7200,462
2026-04-14T18:24:50,462,-3101,-32008,2055,2055,3021,371,378,462,462,0,0,9132,473,7200,7200,7200,7200,462
2026-04-14T18:24:56,459,-3066,-31981,2058,2058,3021,364,378,459,459,0,0,9132,465,7200,7200,7200,7200,459
2026-04-14T18:25:00,459,-3033,-31956,2060,2060,3019,366,388,459,459,0,0,9132,465,7200,7200,7200,7200,459
2026-04-14T18:25:07,456,-2992,-31927,2063,2063,3019,381,394,457,457,0,0,9132,465,7200,7200,7200,7200,456
2026-04-14T18:25:11,456,-2965,-31903,2065,2065,3019,381,404,456,456,0,0,9132,465,7200,7200,7200,7200,456
2026-04-14T18:25:16,454,-2931,-31876,2068,2068,3021,364,388,453,453,0,0,9132,465,7200,7200,7200,7200,454
2026-04-14T18:25:21,453,-2897,-31851,2070,2070,3021,365,395,453,453,0,0,9132,465,7200,7200,7200,7200,453
2026-04-14T18:25:26,453,-2863,-31823,2073,2073,3019,387,395,453,453,0,0,9132,456,7200,7200,7200,7200,453
2026-04-14T18:25:31,451,-2827,-31798,2075,2075,3019,364,395,451,451,0,0,9132,456,7200,7200,7200,7200,451
2026-04-14T18:25:36,450,-2795,-31772,2078,2078,3021,382,395,450,450,0,0,9132,456,7200,7200,7200,7200,450
2026-04-14T18:25:40,450,-2761,-31745,2080,2080,3021,387,404,450,452,0,0,9132,456,7200,7200,7200,7200,452
2026-04-14T18:25:45,448,-2728,-31719,2083,2083,3019,372,395,448,450,0,0,9132,456,7200,7200,7200,7200,450
2026-04-14T18:25:50,448,-2692,-31692,2085,2085,3021,381,395,448,448,0,0,9132,456,7200,7200,7200,7200,448
2026-04-14T18:25:55,450,-2658,-31666,2088,2088,3019,391,404,450,450,0,0,9132,450,7200,7200,7200,7200,450
2026-04-14T18:26:01,448,-2624,-31639,2090,2090,3019,372,395,448,448,0,0,9132,450,7200,7200,7200,7200,448
2026-04-14T18:26:06,448,-2587,-31612,2093,2093,3019,381,405,447,447,0,0,9132,450,7200,7200,7200,7200,446
2026-04-14T18:26:10,447,-2556,-31587,2095,2095,3021,376,405,447,447,0,0,9132,450,7200,7200,7200,7200,447
2026-04-14T18:26:16,447,-2520,-31560,2098,2098,3019,381,395,447,447,0,0,9132,450,7200,7200,7200,7200,446
2026-04-14T18:26:20,444,-2488,-31535,2100,2100,3021,379,388,445,445,0,0,9132,450,7200,7200,7200,7200,445
2026-04-14T18:26:25,445,-2453,-31508,2103,2103,3019,381,395,445,445,0,0,9132,447,7200,7200,7200,7200,445
2026-04-14T18:26:30,445,-2420,-31482,2105,2105,3021,372,395,445,445,0,0,9132,447,7200,7200,7200,7200,445
2026-04-14T18:26:36,445,-2386,-31456,2108,2108,3021,381,395,445,445,0,0,9132,447,7200,7200,7200,7200,445
2026-04-14T18:26:40,445,-2353,-31430,2110,2110,3019,381,405,445,445,0,0,9132,447,7200,7200,7200,7200,445
2026-04-14T18:26:46,444,-2314,-31402,2113,2113,3019,374,395,445,445,0,0,9132,447,7200,7200,7200,7200,445
2026-04-14T18:26:51,444,-2281,-31376,2115,2115,3019,400,407,444,444,0,0,9132,447,7200,7200,7200,7200,443
2026-04-14T18:26:56,444,-2248,-31349,2118,2118,3019,381,379,444,444,0,0,9132,444,7200,7200,7200,7200,443
2026-04-14T18:27:01,445,-2211,-31323,2120,2120,3021,372,395,445,445,0,0,9132,444,7200,7200,7200,7200,443
2026-04-14T18:27:05,442,-2181,-31298,2123,2123,3019,381,395,442,442,0,0,9132,444,7200,7200,7200,7200,442
2026-04-14T18:27:10,442,-2147,-31272,2125,2125,3021,348,379,442,442,0,0,9132,444,7200,7200,7200,7200,442
2026-04-14T18:27:16,442,-2113,-31244,2128,2128,3019,384,404,442,442,0,0,9132,444,7200,7200,7200,7200,442
2026-04-14T18:27:21,444,-2073,-31217,2130,2130,3019,384,404,444,444,0,0,9132,444,7200,7200,7200,7200,443
2026-04-14T18:27:30,NaN,-2012,-31168,2135,2135,3019,390,404,NaN,NaN,0,0,9132,NaN,7200,7200,7200,7200,NaN
2026-04-14T18:27:32,444,-1997,-31157,2136,2136,3019,398,409,445,445,0,0,9132,442,7200,7200,7200,7200,445
2026-04-14T18:27:38,445,-1962,-31129,2139,2139,3019,389,404,445,445,0,0,9132,442,7200,7200,7200,7200,445
2026-04-14T18:27:42,446,-1930,-31104,2141,2141,3019,381,404,446,446,0,0,9132,442,7200,7200,7200,7200,446
2026-04-14T18:27:48,449,-1893,-31077,2144,2144,3019,388,404,449,450,0,0,9132,442,7200,7200,7200,7200,448
2026-04-14T18:27:53,449,-1859,-31051,2146,2146,3019,376,404,449,449,0,0,9132,446,7200,7200,7200,7200,448
2026-04-14T18:27:57,450,-1830,-31025,2148,2148,3019,381,404,450,450,0,0,9132,446,7200,7200,7200,7200,451
2026-04-14T18:28:03,450,-1792,-30999,2151,2151,3019,389,405,450,450,0,0,9132,446,7200,7200,7200,7200,450
2026-04-14T18:28:08,451,-1757,-30972,2154,2154,3019,363,404,451,451,0,0,9132,446,7200,7200,7200,7200,451
2026-04-14T18:28:13,452,-1721,-30945,2156,2156,3019,381,404,453,453,0,0,9132,446,7200,7200,7200,7200,453
2026-04-14T18:28:18,452,-1691,-30919,2159,2159,3019,382,405,452,452,0,0,9132,446,7200,7200,7200,7200,453
2026-04-14T18:28:23,454,-1653,-30893,2161,2161,3019,373,411,454,453,0,0,9132,451,7200,7200,7200,7200,453
2026-04-14T18:28:28,453,-1621,-30867,2164,2164,3019,388,404,453,453,0,0,9132,451,7200,7200,7200,7200,453
2026-04-14T18:28:32,453,-1591,-30841,2166,2166,3019,375,404,453,453,0,0,9132,451,7200,7200,7200,7200,453
2026-04-14T18:28:38,453,-1551,-30813,2169,2169,3019,357,395,453,453,0,0,9132,451,7200,7200,7200,7200,453
2026-04-14T18:28:43,453,-1519,-30788,2171,2171,3019,382,405,453,453,0,0,9132,451,7200,7200,7200,7200,453
2026-04-14T18:28:48,453,-1484,-30761,2174,2174,3019,390,404,453,453,0,0,9132,451,7200,7200,7200,7200,453
2026-04-14T18:28:53,454,-1447,-30734,2176,2176,3019,376,405,454,454,0,0,9132,453,7200,7200,7200,7200,452
2026-04-14T18:28:57,454,-1421,-30710,2178,2178,3019,374,397,454,454,0,0,9132,453,7200,7200,7200,7200,454
2026-04-14T18:29:03,456,-1385,-30683,2181,2181,3019,383,406,456,453,0,0,9132,453,7200,7200,7200,7200,453
2026-04-14T18:29:07,454,-1350,-30655,2184,2184,3021,675,705,456,456,0,0,9132,453,7200,7200,7200,7200,453
2026-04-14T18:29:13,453,-1313,-30629,2186,2186,3021,715,754,453,453,0,0,9132,453,7200,7200,7200,7200,452
2026-04-14T18:29:17,453,-1282,-30603,2189,2189,3021,724,730,453,453,0,0,9132,453,7200,7200,7200,7200,453
2026-04-14T18:29:23,453,-1246,-30576,2191,2191,3021,723,746,452,452,0,0,9132,453,7200,7200,7200,7200,452
2026-04-14T18:29:28,452,-1215,-30551,2194,2194,3021,718,747,452,452,0,0,9132,453,7200,7200,7200,7200,453
2026-04-14T18:29:32,452,-1180,-30524,2196,2196,3021,719,748,452,452,0,0,9132,453,7200,7200,7200,7200,452
2026-04-14T18:29:37,451,-1146,-30498,2198,2198,3021,727,747,452,452,0,0,9132,453,7200,7200,7200,7200,452
2026-04-14T18:29:42,452,-1112,-30472,2201,2201,3021,738,766,452,452,0,0,9132,453,7200,7200,7200,7200,452
2026-04-14T18:29:47,450,-1079,-30446,2204,2204,3021,758,773,450,450,0,0,9132,453,7200,7200,7200,7200,451
2026-04-14T18:29:52,451,-1044,-30420,2206,2206,3021,738,767,451,451,0,0,9132,451,7200,7200,7200,7200,450
2026-04-14T18:29:57,450,-1009,-30398,2209,2209,3019,443,472,450,450,0,0,9132,451,7200,7200,7200,7200,449
2026-04-14T18:30:03,449,-975,-30370,2211,2211,3023,271,303,449,448,0,0,9132,451,7200,7200,7200,7200,449
2026-04-14T18:30:07,448,-941,-30348,2214,2214,3023,290,296,448,448,17,17,9132,451,7200,7200,7200,7200,447
2026-04-14T18:30:12,447,-906,-30322,2216,2216,3023,288,292,447,447,8,8,9132,451,7200,7200,7200,7200,447
2026-04-14T18:30:17,447,-873,-30296,2218,2218,3023,260,275,447,447,8,17,9132,451,7200,7200,7200,7200,447
2026-04-14T18:30:22,446,-840,-30269,2221,2221,3023,285,284,446,446,8,8,9132,448,7200,7200,7200,7200,446
2026-04-14T18:30:27,446,-805,-30243,2224,2224,3023,269,284,446,445,8,8,9132,448,7200,7200,7200,7200,446
2026-04-14T18:30:33,445,-770,-30217,2226,2226,3023,275,284,445,445,8,8,9132,448,7200,7200,7200,7200,444
2026-04-14T18:30:37,444,-737,-30190,2229,2229,3023,271,286,443,443,8,8,9132,448,7200,7200,7200,7200,443
2026-04-14T18:30:43,442,-701,-30164,2231,2231,3023,280,286,442,442,17,17,9132,448,7200,7200,7200,7200,443
2026-04-14T18:30:47,440,-669,-30138,2234,2233,3023,264,286,440,440,8,8,9132,448,7200,7200,7200,7200,440
2026-04-14T18:30:53,440,-631,-30110,2236,2236,3023,271,286,440,440,17,17,9132,443,7200,7200,7200,7200,440
2026-04-14T18:30:57,438,-601,-30085,2239,2239,3023,271,286,438,439,8,8,9132,443,7200,7200,7200,7200,436
2026-04-14T18:31:02,437,-568,-30059,2241,2241,3023,278,287,437,438,8,8,9132,443,7200,7200,7200,7200,438
2026-04-14T18:31:07,434,-532,-30033,2244,2244,3023,258,287,436,436,17,8,9132,443,7200,7200,7200,7200,436
2026-04-14T18:31:13,435,-498,-30007,2246,2246,3023,271,276,436,436,17,17,9132,443,7200,7200,7200,7200,435
2026-04-14T18:31:17,432,-466,-29980,2248,2248,3023,274,283,432,432,17,17,9132,443,7200,7200,7200,7200,432
2026-04-14T18:31:24,432,-424,-29952,2251,2251,3023,271,283,432,432,17,17,9132,435,7200,7200,7200,7200,430
2026-04-14T18:31:27,430,-396,-29928,2254,2254,3023,278,294,430,430,17,17,9132,435,7200,7200,7200,7200,430
2026-04-14T18:31:34,429,-358,-29900,2256,2256,3023,287,293,429,429,31,31,9132,435,7200,7200,7200,7200,429
2026-04-14T18:31:37,428,-329,-29875,2259,2259,3023,277,293,429,429,17,17,9132,435,7200,7200,7200,7200,429
2026-04-14T18:31:43,429,-293,-29849,2261,2261,3023,268,293,429,429,31,17,9132,435,7200,7200,7200,7200,430
2026-04-14T18:31:48,428,-256,-29821,2264,2264,3023,278,300,428,429,31,31,9132,435,7200,7200,7200,7200,429
2026-04-14T18:31:53,428,-223,-29794,2266,2266,3023,265,274,427,427,40,31,9132,428,7200,7200,7200,7200,427
2026-04-14T18:31:57,427,-193,-29770,2268,2268,3023,257,293,427,426,17,17,9132,428,7200,7200,7200,7200,426
2026-04-14T18:32:03,425,-152,-29741,2271,2271,3023,248,285,424,424,31,31,9132,428,7200,7200,7200,7200,425
2026-04-14T18:32:07,424,-124,-29717,2273,2273,3023,234,284,423,423,40,31,9132,428,7200,7200,7200,7200,423
2026-04-14T18:32:13,422,-90,-29690,2276,2276,3023,242,274,422,422,31,31,9132,428,7200,7200,7200,7200,422
2026-04-14T18:32:18,422,-52,-29667,2279,2279,3023,226,275,422,422,31,31,9132,428,7200,7200,7200,7200,423
2026-04-14T18:32:23,422,-17,-29641,2281,2281,3023,396,302,423,422,40,31,9132,424,7200,7200,7200,7200,422
2026-04-14T18:32:28,420,15,-29619,2284,2284,3023,362,285,420,420,31,31,9132,424,7200,7200,7200,7200,421
2026-04-14T18:32:33,421,49,-29593,2286,2286,3023,389,441,421,421,31,31,9132,424,7200,7200,7200,7200,420
2026-04-14T18:32:38,422,84,-29566,2289,2289,3023,240,260,422,421,31,31,9132,424,7200,7200,7200,7200,421
2026-04-14T18:32:43,420,118,-29539,2291,2291,3023,296,312,419,419,40,40,9132,424,7200,7200,7200,7200,419
2026-04-14T18:32:48,419,152,-29513,2294,2294,3023,308,293,419,418,31,31,9132,424,7200,7200,7200,7200,418
2026-04-14T18:32:53,417,186,-29487,2296,2296,3023,278,300,417,417,31,31,9132,420,7200,7200,7200,7200,418
2026-04-14T18:32:58,419,219,-29462,2299,2299,3023,247,276,419,419,31,31,9132,420,7200,7200,7200,7200,419
2026-04-14T18:33:03,417,254,-29439,2301,2301,3023,232,445,417,417,31,17,9132,420,7200,7200,7200,7200,417
2026-04-14T18:33:08,418,289,-29412,2304,2304,3023,241,283,417,417,31,31,9132,420,7200,7200,7200,7200,417
2026-04-14T18:33:13,416,325,-29385,2306,2306,3023,411,273,416,416,40,31,9132,420,7200,7200,7200,7200,417
2026-04-14T18:33:18,416,356,-29360,2309,2309,3023,340,274,416,416,17,17,9132,420,7200,7200,7200,7200,416
2026-04-14T18:33:23,416,388,-29334,2311,2311,3023,236,276,416,416,31,31,9132,416,7200,7200,7200,7200,416
2026-04-14T18:33:27,415,420,-29308,2313,2313,3023,312,291,415,415,31,31,9132,416,7200,7200,7200,7200,415
2026-04-14T18:33:33,414,458,-29280,2316,2316,3023,251,266,414,414,31,31,9132,416,7200,7200,7200,7200,415
2026-04-14T18:33:38,413,492,-29254,2319,2319,3023,278,282,414,414,31,31,9132,416,7200,7200,7200,7200,414
2026-04-14T18:33:43,415,525,-29227,2321,2321,3023,271,284,415,414,31,31,9132,416,7200,7200,7200,7200,414
2026-04-14T18:33:48,413,562,-29202,2324,2324,3023,277,283,413,413,31,31,9132,416,7200,7200,7200,7200,414
2026-04-14T18:33:52,414,593,-29176,2326,2326,3023,290,283,414,414,31,31,9132,414,7200,7200,7200,7200,414
2026-04-14T18:33:58,413,628,-29149,2329,2329,3023,284,283,413,413,31,31,9132,414,7200,7200,7200,7200,413
2026-04-14T18:34:03,413,662,-29123,2331,2331,3023,268,293,413,413,31,31,9132,414,7200,7200,7200,7200,413
2026-04-14T18:34:07,414,694,-29097,2334,2334,3023,276,276,413,413,31,31,9132,414,7200,7200,7200,7200,414
2026-04-14T18:34:14,413,733,-29069,2336,2336,3023,270,283,412,412,31,31,9132,414,7200,7200,7200,7200,413
2026-04-14T18:34:17,412,763,-29044,2339,2339,3023,260,276,412,412,31,31,9132,414,7200,7200,7200,7200,413
2026-04-14T18:34:23,411,801,-29016,2341,2341,3023,270,276,411,411,31,40,9132,412,7200,7200,7200,7200,411
2026-04-14T18:34:28,410,833,-28995,2344,2344,3023,277,283,410,410,31,31,9132,412,7200,7200,7200,7200,411
2026-04-14T18:34:33,412,869,-28968,2346,2346,3023,270,285,412,412,31,31,9132,412,7200,7200,7200,7200,411
2026-04-14T18:34:37,411,899,-28943,2349,2349,3023,270,338,411,411,31,31,9132,412,7200,7200,7200,7200,412
2026-04-14T18:34:42,411,931,-28917,2351,2351,3023,270,276,411,411,31,31,9132,412,7200,7200,7200,7200,412
2026-04-14T18:34:48,411,970,-28890,2354,2354,3023,279,267,411,411,31,31,9132,412,7200,7200,7200,7200,411
2026-04-14T18:34:54,410,1006,-28862,2357,2357,3023,279,293,410,411,31,31,9132,411,7200,7200,7200,7200,411
2026-04-14T18:34:57,410,1034,-28838,2359,2359,3023,269,283,410,410,31,31,9132,411,7200,7200,7200,7200,410
2026-04-14T18:35:03,410,1074,-28810,2361,2361,3023,263,277,410,411,31,31,9132,411,7200,7200,7200,7200,410
2026-04-14T18:35:07,410,1104,-28785,2364,2364,3023,276,283,411,411,31,31,9132,411,7200,7200,7200,7200,411
2026-04-14T18:35:13,409,1139,-28758,2366,2366,3023,262,283,409,409,31,31,9132,411,7200,7200,7200,7200,411
2026-04-14T18:35:18,409,1170,-28732,2369,2369,3023,286,293,409,409,31,31,9132,411,7200,7200,7200,7200,409
2026-04-14T18:35:23,409,1208,-28705,2371,2371,3023,278,276,409,409,31,31,9132,409,7200,7200,7200,7200,409
2026-04-14T18:35:28,407,1243,-28679,2374,2374,3023,279,283,407,408,31,31,9132,409,7200,7200,7200,7200,408
2026-04-14T18:35:32,407,1274,-28654,2376,2376,3023,302,319,407,408,31,31,9132,409,7200,7200,7200,7200,408
2026-04-14T18:35:38,408,1310,-28627,2379,2379,3023,230,268,408,408,31,31,9132,409,7200,7200,7200,7200,408
2026-04-14T18:35:43,407,1344,-28601,2381,2381,3023,278,278,407,407,31,31,9132,409,7200,7200,7200,7200,407
2026-04-14T18:35:48,407,1377,-28574,2384,2384,3023,260,284,406,406,40,31,9132,409,7200,7200,7200,7200,406
2026-04-14T18:35:53,407,1413,-28551,2386,2386,3023,283,283,407,407,31,31,9132,407,7200,7200,7200,7200,407
2026-04-14T18:35:57,407,1444,-28526,2389,2389,3023,258,283,407,407,31,31,9132,407,7200,7200,7200,7200,407
2026-04-14T18:36:03,407,1480,-28499,2391,2391,3023,268,274,407,406,31,31,9132,407,7200,7200,7200,7200,406
2026-04-14T18:36:08,405,1513,-28473,2394,2394,3023,271,267,405,405,31,31,9132,407,7200,7200,7200,7200,405
2026-04-14T18:36:13,406,1545,-28447,2396,2396,3023,237,276,406,405,31,31,9132,407,7200,7200,7200,7200,405
2026-04-14T18:36:17,405,1581,-28425,2399,2399,3023,244,267,405,405,31,31,9132,407,7200,7200,7200,7200,406
2026-04-14T18:36:23,405,1619,-28396,2401,2401,3023,270,267,405,405,31,31,9132,405,7200,7200,7200,7200,404
2026-04-14T18:36:28,404,1649,-28372,2404,2404,3023,277,283,404,404,31,31,9132,405,7200,7200,7200,7200,404
2026-04-14T18:36:33,403,1684,-28345,2406,2406,3023,277,267,403,404,31,31,9132,405,7200,7200,7200,7200,404
2026-04-14T18:36:38,403,1722,-28319,2409,2409,3023,270,276,403,403,31,31,9132,405,7200,7200,7200,7200,403
2026-04-14T18:36:43,402,1755,-28292,2411,2412,3023,268,283,402,402,31,31,9132,405,7200,7200,7200,7200,402
2026-04-14T18:36:48,401,1787,-28266,2414,2414,3023,277,267,402,402,31,31,9132,405,7200,7200,7200,7200,402
2026-04-14T18:36:53,402,1821,-28240,2416,2416,3023,229,267,402,402,31,31,9132,402,7200,7200,7200,7200,400
2026-04-14T18:36:58,401,1855,-28214,2419,2419,3023,251,267,401,400,31,31,9132,402,7200,7200,7200,7200,400
2026-04-14T18:37:03,399,1889,-28187,2421,2421,3023,289,274,399,399,31,31,9132,402,7200,7200,7200,7200,399
2026-04-14T18:37:07,399,1921,-28161,2424,2424,3023,267,267,399,399,31,31,9132,402,7200,7200,7200,7200,399
2026-04-14T18:37:14,398,1963,-28132,2427,2427,3023,261,276,398,398,31,31,9132,402,7200,7200,7200,7200,398
2026-04-14T18:37:18,397,1994,-28108,2429,2429,3023,277,267,397,397,31,31,9132,402,7200,7200,7200,7200,398
2026-04-14T18:37:22,397,2024,-28082,2431,2431,3023,283,283,396,396,31,31,9132,398,7200,7200,7200,7200,397
2026-04-14T18:37:27,396,2059,-28055,2434,2434,3023,261,267,396,396,31,31,9132,398,7200,7200,7200,7200,396
2026-04-14T18:37:33,396,2097,-28029,2436,2436,3023,273,274,396,396,31,31,9132,398,7200,7200,7200,7200,395
2026-04-14T18:37:38,396,2129,-28002,2439,2439,3023,235,274,396,395,31,31,9132,398,7200,7200,7200,7200,396
2026-04-14T18:37:43,395,2161,-27977,2441,2441,3023,275,267,395,395,31,31,9132,398,7200,7200,7200,7200,394
2026-04-14T18:37:48,394,2198,-27950,2444,2444,3023,244,283,394,394,31,31,9132,398,7200,7200,7200,7200,394
2026-04-14T18:37:52,394,2229,-27925,2446,2446,3023,268,274,394,394,31,31,9132,395,7200,7200,7200,7200,392
2026-04-14T18:37:58,392,2264,-27898,2449,2449,3023,230,267,392,392,31,31,9132,395,7200,7200,7200,7200,393
2026-04-14T18:38:04,392,2303,-27870,2452,2452,3023,270,268,392,391,31,31,9132,395,7200,7200,7200,7200,392
2026-04-14T18:38:08,391,2337,-27844,2454,2454,3023,276,293,391,390,31,31,9132,395,7200,7200,7200,7200,391
2026-04-14T18:38:13,392,2367,-27819,2456,2456,3023,286,283,391,391,31,31,9132,395,7200,7200,7200,7200,392
2026-04-14T18:38:18,391,2403,-27792,2459,2459,3023,283,283,391,391,31,31,9132,395,7200,7200,7200,7200,391
2026-04-14T18:38:23,390,2438,-27765,2461,2461,3023,229,283,390,390,31,31,9132,391,7200,7200,7200,7200,390
2026-04-14T18:38:27,390,2467,-27745,2464,2464,3023,274,274,390,390,31,31,9132,391,7200,7200,7200,7200,389
2026-04-14T18:38:33,389,2502,-27718,2466,2466,3023,267,268,389,389,31,31,9132,391,7200,7200,7200,7200,389
2026-04-14T18:38:37,389,2534,-27692,2469,2469,3023,267,302,389,389,31,31,9132,391,7200,7200,7200,7200,389
2026-04-14T18:38:44,389,2575,-27663,2472,2472,3023,261,267,389,389,31,31,9132,391,7200,7200,7200,7200,389
2026-04-14T18:38:47,388,2604,-27638,2474,2474,3023,260,267,388,388,31,31,9132,391,7200,7200,7200,7200,389
2026-04-14T18:38:53,389,2641,-27611,2477,2477,3023,254,276,389,389,31,31,9132,389,7200,7200,7200,7200,389
2026-04-14T18:38:58,389,2670,-27587,2479,2479,3023,260,266,389,389,31,31,9132,389,7200,7200,7200,7200,388
2026-04-14T18:39:03,387,2708,-27559,2481,2481,3023,267,266,387,387,31,31,9132,389,7200,7200,7200,7200,386
2026-04-14T18:39:11,NaN,2766,-27514,2486,2485,3023,229,274,NaN,NaN,40,40,9132,NaN,7200,7200,7200,7200,386
2026-04-14T18:39:13,387,2778,-27504,2486,2487,3023,273,274,387,387,31,31,9132,389,7200,7200,7200,7200,387
2026-04-14T18:39:19,386,2818,-27479,2489,2489,3023,273,266,386,386,31,31,9132,389,7200,7200,7200,7200,386
2026-04-14T18:39:24,386,2851,-27454,2492,2492,3023,260,266,385,385,31,40,9132,386,7200,7200,7200,7200,386
2026-04-14T18:39:28,386,2880,-27429,2494,2494,3023,274,274,386,384,31,31,9132,386,7200,7200,7200,7200,385
2026-04-14T18:39:34,383,2916,-27402,2497,2497,3023,229,267,385,385,31,31,9132,386,7200,7200,7200,7200,385
2026-04-14T18:39:39,385,2953,-27375,2499,2499,3023,272,266,384,383,31,31,9132,386,7200,7200,7200,7200,383
2026-04-14T18:39:43,383,2984,-27349,2502,2501,3023,227,265,383,383,31,31,9132,386,7200,7200,7200,7200,383
2026-04-14T18:39:48,384,3019,-27323,2504,2504,3023,267,259,383,383,31,31,9132,386,7200,7200,7200,7200,383
2026-04-14T18:39:53,382,3052,-27297,2506,2506,3023,289,274,382,382,31,31,9132,383,7200,7200,7200,7200,382
2026-04-14T18:39:58,383,3085,-27271,2509,2509,3023,229,267,383,383,31,31,9132,383,7200,7200,7200,7200,383
2026-04-14T18:40:04,382,3120,-27244,2512,2512,3023,235,275,382,381,31,31,9132,383,7200,7200,7200,7200,382
2026-04-14T18:40:08,382,3156,-27217,2514,2514,3023,243,275,382,382,31,31,9132,383,7200,7200,7200,7200,381
2026-04-14T18:40:14,380,3190,-27191,2517,2517,3023,269,274,382,382,31,31,9132,383,7200,7200,7200,7200,382
2026-04-14T18:40:18,381,3222,-27165,2519,2519,3023,275,275,381,381,31,31,9132,383,7200,7200,7200,7200,380
2026-04-14T18:40:23,381,3257,-27139,2522,2522,3023,284,284,380,380,31,31,9132,381,7200,7200,7200,7200,380
2026-04-14T18:40:28,380,3292,-27113,2524,2524,3023,261,268,380,381,31,31,9132,381,7200,7200,7200,7200,380
2026-04-14T18:40:33,379,3325,-27087,2527,2527,3023,281,275,380,380,31,31,9132,381,7200,7200,7200,7200,380
2026-04-14T18:40:38,379,3358,-27061,2529,2529,3023,221,267,380,380,31,31,9132,381,7200,7200,7200,7200,379
2026-04-14T18:40:43,379,3391,-27034,2531,2531,3023,268,275,379,379,31,31,9132,381,7200,7200,7200,7200,379
2026-04-14T18:40:49,377,3430,-27007,2534,2534,3023,275,267,377,377,31,31,9132,381,7200,7200,7200,7200,379
2026-04-14T18:40:53,378,3460,-26986,2536,2536,3023,282,275,378,378,31,31,9132,379,7200,7200,7200,7200,378
2026-04-14T18:40:59,377,3497,-26957,2539,2539,3023,289,313,378,378,31,31,9132,379,7200,7200,7200,7200,378
2026-04-14T18:41:04,377,3528,-26932,2541,2541,3023,268,268,376,376,31,31,9132,379,7200,7200,7200,7200,377
2026-04-14T18:41:09,377,3567,-26905,2544,2544,3023,252,275,376,376,31,31,9132,379,7200,7200,7200,7200,376
2026-04-14T18:41:13,377,3597,-26880,2546,2546,3023,268,275,378,378,31,31,9132,379,7200,7200,7200,7200,378
2026-04-14T18:41:19,376,3635,-26853,2549,2549,3023,277,275,376,376,31,31,9132,379,7200,7200,7200,7200,377
2026-04-14T18:41:23,376,3664,-26828,2551,2551,3023,268,275,376,376,31,31,9132,377,7200,7200,7200,7200,377
2026-04-14T18:41:28,376,3701,-26800,2554,2554,3023,284,275,376,376,31,31,9132,377,7200,7200,7200,7200,376
2026-04-14T18:41:33,375,3734,-26774,2557,2557,3023,236,275,375,375,31,31,9132,377,7200,7200,7200,7200,375
2026-04-14T18:41:39,377,3771,-26747,2559,2559,3023,275,275,376,376,31,31,9132,377,7200,7200,7200,7200,375
2026-04-14T18:41:43,375,3802,-26722,2562,2562,3023,285,285,375,376,40,40,9132,377,7200,7200,7200,7200,376
2026-04-14T18:41:49,376,3839,-26695,2564,2564,3023,268,268,376,376,40,31,9132,377,7200,7200,7200,7200,375
2026-04-14T18:41:53,376,3869,-26669,2567,2567,3023,296,303,376,376,31,31,9132,375,7200,7200,7200,7200,376
2026-04-14T18:41:58,376,3904,-26643,2569,2569,3023,283,283,376,376,31,31,9132,375,7200,7200,7200,7200,376
2026-04-14T18:42:04,376,3942,-26616,2572,2572,3023,268,283,376,376,31,31,9132,375,7200,7200,7200,7200,376
2026-04-14T18:42:08,375,3973,-26590,2574,2574,3023,297,267,375,375,31,31,9132,375,7200,7200,7200,7200,376
2026-04-14T18:42:13,374,4004,-26565,2576,2576,3023,276,284,374,374,31,31,9132,375,7200,7200,7200,7200,375
2026-04-14T18:42:18,376,4041,-26538,2579,2579,3023,229,268,376,376,31,31,9132,375,7200,7200,7200,7200,375
2026-04-14T18:42:23,376,4075,-26511,2581,2581,3023,268,274,376,375,31,31,9132,375,7200,7200,7200,7200,375
2026-04-14T18:42:33,NaN,4141,-26461,2586,2586,3023,299,283,NaN,NaN,31,31,9132,NaN,7200,7200,7200,7200,NaN
2026-04-14T18:42:35,375,4155,-26448,2588,2587,3023,277,283,376,376,31,31,9132,375,7200,7200,7200,7200,374
2026-04-14T18:42:41,376,4193,-26421,2590,2590,3023,280,274,376,376,31,31,9132,375,7200,7200,7200,7200,376
2026-04-14T18:42:45,376,4224,-26395,2592,2592,3023,277,283,375,375,31,31,9132,375,7200,7200,7200,7200,375
2026-04-14T18:42:50,374,4259,-26369,2595,2595,3023,235,274,374,374,40,40,9132,375,7200,7200,7200,7200,376
2026-04-14T18:42:55,375,4292,-26348,2598,2598,3023,278,284,375,375,31,31,9132,374,7200,7200,7200,7200,375
2026-04-14T18:43:00,374,4327,-26321,2600,2600,3023,236,293,374,374,31,31,9132,374,7200,7200,7200,7200,375
2026-04-14T18:43:06,373,4361,-26295,2602,2603,3023,262,275,373,373,31,31,9132,374,7200,7200,7200,7200,374
2026-04-14T18:43:11,374,4395,-26267,2605,2605,3023,255,303,374,374,40,40,9132,374,7200,7200,7200,7200,374
2026-04-14T18:43:16,375,4433,-26241,2608,2608,3023,289,284,375,375,31,40,9132,374,7200,7200,7200,7200,375
2026-04-14T18:43:21,373,4465,-26215,2610,2610,3023,280,274,373,373,31,31,9132,374,7200,7200,7200,7200,374
2026-04-14T18:43:26,374,4497,-26189,2613,2613,3023,261,274,373,373,40,40,9132,374,7200,7200,7200,7200,374
2026-04-14T18:43:30,374,4530,-26163,2615,2615,3023,268,268,374,374,31,31,9132,374,7200,7200,7200,7200,373
2026-04-14T18:43:36,374,4566,-26137,2618,2618,3023,269,268,374,374,31,31,9132,374,7200,7200,7200,7200,374
2026-04-14T18:43:40,374,4599,-26110,2620,2620,3023,281,274,374,374,40,40,9132,374,7200,7200,7200,7200,374
2026-04-14T18:43:46,375,4637,-26083,2623,2623,3023,295,283,375,375,31,31,9132,374,7200,7200,7200,7200,373
2026-04-14T18:43:50,373,4666,-26065,2625,2625,3023,274,274,373,373,31,31,9132,374,7200,7200,7200,7200,374
2026-04-14T18:43:56,373,4703,-26038,2628,2628,3023,229,275,373,373,31,31,9132,373,7200,7200,7200,7200,373
2026-04-14T18:44:00,373,4734,-26013,2630,2630,3023,274,275,373,373,31,31,9132,373,7200,7200,7200,7200,373
2026-04-14T18:44:06,373,4770,-25985,2633,2633,3023,249,275,372,372,31,31,9132,373,7200,7200,7200,7200,373
2026-04-14T18:44:10,374,4804,-25959,2635,2635,3023,229,266,374,374,31,31,9132,373,7200,7200,7200,7200,373
2026-04-14T18:44:16,372,4839,-25934,2638,2638,3023,239,274,373,373,31,31,9132,373,7200,7200,7200,7200,373
2026-04-14T18:44:21,371,4872,-25908,2640,2640,3023,261,275,371,371,31,31,9132,373,7200,7200,7200,7200,372
2026-04-14T18:44:26,372,4910,-25885,2643,2643,3023,268,274,372,372,31,31,9132,372,7200,7200,7200,7200,372
2026-04-14T18:44:30,372,4939,-25859,2645,2645,3023,268,274,371,371,31,31,9132,372,7200,7200,7200,7200,372
2026-04-14T18:44:36,371,4978,-25831,2648,2648,3023,326,274,371,371,31,31,9132,372,7200,7200,7200,7200,371
2026-04-14T18:44:40,371,5008,-25806,2650,2650,3023,268,274,371,371,31,31,9132,372,7200,7200,7200,7200,371
2026-04-14T18:44:46,371,5047,-25779,2653,2653,3023,273,293,371,371,31,31,9132,372,7200,7200,7200,7200,371
2026-04-14T18:44:50,370,5076,-25754,2655,2655,3023,289,274,370,370,31,31,9132,372,7200,7200,7200,7200,370
2026-04-14T18:44:57,371,5115,-25725,2658,2658,3023,274,284,370,370,31,31,9132,370,7200,7200,7200,7200,370
2026-04-14T18:45:01,369,5146,-25701,2660,2660,3019,428,458,369,369,0,0,9132,370,7200,7200,7200,7200,370
2026-04-14T18:45:06,369,5180,-25674,2663,2663,3021,658,681,368,368,0,0,9132,370,7200,7200,7200,7200,369
2026-04-14T18:45:11,369,5215,-25647,2665,2665,3021,667,706,368,369,0,0,9132,370,7200,7200,7200,7200,369
2026-04-14T18:45:15,369,5247,-25622,2667,2667,3021,674,704,368,368,0,0,9132,370,7200,7200,7200,7200,369
2026-04-14T18:45:21,368,5281,-25595,2670,2670,3021,677,707,368,369,0,0,9132,370,7200,7200,7200,7200,369
2026-04-14T18:45:26,367,5317,-25569,2673,2673,3021,699,706,367,369,0,0,9132,368,7200,7200,7200,7200,369
2026-04-14T18:45:30,369,5349,-25543,2675,2675,3021,685,707,368,368,0,0,9132,368,7200,7200,7200,7200,368
2026-04-14T18:45:36,368,5385,-25516,2678,2678,3021,667,707,368,368,0,0,9132,368,7200,7200,7200,7200,367
2026-04-14T18:45:41,368,5420,-25490,2680,2680,3021,675,705,368,368,0,0,9132,368,7200,7200,7200,7200,368
2026-04-14T18:45:45,367,5451,-25464,2682,2682,3021,685,706,367,367,0,0,9132,368,7200,7200,7200,7200,367
2026-04-14T18:45:51,366,5489,-25437,2685,2685,3021,676,706,366,366,0,0,9132,368,7200,7200,7200,7200,367
2026-04-14T18:45:56,366,5525,-25409,2688,2688,3021,689,715,366,366,0,0,9132,367,7200,7200,7200,7200,366
2026-04-14T18:46:00,366,5552,-25386,2690,2690,3021,675,706,366,366,0,0,9132,367,7200,7200,7200,7200,366
2026-04-14T18:46:06,365,5594,-25357,2693,2693,3021,701,707,365,365,0,0,9132,367,7200,7200,7200,7200,365
2026-04-14T18:46:11,366,5624,-25332,2695,2695,3021,684,713,366,366,0,0,9132,367,7200,7200,7200,7200,366
2026-04-14T18:46:15,366,5655,-25306,2698,2698,3021,699,713,366,366,0,0,9132,367,7200,7200,7200,7200,365
2026-04-14T18:46:20,366,5689,-25280,2700,2700,3021,683,712,366,366,0,0,9132,367,7200,7200,7200,7200,366
2026-04-14T18:46:26,364,5727,-25252,2703,2703,3021,683,713,365,365,0,0,9132,365,7200,7200,7200,7200,365
2026-04-14T18:46:30,365,5758,-25227,2705,2705,3021,683,713,364,364,0,0,9132,365,7200,7200,7200,7200,364
2026-04-14T18:46:36,362,5798,-25199,2708,2708,3021,692,715,363,363,0,0,9132,365,7200,7200,7200,7200,363
2026-04-14T18:46:40,364,5827,-25175,2710,2710,3021,675,713,363,363,0,0,9132,365,7200,7200,7200,7200,363
2026-04-14T18:46:45,364,5861,-25148,2712,2713,3021,702,732,364,364,0,0,9132,365,7200,7200,7200,7200,363
2026-04-14T18:46:51,362,5894,-25122,2715,2715,3021,720,750,362,362,0,0,9132,365,7200,7200,7200,7200,362
2026-04-14T18:46:56,363,5934,-25094,2718,2718,3021,724,750,362,362,0,0,9132,363,7200,7200,7200,7200,362
2026-04-14T18:47:00,361,5964,-25069,2720,2720,3021,708,740,361,361,0,0,9132,363,7200,7200,7200,7200,362
2026-04-14T18:47:05,362,5998,-25042,2723,2723,3021,691,721,362,362,0,0,9132,363,7200,7200,7200,7200,362
2026-04-14T18:47:10,361,6030,-25017,2725,2725,3021,699,722,361,361,0,0,9132,363,7200,7200,7200,7200,360
2026-04-14T18:47:15,361,6068,-24990,2728,2728,3021,710,731,361,361,0,0,9132,363,7200,7200,7200,7200,361
2026-04-14T18:47:21,361,6101,-24964,2730,2730,3021,711,732,361,361,0,0,9132,363,7200,7200,7200,7200,361
2026-04-14T18:47:26,361,6133,-24938,2733,2733,3021,700,731,361,361,0,0,9132,361,7200,7200,7200,7200,361
2026-04-14T18:47:30,360,6165,-24911,2735,2735,3021,715,738,360,360,0,0,9132,361,7200,7200,7200,7200,360
2026-04-14T18:47:36,359,6206,-24883,2738,2738,3021,705,728,359,359,0,0,9132,361,7200,7200,7200,7200,359
2026-04-14T18:47:40,359,6236,-24858,2740,2740,3021,720,728,359,359,0,0,9132,361,7200,7200,7200,7200,360
2026-04-14T18:47:46,360,6274,-24831,2743,2743,3021,707,730,359,359,0,0,9132,361,7200,7200,7200,7200,359
2026-04-14T18:47:50,357,6303,-24806,2745,2745,3021,709,739,357,357,0,0,9132,361,7200,7200,7200,7200,357
2026-04-14T18:47:56,357,6339,-24780,2748,2748,3021,717,731,357,357,0,0,9132,359,7200,7200,7200,7200,357
2026-04-14T18:48:01,358,6375,-24752,2750,2750,3021,727,738,358,357,0,0,9132,359,7200,7200,7200,7200,357
2026-04-14T18:48:06,358,6410,-24725,2753,2753,3021,707,745,359,359,0,0,9132,359,7200,7200,7200,7200,358
2026-04-14T18:48:10,358,6441,-24700,2755,2755,3021,699,729,357,357,0,0,9132,359,7200,7200,7200,7200,356
2026-04-14T18:48:16,356,6479,-24672,2758,2758,3021,723,746,356,356,0,0,9132,359,7200,7200,7200,7200,357
2026-04-14T18:48:21,357,6510,-24647,2760,2760,3021,730,738,357,357,0,0,9132,359,7200,7200,7200,7200,356
2026-04-14T18:48:26,356,6545,-24621,2763,2763,3021,714,734,356,356,0,0,9132,357,7200,7200,7200,7200,356
2026-04-14T18:48:30,356,6576,-24595,2765,2765,3021,724,744,356,356,0,0,9132,357,7200,7200,7200,7200,356
2026-04-14T18:48:36,356,6612,-24572,2768,2768,3021,689,728,355,355,0,0,9132,357,7200,7200,7200,7200,355
2026-04-14T18:48:40,355,6645,-24546,2770,2770,3021,720,734,355,355,0,0,9132,357,7200,7200,7200,7200,355
2026-04-14T18:48:45,355,6678,-24520,2773,2773,3021,705,736,355,355,0,0,9132,357,7200,7200,7200,7200,355
2026-04-14T18:48:50,355,6713,-24495,2775,2775,3021,706,746,355,355,0,0,9132,357,7200,7200,7200,7200,355
2026-04-14T18:48:57,355,6751,-24466,2778,2778,3021,699,730,355,355,0,0,9132,355,7200,7200,7200,7200,353
2026-04-14T18:49:00,354,6781,-24441,2780,2780,3021,707,737,354,354,0,0,9132,355,7200,7200,7200,7200,355
2026-04-14T18:49:06,353,6821,-24413,2783,2783,3021,707,730,354,354,0,0,9132,355,7200,7200,7200,7200,352
2026-04-14T18:49:10,354,6849,-24389,2785,2785,3021,699,738,353,353,0,0,9132,355,7200,7200,7200,7200,353
2026-04-14T18:49:16,352,6883,-24363,2788,2788,3021,709,738,352,352,0,0,9132,355,7200,7200,7200,7200,352
2026-04-14T18:49:21,351,6921,-24335,2790,2790,3021,700,730,351,351,0,0,9132,355,7200,7200,7200,7200,352
2026-04-14T18:49:27,351,6957,-24308,2793,2793,3021,707,737,351,352,0,0,9132,353,7200,7200,7200,7200,352
2026-04-14T18:49:31,352,6988,-24283,2795,2795,3021,733,747,352,351,0,0,9132,353,7200,7200,7200,7200,352
2026-04-14T18:49:36,351,7022,-24257,2798,2798,3021,709,729,351,352,0,0,9132,353,7200,7200,7200,7200,350
2026-04-14T18:49:41,350,7056,-24230,2800,2800,3021,700,737,352,352,0,0,9132,353,7200,7200,7200,7200,352
2026-04-14T18:49:46,350,7090,-24203,2803,2803,3021,716,739,351,351,0,0,9132,353,7200,7200,7200,7200,349
2026-04-14T18:49:51,351,7123,-24178,2805,2805,3021,716,739,351,350,0,0,9132,353,7200,7200,7200,7200,350
2026-04-14T18:49:56,350,7161,-24154,2808,2808,3021,715,738,350,350,0,0,9132,351,7200,7200,7200,7200,350
2026-04-14T18:50:00,349,7190,-24130,2810,2810,3019,428,449,349,349,0,0,9132,351,7200,7200,7200,7200,349
2026-04-14T18:50:07,349,7229,-24101,2813,2813,3021,367,397,350,350,0,0,9132,351,7200,7200,7200,7200,349
2026-04-14T18:50:11,349,7259,-24080,2815,2815,3021,360,390,350,350,0,0,9132,351,7200,7200,7200,7200,349
2026-04-14T18:50:15,349,7292,-24054,2818,2818,3021,367,390,349,349,0,0,9132,351,7200,7200,7200,7200,349
2026-04-14T18:50:21,348,7329,-24027,2820,2820,3021,374,382,348,348,0,0,9132,351,7200,7200,7200,7200,348
2026-04-14T18:50:26,348,7362,-24002,2823,2823,3021,360,390,348,346,0,0,9132,348,7200,7200,7200,7200,346
2026-04-14T18:50:31,346,7396,-23974,2825,2825,3021,359,389,346,346,0,0,9132,348,7200,7200,7200,7200,346
2026-04-14T18:50:36,346,7431,-23949,2828,2828,3021,365,388,346,345,0,0,9132,348,7200,7200,7200,7200,346
2026-04-14T18:50:40,346,7463,-23923,2830,2830,3021,341,387,346,346,0,0,9132,348,7200,7200,7200,7200,346
2026-04-14T18:50:46,346,7501,-23895,2833,2833,3021,367,389,346,346,0,0,9132,348,7200,7200,7200,7200,345
2026-04-14T18:50:50,344,7530,-23870,2835,2835,3021,340,362,344,344,0,0,9132,348,7200,7200,7200,7200,344
2026-04-14T18:50:56,344,7570,-23843,2838,2838,3021,367,390,344,344,0,0,9132,345,7200,7200,7200,7200,343
2026-04-14T18:51:01,344,7603,-23817,2840,2840,3021,349,389,344,344,0,0,9132,345,7200,7200,7200,7200,344
2026-04-14T18:51:06,344,7637,-23790,2843,2843,3021,369,389,344,344,0,0,9132,345,7200,7200,7200,7200,344
2026-04-14T18:51:11,343,7672,-23764,2845,2845,3021,366,389,343,343,0,0,9132,345,7200,7200,7200,7200,343
2026-04-14T18:51:15,342,7703,-23739,2848,2848,3021,366,389,342,342,0,0,9132,345,7200,7200,7200,7200,342
2026-04-14T18:51:21,342,7738,-23712,2850,2850,3021,372,388,342,342,0,0,9132,345,7200,7200,7200,7200,341
2026-04-14T18:51:26,341,7769,-23686,2853,2853,3021,375,398,341,341,0,0,9132,342,7200,7200,7200,7200,341
2026-04-14T18:51:31,342,7805,-23659,2855,2855,3021,369,390,340,340,0,0,9132,342,7200,7200,7200,7200,340
2026-04-14T18:51:36,340,7840,-23632,2858,2858,3021,382,396,341,339,0,0,9132,342,7200,7200,7200,7200,341
2026-04-14T18:51:40,339,7872,-23607,2860,2860,3021,376,398,339,339,0,0,9132,342,7200,7200,7200,7200,339
2026-04-14T18:51:46,339,7909,-23578,2863,2863,3019,368,389,338,339,0,0,9132,342,7200,7200,7200,7200,339
2026-04-14T18:51:51,339,7940,-23555,2865,2865,3019,375,398,339,339,0,0,9132,342,7200,7200,7200,7200,339
2026-04-14T18:51:56,337,7978,-23526,2868,2868,3021,375,389,337,338,0,0,9132,339,7200,7200,7200,7200,336
2026-04-14T18:52:01,337,8009,-23502,2870,2870,3019,360,379,337,337,0,0,9132,339,7200,7200,7200,7200,337
2026-04-14T18:52:06,337,8043,-23475,2873,2873,3021,383,390,337,337,0,0,9132,339,7200,7200,7200,7200,338
2026-04-14T18:52:10,337,8076,-23449,2875,2875,3021,383,389,337,337,0,0,9132,339,7200,7200,7200,7200,337
2026-04-14T18:52:16,336,8114,-23421,2878,2878,3021,376,397,336,336,0,0,9132,339,7200,7200,7200,7200,336
2026-04-14T18:52:21,335,8146,-23395,2880,2880,3021,367,390,335,335,0,0,9132,339,7200,7200,7200,7200,335
2026-04-14T18:52:25,335,8177,-23371,2883,2883,3021,375,396,335,335,0,0,9132,336,7200,7200,7200,7200,335
2026-04-14T18:52:31,334,8216,-23343,2885,2885,3019,383,397,335,335,0,0,9132,336,7200,7200,7200,7200,335
2026-04-14T18:52:36,334,8252,-23315,2888,2888,3021,375,396,333,333,0,0,9132,336,7200,7200,7200,7200,335
2026-04-14T18:52:40,332,8279,-23292,2890,2890,3021,383,390,332,332,0,0,9132,336,7200,7200,7200,7200,332
2026-04-14T18:52:45,333,8315,-23269,2893,2893,3021,383,390,332,332,0,0,9132,336,7200,7200,7200,7200,332
2026-04-14T18:52:50,332,8349,-23243,2895,2895,3021,384,397,332,332,0,0,9132,336,7200,7200,7200,7200,332
2026-04-14T18:52:57,332,8390,-23214,2898,2898,3019,375,396,332,332,0,0,9132,333,7200,7200,7200,7200,332
2026-04-14T18:53:01,331,8419,-23188,2900,2900,3021,373,396,331,330,0,0,9132,333,7200,7200,7200,7200,331
2026-04-14T18:53:06,330,8456,-23163,2903,2903,3021,382,396,330,332,0,0,9132,333,7200,7200,7200,7200,332
2026-04-14T18:53:11,331,8489,-23136,2905,2905,3021,382,396,331,329,0,0,9132,333,7200,7200,7200,7200,329
2026-04-14T18:53:15,329,8519,-23111,2908,2908,3019,373,396,330,330,0,0,9132,333,7200,7200,7200,7200,331
2026-04-14T18:53:21,329,8555,-23084,2910,2910,3021,366,389,329,329,0,0,9132,333,7200,7200,7200,7200,329
2026-04-14T18:53:26,329,8589,-23057,2913,2913,3021,375,389,329,329,0,0,9132,330,7200,7200,7200,7200,329
2026-04-14T18:53:31,328,8624,-23031,2915,2915,3021,376,388,328,328,0,0,9132,330,7200,7200,7200,7200,327
2026-04-14T18:53:35,328,8654,-23006,2918,2918,3021,368,389,328,327,0,0,9132,330,7200,7200,7200,7200,327
2026-04-14T18:53:40,328,8689,-22979,2920,2920,3021,382,389,328,328,0,0,9132,330,7200,7200,7200,7200,328
2026-04-14T18:53:46,326,8727,-22951,2923,2923,3021,358,381,327,327,0,0,9132,330,7200,7200,7200,7200,327
2026-04-14T18:53:51,325,8760,-22926,2925,2925,3019,375,414,325,325,0,0,9132,330,7200,7200,7200,7200,326
2026-04-14T18:53:55,325,8790,-22900,2928,2928,3021,369,390,325,325,0,0,9132,327,7200,7200,7200,7200,325
2026-04-14T18:54:00,324,8827,-22874,2930,2930,3021,356,379,324,324,0,0,9132,327,7200,7200,7200,7200,325
2026-04-14T18:54:06,325,8862,-22847,2933,2933,3019,383,397,325,325,0,0,9132,327,7200,7200,7200,7200,325
2026-04-14T18:54:10,324,8894,-22821,2935,2935,3021,369,390,324,323,0,0,9132,327,7200,7200,7200,7200,323
2026-04-14T18:54:16,324,8932,-22794,2938,2938,3021,383,397,324,325,0,0,9132,327,7200,7200,7200,7200,325
2026-04-14T18:54:20,323,8964,-22768,2940,2940,3021,389,396,323,323,0,0,9132,327,7200,7200,7200,7200,324
2026-04-14T18:54:27,322,9000,-22741,2943,2943,3021,382,396,322,323,0,0,9132,324,7200,7200,7200,7200,323
2026-04-14T18:54:31,322,9031,-22715,2945,2945,3019,373,397,322,322,0,0,9132,324,7200,7200,7200,7200,322
2026-04-14T18:54:35,321,9064,-22690,2948,2948,3019,375,388,321,320,0,0,9132,324,7200,7200,7200,7200,320
2026-04-14T18:54:41,322,9100,-22662,2950,2950,3019,385,405,321,321,0,0,9132,324,7200,7200,7200,7200,322
2026-04-14T18:54:46,321,9135,-22636,2953,2953,3019,375,406,321,321,0,0,9132,324,7200,7200,7200,7200,320
2026-04-14T18:54:51,320,9168,-22610,2955,2955,3019,373,396,320,320,0,0,9132,324,7200,7200,7200,7200,320
2026-04-14T18:54:55,320,9201,-22585,2958,2958,3019,382,413,320,320,0,0,9132,321,7200,7200,7200,7200,320
2026-04-14T18:55:01,319,9237,-22557,2960,2960,3021,382,396,320,318,0,0,9132,321,7200,7200,7200,7200,318
2026-04-14T18:55:07,318,9275,-22530,2963,2963,3019,375,406,319,319,0,0,9132,321,7200,7200,7200,7200,318
2026-04-14T18:55:11,319,9308,-22504,2965,2965,3019,366,396,317,317,0,0,9132,321,7200,7200,7200,7200,317
2026-04-14T18:55:16,316,9339,-22478,2968,2968,3019,392,406,317,317,0,0,9132,321,7200,7200,7200,7200,318
2026-04-14T18:55:20,317,9372,-22453,2970,2970,3019,392,405,317,317,0,0,9132,321,7200,7200,7200,7200,317
2026-04-14T18:55:26,317,9407,-22430,2973,2973,3019,391,404,317,317,0,0,9132,318,7200,7200,7200,7200,317
2026-04-14T18:55:30,316,9439,-22404,2975,2975,3019,382,395,316,316,0,0,9132,318,7200,7200,7200,7200,316
2026-04-14T18:55:36,316,9477,-22377,2978,2978,3019,382,395,316,316,0,0,9132,318,7200,7200,7200,7200,315
2026-04-14T18:55:41,314,9509,-22350,2980,2980,3019,376,395,314,314,0,0,9132,318,7200,7200,7200,7200,315
2026-04-14T18:55:47,314,9548,-22323,2983,2983,3019,391,404,314,314,0,0,9132,318,7200,7200,7200,7200,314
2026-04-14T18:55:51,313,9580,-22298,2985,2985,3019,375,395,313,314,0,0,9132,318,7200,7200,7200,7200,313
2026-04-14T18:55:57,313,9614,-22271,2988,2988,3019,385,395,313,313,0,0,9132,315,7200,7200,7200,7200,313
2026-04-14T18:56:00,313,9644,-22246,2990,2990,3019,384,404,313,313,0,0,9132,315,7200,7200,7200,7200,313
2026-04-14T18:56:07,312,9684,-22218,2993,2993,3019,381,404,312,312,0,0,9132,315,7200,7200,7200,7200,313
2026-04-14T18:56:10,311,9713,-22193,2995,2995,3021,366,395,311,313,0,0,9132,315,7200,7200,7200,7200,313
2026-04-14T18:56:17,310,9752,-22165,2998,2998,3019,373,397,310,310,0,0,9132,315,7200,7200,7200,7200,311
2026-04-14T18:56:21,310,9785,-22140,3000,3000,3019,382,395,310,310,0,0,9132,315,7200,7200,7200,7200,310
2026-04-14T18:56:27,310,9820,-22113,3003,3003,3019,392,404,310,310,0,0,9132,311,7200,7200,7200,7200,310
2026-04-14T18:56:30,310,9849,-22088,3005,3005,3019,382,395,310,310,0,0,9132,311,7200,7200,7200,7200,310
2026-04-14T18:56:37,309,9887,-22061,3008,3008,3019,382,404,309,309,0,0,9132,311,7200,7200,7200,7200,309
2026-04-14T18:56:41,309,9918,-22035,3010,3010,3019,372,395,308,308,0,0,9132,311,7200,7200,7200,7200,308
2026-04-14T18:56:46,308,9953,-22008,3013,3013,3019,365,394,308,308,0,0,9132,311,7200,7200,7200,7200,308
2026-04-14T18:56:51,308,9987,-21982,3015,3015,3021,381,394,305,305,0,0,9132,311,7200,7200,7200,7200,307
2026-04-14T18:56:56,306,10020,-21956,3018,3018,3019,390,403,305,305,0,0,9132,308,7200,7200,7200,7200,305
2026-04-14T18:57:01,305,10053,-21931,3020,3020,3019,390,403,305,305,0,0,9132,308,7200,7200,7200,7200,305
2026-04-14T18:57:06,305,10090,-21904,3023,3023,3019,383,405,305,305,0,0,9132,308,7200,7200,7200,7200,305
2026-04-14T18:57:11,304,10123,-21877,3025,3025,3019,374,404,304,305,0,0,9132,308,7200,7200,7200,7200,305
2026-04-14T18:57:21,304,NaN,-21850,3030,3030,3019,NaN,NaN,304,304,NaN,NaN,9132,308,7200,7200,7200,7200,304
2026-04-14T18:57:22,303,10203,-21815,3031,3031,3019,396,403,303,303,0,0,9132,304,7200,7200,7200,7200,302
2026-04-14T18:57:28,303,10239,-21788,3034,3034,3019,383,403,302,302,0,0,9132,304,7200,7200,7200,7200,302
2026-04-14T18:57:33,302,10274,-21761,3036,3036,3019,390,403,302,302,0,0,9132,304,7200,7200,7200,7200,302
2026-04-14T18:57:37,302,10304,-21736,3039,3039,3019,391,404,302,302,0,0,9132,304,7200,7200,7200,7200,302
2026-04-14T18:57:43,301,10339,-21710,3041,3041,3019,391,405,301,301,0,0,9132,304,7200,7200,7200,7200,301
2026-04-14T18:57:47,301,10374,-21683,3044,3044,3019,392,405,301,301,0,0,9132,304,7200,7200,7200,7200,301
2026-04-14T18:57:53,300,10409,-21661,3046,3046,3019,394,405,300,300,0,0,9132,301,7200,7200,7200,7200,300
2026-04-14T18:57:57,299,10440,-21634,3049,3049,3019,392,405,300,300,0,0,9132,301,7200,7200,7200,7200,299
2026-04-14T18:58:02,300,10477,-21608,3051,3051,3021,691,712,300,300,0,0,9132,301,7200,7200,7200,7200,298
2026-04-14T18:58:08,298,10511,-21586,3054,3054,3021,723,762,299,299,0,0,9132,301,7200,7200,7200,7200,298
2026-04-14T18:58:13,298,10548,-21558,3056,3056,3021,741,770,297,297,0,0,9132,301,7200,7200,7200,7200,296
2026-04-14T18:58:18,297,10583,-21532,3059,3059,3021,729,761,297,296,0,0,9132,301,7200,7200,7200,7200,296
2026-04-14T18:58:23,296,10616,-21505,3061,3061,3021,737,761,296,296,0,0,9132,298,7200,7200,7200,7200,297
2026-04-14T18:58:27,296,10645,-21481,3064,3064,3021,740,761,296,296,0,0,9132,298,7200,7200,7200,7200,295
2026-04-14T18:58:33,295,10680,-21453,3066,3066,3021,746,771,296,296,0,0,9132,298,7200,7200,7200,7200,296
2026-04-14T18:58:37,295,10713,-21428,3069,3069,3021,756,770,295,295,0,0,9132,298,7200,7200,7200,7200,295
2026-04-14T18:58:43,295,10749,-21402,3071,3071,3021,756,786,295,295,0,0,9132,298,7200,7200,7200,7200,295
2026-04-14T18:58:48,294,10784,-21374,3074,3074,3019,1208,1245,294,295,0,0,9132,298,7200,7200,7200,7200,294
2026-04-14T18:58:52,292,10816,-21349,3076,3076,3021,479,520,293,293,0,0,9132,294,7200,7200,7200,7200,293
2026-04-14T18:58:57,293,10850,-21323,3079,3079,3019,852,880,293,293,0,0,9132,294,7200,7200,7200,7200,294
2026-04-14T18:59:03,292,10888,-21296,3081,3081,3021,834,856,292,292,0,0,9132,294,7200,7200,7200,7200,293
2026-04-14T18:59:08,292,10919,-21270,3084,3084,3021,810,839,292,292,0,0,9132,294,7200,7200,7200,7200,292
2026-04-14T18:59:12,292,10952,-21244,3086,3086,3021,828,836,292,292,0,0,9132,294,7200,7200,7200,7200,292
2026-04-14T18:59:18,290,10988,-21217,3089,3089,3019,816,839,290,292,0,0,9132,294,7200,7200,7200,7200,292
2026-04-14T18:59:22,291,11022,-21191,3091,3091,3021,827,847,291,290,0,0,9132,291,7200,7200,7200,7200,290
2026-04-14T18:59:28,290,11057,-21165,3094,3094,3021,809,838,290,290,0,0,9132,291,7200,7200,7200,7200,290
2026-04-14T18:59:33,290,11090,-21138,3096,3096,3021,807,836,290,290,0,0,9132,291,7200,7200,7200,7200,290
2026-04-14T18:59:37,289,11123,-21116,3099,3099,3021,815,837,289,289,0,0,9132,291,7200,7200,7200,7200,290
2026-04-14T18:59:43,287,11161,-21087,3101,3101,3021,816,836,288,288,0,0,9132,291,7200,7200,7200,7200,287
2026-04-14T18:59:48,287,11198,-21061,3104,3104,3021,824,837,287,287,0,0,9132,291,7200,7200,7200,7200,287
2026-04-14T18:59:53,287,11228,-21036,3106,3106,3019,819,848,287,287,0,0,9132,288,7200,7200,7200,7200,287
2026-04-14T18:59:57,287,11259,-21011,3109,3109,3021,809,838,287,287,0,0,9132,288,7200,7200,7200,7200,287
2026-04-14T19:00:04,285,11299,-20983,3112,3112,3021,809,838,285,285,0,0,9132,288,7200,7200,7200,7200,284
2026-04-14T19:00:08,285,11330,-20957,3114,3114,3021,810,839,285,285,0,0,9132,288,7200,7200,7200,7200,285
2026-04-14T19:00:13,285,11363,-20932,3116,3116,3019,810,839,285,285,0,0,9132,288,7200,7200,7200,7200,285
2026-04-14T19:00:18,284,11399,-20904,3119,3119,3021,801,849,285,285,0,0,9132,288,7200,7200,7200,7200,284
2026-04-14T19:00:23,284,11431,-20879,3121,3121,3019,810,849,283,283,0,0,9132,285,7200,7200,7200,7200,283
2026-04-14T19:00:28,284,11468,-20852,3124,3124,3019,809,839,284,284,0,0,9132,285,7200,7200,7200,7200,282
2026-04-14T19:00:33,283,11500,-20827,3126,3126,3021,810,849,283,283,0,0,9132,285,7200,7200,7200,7200,283
2026-04-14T19:00:37,282,11532,-20800,3129,3129,3019,821,860,282,282,0,0,9132,285,7200,7200,7200,7200,283
2026-04-14T19:00:42,281,11565,-20774,3131,3131,3021,828,859,282,282,0,0,9132,285,7200,7200,7200,7200,281
2026-04-14T19:00:48,281,11601,-20748,3134,3134,3021,836,851,281,281,0,0,9132,285,7200,7200,7200,7200,281
2026-04-14T19:00:53,281,11639,-20721,3136,3136,3019,819,850,281,281,0,0,9132,282,7200,7200,7200,7200,280
2026-04-14T19:00:57,281,11668,-20695,3139,3139,3019,836,859,281,281,0,0,9132,282,7200,7200,7200,7200,280
2026-04-14T19:01:03,279,11708,-20667,3141,3141,3019,828,858,279,279,0,0,9132,282,7200,7200,7200,7200,280
2026-04-14T19:01:07,279,11737,-20642,3144,3144,3019,836,859,280,280,0,0,9132,282,7200,7200,7200,7200,279
2026-04-14T19:01:14,278,11776,-20614,3147,3147,3021,828,849,278,279,0,0,9132,282,7200,7200,7200,7200,279
2026-04-14T19:01:18,278,11809,-20588,3149,3149,3021,835,858,278,278,0,0,9132,282,7200,7200,7200,7200,278
2026-04-14T19:01:24,277,11845,-20562,3152,3152,3021,818,848,277,278,0,0,9132,279,7200,7200,7200,7200,277
2026-04-14T19:01:28,276,11874,-20540,3154,3154,3019,819,858,276,276,0,0,9132,279,7200,7200,7200,7200,276
2026-04-14T19:01:33,276,11913,-20512,3157,3157,3021,837,860,276,276,0,0,9132,279,7200,7200,7200,7200,276
2026-04-14T19:01:38,276,11941,-20488,3159,3159,3021,827,860,276,276,0,0,9132,279,7200,7200,7200,7200,276
2026-04-14T19:01:43,276,11976,-20462,3161,3161,3019,819,849,276,276,0,0,9132,279,7200,7200,7200,7200,276
2026-04-14T19:01:48,276,12012,-20436,3164,3164,3019,838,850,276,276,0,0,9132,279,7200,7200,7200,7200,276
2026-04-14T19:01:54,275,12050,-20407,3167,3167,3021,832,869,276,276,0,0,9132,275,7200,7200,7200,7200,275
2026-04-14T19:01:59,275,12083,-20382,3169,3169,3021,831,842,274,274,0,0,9132,275,7200,7200,7200,7200,274
2026-04-14T19:02:04,273,12118,-20355,3172,3172,3021,827,859,274,274,0,0,9132,275,7200,7200,7200,7200,274
2026-04-14T19:02:08,273,12148,-20330,3174,3174,3021,811,860,273,273,0,0,9132,275,7200,7200,7200,7200,273
2026-04-14T19:02:13,273,12186,-20302,3177,3177,3019,827,850,273,273,0,0,9132,275,7200,7200,7200,7200,272
2026-04-14T19:02:18,272,12219,-20277,3179,3179,3021,824,851,272,270,0,0,9132,275,7200,7200,7200,7200,273
2026-04-14T19:02:24,272,12253,-20250,3182,3182,3019,821,850,272,272,0,0,9132,273,7200,7200,7200,7200,271
2026-04-14T19:02:27,270,12282,-20229,3184,3184,3021,836,859,270,270,0,0,9132,273,7200,7200,7200,7200,270
2026-04-14T19:02:33,270,12315,-20203,3186,3186,3019,830,860,270,270,0,0,9132,273,7200,7200,7200,7200,270
2026-04-14T19:02:38,270,12353,-20176,3189,3189,3019,836,860,270,270,0,0,9132,273,7200,7200,7200,7200,270
2026-04-14T19:02:43,270,12386,-20150,3191,3191,3019,821,860,270,270,0,0,9132,273,7200,7200,7200,7200,269
2026-04-14T19:02:48,269,12425,-20121,3194,3194,3019,838,868,269,269,0,0,9132,273,7200,7200,7200,7200,269
2026-04-14T19:02:54,269,12459,-20095,3197,3197,3019,830,861,268,268,0,0,9132,269,7200,7200,7200,7200,268
2026-04-14T19:02:57,267,12488,-20071,3199,3199,3021,844,860,267,267,0,0,9132,269,7200,7200,7200,7200,267
2026-04-14T19:03:03,267,12524,-20043,3201,3201,3019,832,863,267,267,0,0,9132,269,7200,7200,7200,7200,267
2026-04-14T19:03:07,267,12555,-20019,3204,3204,3019,831,861,267,267,0,0,9132,269,7200,7200,7200,7200,267
2026-04-14T19:03:14,267,12594,-19990,3206,3206,3019,831,861,267,267,0,0,9132,269,7200,7200,7200,7200,265
2026-04-14T19:03:17,265,12623,-19970,3209,3209,3019,823,869,265,265,0,0,9132,269,7200,7200,7200,7200,264
2026-04-14T19:03:23,265,12658,-19943,3211,3211,3021,844,860,265,265,0,0,9132,266,7200,7200,7200,7200,265
2026-04-14T19:03:29,265,12697,-19916,3214,3214,3019,834,860,264,264,0,0,9132,266,7200,7200,7200,7200,264
2026-04-14T19:03:33,264,12727,-19891,3216,3216,3019,830,861,264,264,0,0,9132,266,7200,7200,7200,7200,263
2026-04-14T19:03:38,263,12760,-19864,3219,3219,3021,838,861,263,263,0,0,9132,266,7200,7200,7200,7200,263
2026-04-14T19:03:43,263,12794,-19838,3221,3221,3019,837,860,263,263,0,0,9132,266,7200,7200,7200,7200,264
2026-04-14T19:03:48,263,12827,-19811,3224,3224,3019,836,866,263,262,0,0,9132,266,7200,7200,7200,7200,262
2026-04-14T19:03:53,262,12863,-19785,3226,3226,3019,830,859,262,262,0,0,9132,263,7200,7200,7200,7200,262
2026-04-14T19:03:58,260,12898,-19759,3229,3229,3019,829,858,260,262,0,0,9132,263,7200,7200,7200,7200,261
2026-04-14T19:04:03,261,12930,-19736,3231,3231,3019,831,847,261,261,0,0,9132,263,7200,7200,7200,7200,260
2026-04-14T19:04:08,260,12965,-19710,3234,3234,3021,821,850,260,260,0,0,9132,263,7200,7200,7200,7200,261
2026-04-14T19:04:14,259,13003,-19683,3237,3237,3021,839,859,259,259,0,0,9132,263,7200,7200,7200,7200,259
2026-04-14T19:04:18,259,13033,-19658,3239,3239,3021,825,857,259,259,0,0,9132,263,7200,7200,7200,7200,259
2026-04-14T19:04:22,259,13065,-19631,3241,3241,3021,829,857,259,259,0,0,9132,260,7200,7200,7200,7200,259
2026-04-14T19:04:29,258,13104,-19604,3244,3244,3019,829,864,258,258,0,0,9132,260,7200,7200,7200,7200,259
2026-04-14T19:04:33,257,13136,-19583,3246,3246,3021,842,865,257,257,0,0,9132,260,7200,7200,7200,7200,257
2026-04-14T19:04:37,257,13168,-19557,3249,3249,3021,844,875,256,256,0,0,9132,260,7200,7200,7200,7200,257
2026-04-14T19:04:44,257,13209,-19528,3252,3252,3019,852,872,257,257,0,0,9132,260,7200,7200,7200,7200,256
2026-04-14T19:04:47,257,13238,-19504,3254,3254,3019,863,873,256,256,0,0,9132,260,7200,7200,7200,7200,255
2026-04-14T19:04:53,255,13272,-19478,3256,3256,3019,861,875,256,256,0,0,9132,256,7200,7200,7200,7200,256
2026-04-14T19:04:59,254,13309,-19450,3259,3259,3021,860,882,254,255,0,0,9132,256,7200,7200,7200,7200,254
2026-04-14T19:05:03,254,13344,-19424,3261,3261,3021,853,883,254,254,0,0,9132,256,7200,7200,7200,7200,254
2026-04-14T19:05:08,254,13376,-19398,3264,3264,3021,835,875,254,254,0,0,9132,256,7200,7200,7200,7200,253
2026-04-14T19:05:13,253,13409,-19372,3266,3266,3019,854,875,253,253,0,0,9132,256,7200,7200,7200,7200,254
2026-04-14T19:05:18,253,13443,-19344,3269,3269,3021,854,885,252,252,0,0,9132,256,7200,7200,7200,7200,253
2026-04-14T19:05:23,251,13478,-19319,3271,3271,3019,862,885,251,251,0,0,9132,253,7200,7200,7200,7200,252
2026-04-14T19:05:28,251,13510,-19294,3274,3274,3021,872,886,251,252,0,0,9132,253,7200,7200,7200,7200,252
2026-04-14T19:05:33,250,13545,-19266,3276,3276,3021,878,885,250,250,0,0,9132,253,7200,7200,7200,7200,249
2026-04-14T19:05:38,250,13578,-19240,3279,3279,3021,853,875,250,250,0,0,9132,253,7200,7200,7200,7200,251
2026-04-14T19:05:43,249,13613,-19214,3281,3281,3021,865,894,250,250,0,0,9132,253,7200,7200,7200,7200,250
2026-04-14T19:05:49,248,13649,-19187,3284,3284,3021,839,885,248,248,0,0,9132,253,7200,7200,7200,7200,250
2026-04-14T19:05:53,248,13684,-19161,3287,3287,3021,868,884,248,249,0,0,9132,250,7200,7200,7200,7200,249
2026-04-14T19:05:58,248,13718,-19134,3289,3289,3021,856,876,248,248,0,0,9132,250,7200,7200,7200,7200,248
2026-04-14T19:06:04,248,13753,-19112,3292,3292,3021,856,886,247,247,0,0,9132,250,7200,7200,7200,7200,248
2026-04-14T19:06:08,248,13783,-19087,3294,3294,3021,847,886,248,248,0,0,9132,250,7200,7200,7200,7200,247
2026-04-14T19:06:13,247,13817,-19060,3296,3296,3021,862,886,247,247,0,0,9132,250,7200,7200,7200,7200,247
2026-04-14T19:06:18,246,13855,-19033,3299,3299,3021,863,886,246,246,0,0,9132,250,7200,7200,7200,7200,246
2026-04-14T19:06:23,246,13885,-19007,3301,3301,3019,855,886,246,246,0,0,9132,247,7200,7200,7200,7200,245
2026-04-14T19:06:28,244,13921,-18981,3304,3304,3019,861,884,244,244,0,0,9132,247,7200,7200,7200,7200,244
2026-04-14T19:06:33,245,13954,-18959,3306,3306,3021,860,883,244,244,0,0,9132,247,7200,7200,7200,7200,245
2026-04-14T19:06:38,243,13988,-18933,3309,3309,3021,853,882,244,244,0,0,9132,247,7200,7200,7200,7200,244
2026-04-14T19:06:43,244,14025,-18904,3312,3312,3019,860,890,243,243,0,0,9132,247,7200,7200,7200,7200,244
2026-04-14T19:06:48,242,14056,-18880,3314,3314,3019,857,881,242,242,0,0,9132,247,7200,7200,7200,7200,242
2026-04-14T19:06:53,242,14090,-18854,3316,3316,3019,858,881,242,243,0,0,9132,243,7200,7200,7200,7200,243
2026-04-14T19:06:59,242,14128,-18826,3319,3319,3019,868,881,241,241,0,0,9132,243,7200,7200,7200,7200,241
2026-04-14T19:07:04,242,14162,-18799,3322,3322,3019,850,880,242,242,0,0,9132,243,7200,7200,7200,7200,242
2026-04-14T19:07:08,240,14191,-18775,3324,3324,3019,843,891,242,242,0,0,9132,243,7200,7200,7200,7200,241
2026-04-14T19:07:13,240,14228,-18747,3326,3326,3019,878,892,240,240,0,0,9132,243,7200,7200,7200,7200,240
2026-04-14T19:07:19,240,14264,-18721,3329,3329,3019,847,869,241,240,0,0,9132,243,7200,7200,7200,7200,240
2026-04-14T19:07:23,239,14294,-18696,3331,3331,3019,857,880,239,239,0,0,9132,240,7200,7200,7200,7200,239
2026-04-14T19:07:29,239,14333,-18668,3334,3334,3019,867,881,238,238,0,0,9132,240,7200,7200,7200,7200,238
2026-04-14T19:07:33,238,14364,-18643,3336,3336,3021,870,881,238,238,0,0,9132,240,7200,7200,7200,7200,237
2026-04-14T19:07:39,237,14400,-18615,3339,3339,3019,860,891,237,237,0,0,9132,240,7200,7200,7200,7200,237
2026-04-14T19:07:44,238,14434,-18590,3341,3342,3019,863,883,238,238,0,0,9132,240,7200,7200,7200,7200,237
2026-04-14T19:07:48,235,14466,-18563,3344,3344,3019,854,884,235,235,0,0,9132,240,7200,7200,7200,7200,235
2026-04-14T19:07:53,235,14499,-18538,3346,3346,3021,854,883,235,235,0,0,9132,237,7200,7200,7200,7200,236
2026-04-14T19:07:59,235,14536,-18510,3349,3349,3021,861,884,235,235,0,0,9132,237,7200,7200,7200,7200,235
2026-04-14T19:08:04,234,14573,-18483,3352,3352,3019,854,882,236,236,0,0,9132,237,7200,7200,7200,7200,235
2026-04-14T19:08:08,233,14605,-18458,3354,3354,3019,861,883,233,233,0,0,9132,237,7200,7200,7200,7200,235
2026-04-14T19:08:13,234,14639,-18430,3356,3356,3019,852,881,234,234,0,0,9132,237,7200,7200,7200,7200,234
2026-04-14T19:08:18,234,14669,-18406,3359,3359,3019,880,909,234,234,0,0,9132,237,7200,7200,7200,7200,233
2026-04-14T19:08:23,233,14704,-18380,3361,3361,3021,811,849,233,233,0,0,9132,234,7200,7200,7200,7200,233
2026-04-14T19:08:28,231,14737,-18354,3364,3364,3021,811,842,231,231,0,0,9132,234,7200,7200,7200,7200,231
2026-04-14T19:08:34,231,14776,-18325,3367,3367,3021,821,868,232,232,0,0,9132,234,7200,7200,7200,7200,231
2026-04-14T19:08:38,231,14806,-18300,3369,3369,3021,836,860,231,231,0,0,9132,234,7200,7200,7200,7200,230
2026-04-14T19:08:44,230,14844,-18273,3372,3372,3019,852,859,230,230,0,0,9132,234,7200,7200,7200,7200,230
2026-04-14T19:08:48,230,14874,-18248,3374,3374,3021,846,859,230,230,0,0,9132,234,7200,7200,7200,7200,230
2026-04-14T19:08:53,229,14908,-18222,3376,3376,3019,812,841,229,229,0,0,9132,230,7200,7200,7200,7200,230
2026-04-14T19:08:59,228,14947,-18194,3379,3379,3021,835,859,228,229,0,0,9132,230,7200,7200,7200,7200,228
2026-04-14T19:09:03,227,14976,-18169,3381,3381,3017,1218,1471,227,227,0,0,9132,230,7200,7200,7200,7200,227
2026-04-14T19:09:08,228,15012,-18141,3384,3384,3021,667,805,226,226,0,0,9132,230,7200,7200,7200,7200,227
2026-04-14T19:09:13,227,15044,-18116,3386,3386,3019,886,908,227,227,0,0,9132,230,7200,7200,7200,7200,227
2026-04-14T19:09:18,227,15078,-18091,3389,3389,3021,878,907,227,227,0,0,9132,230,7200,7200,7200,7200,226
2026-04-14T19:09:23,225,15113,-18064,3391,3391,3019,878,907,225,225,0,0,9132,227,7200,7200,7200,7200,225
2026-04-14T19:09:28,224,15149,-18036,3394,3394,3019,878,917,224,224,0,0,9132,227,7200,7200,7200,7200,224
2026-04-14T19:09:34,224,15186,-18009,3397,3397,3019,901,916,224,224,0,0,9132,227,7200,7200,7200,7200,224
2026-04-14T19:09:37,225,15213,-17985,3399,3399,3019,896,916,224,224,0,0,9132,227,7200,7200,7200,7200,224
2026-04-14T19:09:43,224,15253,-17956,3402,3402,3019,877,906,222,222,0,0,9132,227,7200,7200,7200,7200,223
2026-04-14T19:09:48,222,15285,-17931,3404,3404,3019,903,916,223,223,0,0,9132,227,7200,7200,7200,7200,223
2026-04-14T19:09:53,221,15317,-17905,3406,3406,3019,902,916,221,221,0,0,9132,223,7200,7200,7200,7200,221
2026-04-14T19:09:58,222,15352,-17879,3409,3409,3019,879,908,222,222,0,0,9132,223,7200,7200,7200,7200,222
2026-04-14T19:10:04,221,15389,-17852,3412,3412,3019,888,924,221,221,0,0,9132,223,7200,7200,7200,7200,221
2026-04-14T19:10:08,219,15422,-17825,3414,3414,3019,877,926,219,220,0,0,9132,223,7200,7200,7200,7200,221
2026-04-14T19:10:13,220,15455,-17799,3416,3416,3019,877,916,220,220,0,0,9132,223,7200,7200,7200,7200,220
2026-04-14T19:10:18,219,15489,-17774,3419,3419,3019,892,906,219,219,0,0,9132,223,7200,7200,7200,7200,219
2026-04-14T19:10:23,219,15522,-17748,3421,3421,3019,890,906,219,219,0,0,9132,220,7200,7200,7200,7200,218
2026-04-14T19:10:28,218,15557,-17721,3424,3424,3019,893,922,218,218,0,0,9132,220,7200,7200,7200,7200,218
2026-04-14T19:10:33,218,15588,-17696,3426,3426,3019,901,921,218,218,0,0,9132,220,7200,7200,7200,7200,217
2026-04-14T19:10:38,217,15624,-17669,3429,3429,3019,893,914,217,217,0,0,9132,220,7200,7200,7200,7200,218
2026-04-14T19:10:43,217,15659,-17646,3431,3431,3019,893,913,216,216,0,0,9132,220,7200,7200,7200,7200,216
2026-04-14T19:10:48,216,15691,-17620,3434,3434,3019,892,915,216,216,0,0,9132,220,7200,7200,7200,7200,215
2026-04-14T19:10:53,215,15730,-17593,3437,3437,3019,887,916,215,215,0,0,9132,217,7200,7200,7200,7200,215
2026-04-14T19:10:59,215,15763,-17567,3439,3439,3019,901,916,215,215,0,0,9132,217,7200,7200,7200,7200,215
2026-04-14T19:11:04,214,15797,-17540,3442,3442,3019,895,926,214,214,0,0,9132,217,7200,7200,7200,7200,213
2026-04-14T19:11:08,214,15827,-17515,3444,3444,3019,903,919,214,214,0,0,9132,217,7200,7200,7200,7200,214
2026-04-14T19:11:14,213,15868,-17487,3447,3447,3019,895,921,213,213,0,0,9132,217,7200,7200,7200,7200,212
2026-04-14T19:11:18,212,15899,-17462,3449,3449,3019,898,920,212,212,0,0,9132,217,7200,7200,7200,7200,212
2026-04-14T19:11:23,212,15930,-17435,3451,3451,3019,907,919,212,212,0,0,9132,213,7200,7200,7200,7200,211
2026-04-14T19:11:28,211,15965,-17410,3454,3454,3019,890,920,211,211,0,0,9132,213,7200,7200,7200,7200,211
2026-04-14T19:11:34,210,16003,-17381,3457,3457,3019,914,911,210,210,0,0,9132,213,7200,7200,7200,7200,211
2026-04-14T19:11:38,211,16033,-17357,3459,3459,3019,890,911,210,210,0,0,9132,213,7200,7200,7200,7200,210
2026-04-14T19:11:43,210,16065,-17331,3461,3461,3019,956,978,210,210,0,0,9132,213,7200,7200,7200,7200,210
2026-04-14T19:11:48,208,16104,-17304,3464,3464,3019,1002,1014,208,208,0,0,9132,213,7200,7200,7200,7200,209
2026-04-14T19:11:53,208,16135,-17278,3466,3466,3019,1028,1049,208,208,0,0,9132,210,7200,7200,7200,7200,208
2026-04-14T19:11:59,208,16173,-17251,3469,3469,3019,1043,1057,208,208,0,0,9132,210,7200,7200,7200,7200,208
2026-04-14T19:12:03,207,16203,-17225,3471,3471,3019,1088,1109,207,206,0,0,9132,210,7200,7200,7200,7200,206
2026-04-14T19:12:09,207,16243,-17198,3474,3474,3019,1037,1057,207,207,0,0,9132,210,7200,7200,7200,7200,207
2026-04-14T19:12:14,206,16275,-17171,3477,3477,3019,988,1031,205,205,0,0,9132,210,7200,7200,7200,7200,206
2026-04-14T19:12:18,206,16305,-17146,3479,3479,3017,1055,1078,205,205,0,0,9132,210,7200,7200,7200,7200,205
2026-04-14T19:12:28,204,16343,-17120,3481,3481,3019,1039,1070,204,204,0,0,NaN,206,NaN,NaN,NaN,NaN,204
2026-04-14T19:12:29,204,16387,-17084,3485,3485,3019,1023,1055,204,204,0,0,9132,206,7200,7200,7200,7200,204
2026-04-14T19:12:34,204,16419,-17059,3487,3487,3019,1032,1061,204,204,0,0,9132,206,7200,7200,7200,7200,203
2026-04-14T19:12:40,203,16455,-17031,3490,3490,3017,1038,1086,203,203,0,0,9132,206,7200,7200,7200,7200,201
2026-04-14T19:12:45,201,16489,-17006,3492,3492,3017,1004,1036,201,201,0,0,9132,206,7200,7200,7200,7200,201
2026-04-14T19:12:49,201,16522,-16980,3495,3495,3017,1015,1038,201,201,0,0,9132,206,7200,7200,7200,7200,201
2026-04-14T19:12:54,201,16555,-16954,3497,3497,3017,1054,1070,201,201,0,0,9132,202,7200,7200,7200,7200,201
2026-04-14T19:13:00,200,16590,-16927,3500,3500,3017,955,991,200,200,0,0,9132,202,7200,7200,7200,7200,200
2026-04-14T19:13:05,199,16622,-16901,3502,3502,3017,1040,1079,199,199,0,0,9132,202,7200,7200,7200,7200,199
2026-04-14T19:13:10,199,16663,-16874,3505,3505,3017,1085,1134,199,199,0,0,9132,202,7200,7200,7200,7200,199
2026-04-14T19:13:15,199,16694,-16848,3507,3507,3017,1034,1063,199,199,0,0,9132,202,7200,7200,7200,7200,199
2026-04-14T19:13:20,198,16730,-16821,3510,3510,3017,1041,1070,198,198,0,0,9132,202,7200,7200,7200,7200,199
2026-04-14T19:13:25,198,16762,-16795,3512,3512,3017,1065,1087,198,196,0,0,9132,199,7200,7200,7200,7200,196
2026-04-14T19:13:29,196,16794,-16769,3515,3515,3017,1038,1067,197,197,0,0,9132,199,7200,7200,7200,7200,197
2026-04-14T19:13:35,196,16829,-16742,3517,3517,3019,1038,1076,197,197,0,0,9132,199,7200,7200,7200,7200,196
2026-04-14T19:13:40,196,16868,-16715,3520,3520,3019,1024,1037,195,195,0,0,9132,199,7200,7200,7200,7200,195
2026-04-14T19:13:45,195,16899,-16690,3522,3522,3017,1019,1056,195,195,0,0,9132,199,7200,7200,7200,7200,196
2026-04-14T19:13:49,194,16930,-16668,3525,3525,3017,1066,1089,194,194,0,0,9132,199,7200,7200,7200,7200,194
2026-04-14T19:13:55,193,16964,-16642,3527,3527,3017,1035,1065,193,194,0,0,9132,195,7200,7200,7200,7200,194
2026-04-14T19:14:00,193,17000,-16614,3530,3530,3017,1077,1098,193,193,0,0,9132,195,7200,7200,7200,7200,194
2026-04-14T19:14:05,193,17037,-16588,3532,3532,3017,1076,1098,191,191,0,0,9132,195,7200,7200,7200,7200,192
2026-04-14T19:14:09,191,17067,-16563,3535,3535,3017,1033,1056,191,191,0,0,9132,195,7200,7200,7200,7200,191
2026-04-14T19:14:15,190,17101,-16536,3537,3537,3017,1075,1098,190,190,0,0,9132,195,7200,7200,7200,7200,191
2026-04-14T19:14:20,190,17136,-16510,3540,3540,3017,1102,1125,190,190,0,0,9132,195,7200,7200,7200,7200,190
2026-04-14T19:14:25,190,17170,-16483,3542,3542,3017,1084,1107,190,190,0,0,9132,191,7200,7200,7200,7200,190
2026-04-14T19:14:30,189,17204,-16455,3545,3545,3017,1042,1072,189,189,0,0,9132,191,7200,7200,7200,7200,190
2026-04-14T19:14:36,188,17244,-16429,3548,3548,3017,1087,1108,188,188,0,0,9132,191,7200,7200,7200,7200,188
2026-04-14T19:14:41,189,17278,-16402,3550,3550,3017,1036,1059,187,187,0,0,9132,191,7200,7200,7200,7200,188
2026-04-14T19:14:45,187,17308,-16378,3552,3552,3017,1084,1100,187,187,0,0,9132,191,7200,7200,7200,7200,188
2026-04-14T19:14:50,186,17343,-16351,3555,3555,3017,1074,1104,187,187,0,0,9132,191,7200,7200,7200,7200,187
2026-04-14T19:14:55,186,17374,-16325,3557,3557,3017,1103,1124,186,187,0,0,9132,188,7200,7200,7200,7200,187
2026-04-14T19:14:59,186,17408,-16300,3560,3560,3017,1106,1144,186,186,0,0,9132,188,7200,7200,7200,7200,186
2026-04-14T19:15:05,185,17444,-16272,3562,3562,3017,1120,1134,185,185,0,0,9132,188,7200,7200,7200,7200,185
2026-04-14T19:15:10,184,17477,-16246,3565,3565,3017,1081,1097,184,184,0,0,9132,188,7200,7200,7200,7200,184
2026-04-14T19:15:15,183,17513,-16220,3567,3567,3017,1105,1135,184,184,0,0,9132,188,7200,7200,7200,7200,183
2026-04-14T19:15:19,183,17544,-16194,3570,3570,3017,1034,1064,184,184,0,0,9132,188,7200,7200,7200,7200,183
2026-04-14T19:15:24,181,17578,-16168,3572,3572,3017,1082,1102,181,181,0,0,9132,184,7200,7200,7200,7200,182
2026-04-14T19:15:30,181,17614,-16141,3575,3575,3017,1075,1104,181,181,0,0,9132,184,7200,7200,7200,7200,181
2026-04-14T19:15:35,181,17648,-16114,3577,3577,3017,1090,1114,181,180,0,0,9132,184,7200,7200,7200,7200,181
2026-04-14T19:15:39,180,17680,-16089,3580,3580,3017,1018,1039,180,180,0,0,9132,184,7200,7200,7200,7200,181
2026-04-14T19:15:44,179,17714,-16063,3582,3582,3017,1059,1089,179,179,0,0,9132,184,7200,7200,7200,7200,179
2026-04-14T19:15:50,178,17747,-16037,3585,3585,3017,1066,1088,178,178,0,0,9132,184,7200,7200,7200,7200,178
2026-04-14T19:15:55,178,17787,-16009,3587,3587,3017,1100,1132,178,178,0,0,9132,180,7200,7200,7200,7200,178
2026-04-14T19:16:01,178,17820,-15982,3590,3590,3017,1111,1134,178,177,0,0,9132,180,7200,7200,7200,7200,178
2026-04-14T19:16:05,178,17853,-15956,3592,3592,3017,1119,1133,178,177,0,0,9132,180,7200,7200,7200,7200,177
2026-04-14T19:16:10,177,17886,-15931,3595,3595,3017,1085,1105,175,175,0,0,9132,180,7200,7200,7200,7200,175
2026-04-14T19:16:15,177,17922,-15905,3597,3597,3017,1111,1124,175,175,0,0,9132,180,7200,7200,7200,7200,176
2026-04-14T19:16:20,175,17954,-15878,3600,3600,3017,1119,1132,175,175,0,0,9132,180,7200,7200,7200,7200,175
2026-04-14T19:16:25,175,17989,-15851,3602,3602,3017,1089,1086,175,175,0,0,9132,176,7200,7200,7200,7200,175
2026-04-14T19:16:30,175,18025,-15824,3605,3605,3017,1090,1111,175,175,0,0,9132,176,7200,7200,7200,7200,174
2026-04-14T19:16:35,174,18059,-15798,3607,3607,3017,1071,1101,174,174,0,0,9132,176,7200,7200,7200,7200,173
2026-04-14T19:16:41,172,18095,-15771,3610,3610,3017,1047,1074,172,172,0,0,9132,176,7200,7200,7200,7200,172
2026-04-14T19:16:45,172,18128,-15746,3612,3612,3017,1063,1077,172,172,0,0,9132,176,7200,7200,7200,7200,172
2026-04-14T19:16:50,172,18162,-15719,3615,3615,3017,1059,1088,172,172,0,0,9132,176,7200,7200,7200,7200,172
2026-04-14T19:16:55,171,18193,-15694,3617,3617,3017,1090,1122,171,172,0,0,9132,173,7200,7200,7200,7200,172
2026-04-14T19:17:00,170,18225,-15667,3620,3620,3017,1051,1070,170,170,0,0,9132,173,7200,7200,7200,7200,171
2026-04-14T19:17:05,169,18261,-15641,3622,3622,3017,1084,1114,169,169,0,0,9132,173,7200,7200,7200,7200,169
2026-04-14T19:17:10,169,18296,-15615,3625,3625,3017,1112,1141,169,169,0,0,9132,173,7200,7200,7200,7200,168
2026-04-14T19:17:15,168,18330,-15588,3627,3627,3017,1115,1131,168,168,0,0,9132,173,7200,7200,7200,7200,168
2026-04-14T19:17:20,169,18369,-15560,3630,3630,3017,1060,1088,167,167,0,0,9132,173,7200,7200,7200,7200,168
2026-04-14T19:17:25,167,18400,-15535,3632,3632,3017,1084,1105,167,168,0,0,9132,169,7200,7200,7200,7200,168
2026-04-14T19:17:30,166,18434,-15509,3635,3635,3017,1083,1096,166,165,0,0,9132,169,7200,7200,7200,7200,166
2026-04-14T19:17:35,166,18465,-15483,3637,3637,3017,1102,1125,165,165,0,0,9132,169,7200,7200,7200,7200,166
2026-04-14T19:17:40,166,18500,-15456,3640,3640,3017,1081,1103,166,166,0,0,9132,169,7200,7200,7200,7200,166
2026-04-14T19:17:44,164,18533,-15431,3642,3642,3017,1029,1068,164,164,0,0,9132,169,7200,7200,7200,7200,165
2026-04-14T19:17:50,165,18570,-15403,3645,3645,3017,1035,1057,165,165,0,0,9132,169,7200,7200,7200,7200,165
2026-04-14T19:17:55,163,18605,-15377,3647,3647,3017,1027,1041,163,163,0,0,9132,165,7200,7200,7200,7200,163
2026-04-14T19:18:00,164,18639,-15351,3650,3650,3017,1033,1048,164,164,0,0,9132,165,7200,7200,7200,7200,164
2026-04-14T19:18:05,162,18669,-15326,3652,3652,3017,1035,1056,162,162,0,0,9132,165,7200,7200,7200,7200,162
2026-04-14T19:18:10,162,18707,-15297,3655,3655,3017,1009,1031,162,162,0,0,9132,165,7200,7200,7200,7200,161
2026-04-14T19:18:15,161,18739,-15273,3657,3657,3017,1008,1030,161,161,0,0,9132,165,7200,7200,7200,7200,161
2026-04-14T19:18:21,161,18777,-15250,3660,3660,3017,1009,1054,161,160,0,0,9132,165,7200,7200,7200,7200,160
2026-04-14T19:18:25,159,18808,-15223,3662,3662,3017,1101,1131,160,161,0,0,9132,161,7200,7200,7200,7200,161
2026-04-14T19:18:30,159,18840,-15196,3665,3665,3017,1072,1070,160,160,0,0,9132,161,7200,7200,7200,7200,159
2026-04-14T19:18:35,159,18878,-15171,3667,3667,3017,1083,1105,159,158,0,0,9132,161,7200,7200,7200,7200,158
2026-04-14T19:18:41,158,18913,-15144,3670,3670,3017,1073,1103,158,158,0,0,9132,161,7200,7200,7200,7200,157
2026-04-14T19:18:45,158,18943,-15118,3672,3672,3017,1099,1122,158,158,0,0,9132,161,7200,7200,7200,7200,158
2026-04-14T19:18:49,157,18975,-15092,3675,3675,3017,1072,1091,157,157,0,0,9132,161,7200,7200,7200,7200,157
2026-04-14T19:18:55,157,19013,-15066,3677,3677,3017,1079,1096,157,157,0,0,9132,158,7200,7200,7200,7200,157
2026-04-14T19:19:00,155,19044,-15040,3680,3680,3017,1073,1103,155,155,0,0,9132,158,7200,7200,7200,7200,155
2026-04-14T19:19:05,155,19081,-15013,3683,3683,3017,1099,1122,155,155,0,0,9132,158,7200,7200,7200,7200,154
2026-04-14T19:19:10,154,19112,-14987,3685,3685,3017,1073,1103,154,154,0,0,9132,158,7200,7200,7200,7200,154
2026-04-14T19:19:16,154,19151,-14960,3687,3688,3017,1065,1087,154,154,0,0,9132,158,7200,7200,7200,7200,154
2026-04-14T19:19:21,152,19184,-14933,3690,3690,3017,1074,1088,152,152,0,0,9132,158,7200,7200,7200,7200,152
2026-04-14T19:19:24,153,19214,-14908,3692,3692,3017,1080,1096,152,152,0,0,9132,154,7200,7200,7200,7200,152
2026-04-14T19:19:30,151,19253,-14881,3695,3695,3017,1081,1097,151,151,0,0,9132,154,7200,7200,7200,7200,151
2026-04-14T19:19:35,151,19287,-14855,3697,3697,3017,1076,1106,151,151,0,0,9132,154,7200,7200,7200,7200,151
2026-04-14T19:19:40,151,19317,-14829,3700,3700,3017,1032,1064,151,151,0,0,9132,154,7200,7200,7200,7200,151
2026-04-14T19:19:45,151,19350,-14803,3702,3702,3019,1060,1091,150,150,0,0,9132,154,7200,7200,7200,7200,150
2026-04-14T19:19:49,149,19384,-14776,3705,3705,3017,1074,1097,150,150,0,0,9132,154,7200,7200,7200,7200,150
2026-04-14T19:19:55,148,19421,-14750,3707,3707,3017,1072,1109,148,148,0,0,9132,150,7200,7200,7200,7200,149
2026-04-14T19:20:01,149,19459,-14721,3710,3710,3017,1019,1065,149,149,0,0,9132,150,7200,7200,7200,7200,148
2026-04-14T19:20:05,147,19489,-14697,3712,3712,3017,1051,1090,147,148,0,0,9132,150,7200,7200,7200,7200,148
2026-04-14T19:20:10,146,19524,-14671,3715,3715,3017,1070,1102,146,147,0,0,9132,150,7200,7200,7200,7200,146
2026-04-14T19:20:15,147,19557,-14645,3717,3717,3017,1094,1117,146,146,0,0,9132,150,7200,7200,7200,7200,147
2026-04-14T19:20:20,145,19589,-14618,3720,3720,3017,1113,1136,146,146,0,0,9132,150,7200,7200,7200,7200,146
2026-04-14T19:20:25,145,19623,-14592,3722,3722,3017,1051,1090,145,145,0,0,9132,147,7200,7200,7200,7200,146
2026-04-14T19:20:30,145,19659,-14565,3725,3725,3017,1075,1099,145,145,0,0,9132,147,7200,7200,7200,7200,145
2026-04-14T19:20:35,144,19693,-14539,3727,3727,3017,1068,1107,144,145,0,0,9132,147,7200,7200,7200,7200,145
2026-04-14T19:20:40,143,19727,-14512,3730,3730,3017,1085,1097,143,143,0,0,9132,147,7200,7200,7200,7200,144
2026-04-14T19:20:44,143,19759,-14487,3732,3732,3017,1085,1108,143,144,0,0,9132,147,7200,7200,7200,7200,143
2026-04-14T19:20:50,143,19797,-14460,3735,3735,3017,1083,1105,143,143,0,0,9132,147,7200,7200,7200,7200,143
2026-04-14T19:20:55,143,19829,-14434,3737,3737,3017,1085,1100,143,143,0,0,9132,144,7200,7200,7200,7200,142
2026-04-14T19:21:00,141,19864,-14408,3740,3740,3017,1074,1106,141,141,0,0,9132,144,7200,7200,7200,7200,141
2026-04-14T19:21:05,141,19899,-14385,3742,3742,3017,1088,1134,141,141,0,0,9132,144,7200,7200,7200,7200,141
2026-04-14T19:21:11,140,19935,-14357,3745,3745,3017,1017,1055,139,139,0,0,9132,144,7200,7200,7200,7200,139
2026-04-14T19:21:16,139,19968,-14332,3747,3748,3017,1066,1104,138,138,0,0,9132,144,7200,7200,7200,7200,140
2026-04-14T19:21:19,139,19997,-14307,3750,3750,3017,1056,1079,139,138,0,0,9132,144,7200,7200,7200,7200,138
2026-04-14T19:21:25,138,20033,-14281,3752,3752,3017,1044,1077,138,138,0,0,9132,140,7200,7200,7200,7200,138
2026-04-14T19:21:30,138,20070,-14253,3755,3755,3017,1071,1094,138,138,0,0,9132,140,7200,7200,7200,7200,138
2026-04-14T19:21:34,138,20100,-14228,3757,3757,3017,1076,1097,138,138,0,0,9132,140,7200,7200,7200,7200,138
2026-04-14T19:21:40,137,20138,-14199,3760,3760,3017,1048,1087,137,137,0,0,9132,140,7200,7200,7200,7200,137
2026-04-14T19:21:45,136,20174,-14174,3763,3763,3017,1090,1131,136,135,0,0,9132,140,7200,7200,7200,7200,135
2026-04-14T19:21:51,135,20208,-14147,3765,3765,3017,1109,1145,135,135,0,0,9132,140,7200,7200,7200,7200,135
2026-04-14T19:21:54,134,20236,-14123,3767,3767,3017,1124,1145,134,134,0,0,9132,136,7200,7200,7200,7200,135
2026-04-14T19:22:00,134,20274,-14096,3770,3770,3017,1124,1154,134,134,0,0,9132,136,7200,7200,7200,7200,134
2026-04-14T19:22:04,134,20306,-14070,3772,3772,3017,1109,1139,134,134,0,0,9132,136,7200,7200,7200,7200,133
2026-04-14T19:22:10,134,20344,-14041,3775,3775,3017,1109,1131,132,132,0,0,9132,136,7200,7200,7200,7200,132
2026-04-14T19:22:14,133,20373,-14017,3777,3777,3017,1055,1086,132,132,0,0,9132,136,7200,7200,7200,7200,132
2026-04-14T19:22:21,132,20412,-13990,3780,3780,3017,1101,1130,132,132,0,0,9132,136,7200,7200,7200,7200,132
2026-04-14T19:22:24,132,20442,-13964,3782,3782,3017,1058,1087,132,132,0,0,9132,133,7200,7200,7200,7200,132
2026-04-14T19:22:31,130,20482,-13936,3785,3785,3017,1095,1132,129,129,0,0,9132,133,7200,7200,7200,7200,129
2026-04-14T19:22:35,129,20513,-13915,3787,3787,3017,1054,1077,129,129,0,0,9132,133,7200,7200,7200,7200,129
2026-04-14T19:22:40,129,20544,-13889,3790,3790,3017,1073,1103,129,129,0,0,9132,133,7200,7200,7200,7200,129
2026-04-14T19:22:45,129,20579,-13863,3792,3792,3017,1079,1101,129,129,0,0,9132,133,7200,7200,7200,7200,129
2026-04-14T19:22:51,128,20618,-13836,3795,3795,3017,1072,1102,128,128,0,0,9132,133,7200,7200,7200,7200,128
2026-04-14T19:22:56,128,20652,-13809,3798,3798,3017,1107,1130,129,129,0,0,9132,129,7200,7200,7200,7200,127
2026-04-14T19:23:01,127,20684,-13783,3800,3800,3017,1087,1100,127,127,0,0,9132,129,7200,7200,7200,7200,127
2026-04-14T19:23:06,127,20717,-13757,3802,3802,3017,1087,1119,127,126,0,0,9132,129,7200,7200,7200,7200,126
2026-04-14T19:23:10,126,20749,-13732,3805,3805,3017,1083,1130,126,126,0,0,9132,129,7200,7200,7200,7200,127
2026-04-14T19:23:14,125,20783,-13706,3807,3807,3017,1055,1073,125,125,0,0,9132,129,7200,7200,7200,7200,125
2026-04-14T19:23:21,124,20821,-13677,3810,3810,3017,1078,1101,125,125,0,0,9132,129,7200,7200,7200,7200,124
2026-04-14T19:23:25,125,20850,-13652,3812,3812,3017,1087,1101,124,124,0,0,9132,126,7200,7200,7200,7200,123
2026-04-14T19:23:31,123,20890,-13625,3815,3815,3017,1089,1111,123,123,0,0,9132,126,7200,7200,7200,7200,123
2026-04-14T19:23:36,123,20922,-13599,3817,3817,3017,1100,1130,123,123,0,0,9132,126,7200,7200,7200,7200,123
2026-04-14T19:23:41,123,20956,-13573,3820,3820,3017,1115,1131,123,123,0,0,9132,126,7200,7200,7200,7200,123
2026-04-14T19:23:45,121,20986,-13547,3822,3822,3017,1072,1101,121,121,0,0,9132,126,7200,7200,7200,7200,121
2026-04-14T19:23:50,121,21022,-13521,3825,3825,3017,1091,1131,121,121,0,0,9132,126,7200,7200,7200,7200,120
2026-04-14T19:23:55,121,21057,-13493,3827,3827,3019,1031,1052,121,121,0,0,9132,122,7200,7200,7200,7200,121
2026-04-14T19:24:00,120,21094,-13467,3830,3830,3017,1097,1129,120,120,0,0,9132,122,7200,7200,7200,7200,120
2026-04-14T19:24:05,119,21123,-13442,3832,3832,3017,1078,1100,119,119,0,0,9132,122,7200,7200,7200,7200,119
2026-04-14T19:24:11,119,21162,-13414,3835,3835,3017,1110,1135,119,119,0,0,9132,122,7200,7200,7200,7200,119
2026-04-14T19:24:16,118,21194,-13389,3837,3838,3017,1088,1133,118,119,0,0,9132,122,7200,7200,7200,7200,118
2026-04-14T19:24:21,118,21232,-13361,3840,3840,3017,1097,1127,118,118,0,0,9132,122,7200,7200,7200,7200,118
2026-04-14T19:24:25,118,21260,-13336,3842,3842,3017,1123,1151,118,118,0,0,9132,119,7200,7200,7200,7200,117
2026-04-14T19:24:30,117,21296,-13311,3845,3845,3017,1129,1151,117,117,0,0,9132,119,7200,7200,7200,7200,117
2026-04-14T19:24:34,117,21328,-13284,3847,3847,3017,1147,1169,117,117,0,0,9132,119,7200,7200,7200,7200,117
2026-04-14T19:24:40,116,21367,-13256,3850,3850,3017,1131,1167,117,117,0,0,9132,119,7200,7200,7200,7200,117
2026-04-14T19:24:46,115,21400,-13235,3852,3853,3017,1139,1175,115,115,0,0,9132,119,7200,7200,7200,7200,115
2026-04-14T19:24:50,115,21434,-13208,3855,3855,3017,1151,1157,114,114,0,0,9132,119,7200,7200,7200,7200,115
2026-04-14T19:24:55,114,21464,-13183,3857,3857,3017,1097,1126,114,113,0,0,9132,116,7200,7200,7200,7200,114
2026-04-14T19:25:01,113,21504,-13155,3860,3860,3017,1113,1135,114,114,0,0,9132,116,7200,7200,7200,7200,114
2026-04-14T19:25:05,113,21534,-13129,3862,3862,3017,1129,1151,113,113,0,0,9132,116,7200,7200,7200,7200,113
2026-04-14T19:25:10,112,21569,-13103,3865,3865,3017,1122,1150,112,112,0,0,9132,116,7200,7200,7200,7200,112
2026-04-14T19:25:15,112,21600,-13077,3867,3867,3017,1120,1152,112,112,0,0,9132,116,7200,7200,7200,7200,112
2026-04-14T19:25:20,111,21637,-13051,3870,3870,3017,1120,1148,111,111,0,0,9132,116,7200,7200,7200,7200,111
2026-04-14T19:25:25,111,21671,-13024,3872,3872,3017,1154,1174,111,111,0,0,9132,112,7200,7200,7200,7200,111
2026-04-14T19:25:30,111,21704,-12998,3875,3875,3017,1146,1168,110,110,0,0,9132,112,7200,7200,7200,7200,109
2026-04-14T19:25:35,109,21737,-12972,3877,3877,3017,1147,1169,109,109,0,0,9132,112,7200,7200,7200,7200,110
2026-04-14T19:25:41,108,21776,-12945,3880,3880,3017,1129,1151,108,108,0,0,9132,112,7200,7200,7200,7200,108
2026-04-14T19:25:45,109,21806,-12919,3882,3882,3017,1149,1167,109,109,0,0,9132,112,7200,7200,7200,7200,109
2026-04-14T19:25:50,108,21840,-12893,3885,3885,3017,1128,1150,108,108,0,0,9132,112,7200,7200,7200,7200,108
2026-04-14T19:25:55,108,21878,-12866,3887,3887,3017,1106,1136,107,107,0,0,9132,109,7200,7200,7200,7200,108
2026-04-14T19:26:01,106,21912,-12840,3890,3890,3017,1106,1128,106,106,0,0,9132,109,7200,7200,7200,7200,106
2026-04-14T19:26:05,106,21942,-12814,3892,3892,3017,1138,1160,106,106,0,0,9132,109,7200,7200,7200,7200,107
2026-04-14T19:26:10,106,21978,-12786,3895,3895,3017,1128,1135,106,106,0,0,9132,109,7200,7200,7200,7200,105
2026-04-14T19:26:16,105,22014,-12761,3898,3898,3017,1107,1135,105,105,0,0,9132,109,7200,7200,7200,7200,105
2026-04-14T19:26:20,106,22046,-12735,3900,3900,3017,1106,1128,105,105,0,0,9132,109,7200,7200,7200,7200,105
2026-04-14T19:26:25,105,22080,-12707,3902,3902,3017,1110,1130,104,104,0,0,9132,106,7200,7200,7200,7200,104
2026-04-14T19:26:30,104,22112,-12683,3905,3905,3017,1101,1130,105,105,0,0,9132,106,7200,7200,7200,7200,104
2026-04-14T19:26:35,103,22146,-12656,3907,3907,3017,1115,1153,103,103,0,0,9132,106,7200,7200,7200,7200,103
2026-04-14T19:26:40,103,22183,-12630,3910,3910,3017,1149,1177,103,102,0,0,9132,106,7200,7200,7200,7200,102
2026-04-14T19:26:46,103,22219,-12603,3913,3913,3017,1124,1153,103,103,0,0,9132,106,7200,7200,7200,7200,102
2026-04-14T19:26:51,102,22254,-12576,3915,3915,3017,1152,1181,102,102,0,0,9132,106,7200,7200,7200,7200,102
2026-04-14T19:26:55,101,22284,-12550,3917,3917,3017,1124,1153,101,101,0,0,9132,102,7200,7200,7200,7200,101
2026-04-14T19:27:00,100,22318,-12524,3920,3920,3017,1156,1178,100,100,0,0,9132,102,7200,7200,7200,7200,100
2026-04-14T19:27:05,100,22352,-12498,3922,3922,3017,1164,1190,100,99,0,0,9132,102,7200,7200,7200,7200,99
2026-04-14T19:27:10,100,22388,-12472,3925,3925,3017,1181,1203,100,100,0,0,9132,102,7200,7200,7200,7200,100
2026-04-14T19:27:15,99,22422,-12445,3927,3927,3017,1133,1172,99,99,0,0,9132,102,7200,7200,7200,7200,99
2026-04-14T19:27:20,98,22455,-12419,3930,3930,3017,1157,1193,98,98,0,0,9132,102,7200,7200,7200,7200,98
2026-04-14T19:27:25,98,22487,-12393,3932,3932,3017,1172,1200,97,97,0,0,9132,99,7200,7200,7200,7200,97
2026-04-14T19:27:30,97,22527,-12365,3935,3935,3017,1172,1200,97,97,0,0,9132,99,7200,7200,7200,7200,97
2026-04-14T19:27:38,NaN,22575,-12325,3939,3939,3017,1179,1201,NaN,NaN,0,0,9132,99,7200,7200,7200,7200,97
2026-04-14T19:27:40,97,22593,-12312,3940,3940,3017,1162,1193,96,97,0,0,9132,99,7200,7200,7200,7200,96
2026-04-14T19:27:46,96,22630,-12286,3943,3943,3017,1171,1201,96,95,0,0,9132,99,7200,7200,7200,7200,95
2026-04-14T19:27:51,96,22664,-12259,3945,3945,3017,1162,1191,96,96,0,0,9132,99,7200,7200,7200,7200,94
2026-04-14T19:27:56,94,22694,-12234,3947,3948,3017,1185,1211,94,94,0,0,9132,96,7200,7200,7200,7200,94
2026-04-14T19:28:00,95,22728,-12212,3950,3950,3017,1192,1230,95,95,0,0,9132,96,7200,7200,7200,7200,95
2026-04-14T19:28:05,94,22760,-12186,3952,3952,3017,1208,1230,94,94,0,0,9132,96,7200,7200,7200,7200,94
2026-04-14T19:28:10,93,22796,-12160,3955,3955,3017,1202,1231,93,93,0,0,9132,96,7200,7200,7200,7200,93
2026-04-14T19:28:15,92,22828,-12134,3957,3957,3017,1196,1220,92,92,0,0,9132,96,7200,7200,7200,7200,93
2026-04-14T19:28:20,93,22864,-12106,3960,3960,3017,1199,1218,93,92,0,0,9132,96,7200,7200,7200,7200,92
2026-04-14T19:28:26,91,22901,-12080,3963,3963,3017,1215,1237,91,92,0,0,9132,93,7200,7200,7200,7200,91
2026-04-14T19:28:30,91,22933,-12055,3965,3965,3017,1214,1227,91,91,0,0,9132,93,7200,7200,7200,7200,91
2026-04-14T19:28:35,90,22967,-12027,3967,3967,3017,1198,1254,90,90,0,0,9132,93,7200,7200,7200,7200,91
2026-04-14T19:28:41,91,23002,-12002,3970,3970,3017,1204,1251,91,91,0,0,9132,93,7200,7200,7200,7200,90
2026-04-14T19:28:45,91,23033,-11976,3972,3972,3017,1206,1238,91,91,0,0,9132,93,7200,7200,7200,7200,90
2026-04-14T19:28:50,89,23067,-11950,3975,3975,2662,1197,1227,89,89,0,0,9132,93,7200,7200,7200,7200,90
2026-04-14T19:28:55,88,23104,-11922,3977,3978,3105,1196,1227,89,89,0,0,9132,90,7200,7200,7200,7200,89
2026-04-14T19:29:00,88,23139,-11895,3980,3980,3105,1178,1202,87,87,0,0,9132,90,7200,7200,7200,7200,88
2026-04-14T19:29:05,88,23169,-11870,3982,3982,3105,1178,1201,88,88,0,0,9132,90,7200,7200,7200,7200,88
2026-04-14T19:29:10,86,23203,-11844,3985,3985,3105,1187,1209,86,86,0,0,9132,90,7200,7200,7200,7200,87
2026-04-14T19:29:16,86,23242,-11817,3988,3988,3105,1200,1229,86,86,0,0,9132,90,7200,7200,7200,7200,85
2026-04-14T19:29:20,86,23274,-11791,3990,3990,3105,1207,1231,86,86,0,0,9132,90,7200,7200,7200,7200,85
2026-04-14T19:29:25,85,23307,-11764,3992,3992,3105,1209,1231,85,85,0,0,9132,87,7200,7200,7200,7200,86
2026-04-14T19:29:31,85,23345,-11737,3995,3995,3105,1203,1233,85,85,0,0,9132,87,7200,7200,7200,7200,85
2026-04-14T19:29:35,84,23374,-11712,3997,3997,3105,1125,1154,84,82,0,0,9132,87,7200,7200,7200,7200,82
2026-04-14T19:29:40,83,23408,-11686,4000,4000,3105,1130,1152,83,83,0,0,9132,87,7200,7200,7200,7200,83
2026-04-14T19:29:45,84,23442,-11660,4002,4002,3105,1208,1271,84,83,0,0,9132,87,7200,7200,7200,7200,83
2026-04-14T19:29:50,82,23476,-11633,4005,4005,3194,1235,1258,82,82,0,0,9132,87,7200,7200,7200,7200,82
2026-04-14T19:29:55,83,23511,-11607,4007,4007,3239,1228,1257,82,82,0,0,9132,83,7200,7200,7200,7200,82
2026-04-14T19:30:01,82,23549,-11579,4010,4010,3239,1235,1264,81,81,0,0,9132,83,7200,7200,7200,7200,81
2026-04-14T19:30:05,80,23579,-11554,4012,4012,3239,1230,1259,80,80,0,0,9132,83,7200,7200,7200,7200,80
2026-04-14T19:30:10,79,23614,-11527,4015,4015,3239,1248,2276,79,79,0,0,9132,83,7200,7200,7200,7200,80
2026-04-14T19:30:15,80,23647,-11502,4017,4017,3228,2599,2621,80,80,0,0,9132,83,7200,7200,7200,7200,80
2026-04-14T19:30:20,80,23681,-11475,4020,4020,3228,2715,2732,80,80,0,0,9132,83,7200,7200,7200,7200,80
2026-04-14T19:30:25,79,23716,-11448,4022,4022,3228,2808,2837,76,76,0,0,9132,80,7200,7200,7200,7200,79
2026-04-14T19:30:31,79,23751,-11422,4025,4025,3316,2874,2896,79,79,0,0,9132,80,7200,7200,7200,7200,79
2026-04-14T19:30:35,77,23784,-11396,4027,4027,3314,2974,2977,77,77,0,0,9132,80,7200,7200,7200,7200,78
2026-04-14T19:30:40,76,23818,-11370,4030,4030,3314,3016,3062,76,76,0,0,9132,80,7200,7200,7200,7200,75
2026-04-14T19:30:45,75,23850,-11344,4032,4032,3314,3060,3089,75,75,0,0,9132,80,7200,7200,7200,7200,76
2026-04-14T19:30:50,76,23886,-11318,4035,4035,3314,3075,3115,76,76,0,0,9132,80,7200,7200,7200,7200,74
2026-04-14T19:30:55,76,23919,-11292,4037,4037,3402,3171,3173,76,76,0,0,9132,76,7200,7200,7200,7200,77
2026-04-14T19:31:00,75,23954,-11264,4040,4040,3446,3158,3234,75,75,0,0,9132,76,7200,7200,7200,7200,74
2026-04-14T19:31:05,72,23988,-11238,4042,4042,3446,3234,3266,74,74,0,0,9132,76,7200,7200,7200,7200,74
2026-04-14T19:31:10,74,24024,-11211,4045,4045,3446,3232,3272,75,75,0,0,9132,76,7200,7200,7200,7200,75
2026-04-14T19:31:15,74,24057,-11186,4047,4047,3488,3282,3292,74,73,0,0,9132,76,7200,7200,7200,7200,73
2026-04-14T19:31:20,71,24089,-11160,4050,4050,3532,3270,3315,72,72,0,0,9132,76,7200,7200,7200,7200,73
2026-04-14T19:31:25,73,24123,-11133,4052,4052,3532,3337,3368,72,72,0,0,9132,73,7200,7200,7200,7200,72
2026-04-14T19:31:30,71,24161,-11106,4055,4055,3532,3368,3389,72,72,0,0,9132,73,7200,7200,7200,7200,71
2026-04-14T19:31:35,70,24194,-11084,4057,4057,3532,3372,3402,70,69,0,0,9132,73,7200,7200,7200,7200,71
2026-04-14T19:31:40,71,24226,-11058,4060,4060,3621,3423,3453,70,71,0,0,9132,73,7200,7200,7200,7200,71
2026-04-14T19:31:45,71,24263,-11031,4062,4062,3621,3476,3481,71,71,0,0,9132,73,7200,7200,7200,7200,71
2026-04-14T19:31:50,70,24294,-11006,4065,4065,3621,3475,3498,70,68,0,0,9132,73,7200,7200,7200,7200,68
2026-04-14T19:31:55,68,24328,-10980,4067,4067,3621,3479,3524,68,68,0,0,9132,70,7200,7200,7200,7200,67
2026-04-14T19:32:01,68,24364,-10952,4070,4070,3753,3492,3531,68,68,0,0,9132,70,7200,7200,7200,7200,68
2026-04-14T19:32:05,69,24400,-10926,4073,4073,3841,3528,3535,69,67,0,0,9132,70,7200,7200,7200,7200,69
2026-04-14T19:32:11,67,24435,-10899,4075,4075,3839,3556,3579,67,67,0,0,9132,70,7200,7200,7200,7200,67
2026-04-14T19:32:15,65,24464,-10874,4077,4077,3841,3513,3573,65,65,0,0,9132,70,7200,7200,7200,7200,67
2026-04-14T19:32:20,65,24500,-10847,4080,4080,3927,3565,3595,65,65,0,0,9132,70,7200,7200,7200,7200,67
2026-04-14T19:32:25,64,24534,-10821,4082,4082,4018,3511,3544,64,63,0,0,9132,67,7200,7200,7200,7200,66
2026-04-14T19:32:31,64,24571,-10794,4085,4085,4059,3552,3568,64,65,0,0,9132,67,7200,7200,7200,7200,64
2026-04-14T19:32:35,65,24600,-10769,4087,4087,4059,3581,3599,65,65,0,0,9132,67,7200,7200,7200,7200,65
2026-04-14T19:32:40,64,24638,-10742,4090,4090,4192,3605,3635,64,64,0,0,9132,67,7200,7200,7200,7200,64
2026-04-14T19:32:45,64,24671,-10716,4092,4092,4280,3580,3607,64,64,0,0,9132,67,7200,7200,7200,7200,62
2026-04-14T19:32:50,64,24704,-10690,4095,4095,4283,3546,3571,64,62,0,0,9132,67,7200,7200,7200,7200,62
2026-04-14T19:32:55,61,24736,-10663,4097,4097,4280,3554,3577,61,61,0,0,9132,63,7200,7200,7200,7200,62
2026-04-14T19:33:01,62,24775,-10637,4100,4100,4368,3564,3604,62,62,0,0,9132,63,7200,7200,7200,7200,62
2026-04-14T19:33:06,58,24808,-10611,4102,4102,4501,3544,3568,60,60,0,0,9132,63,7200,7200,7200,7200,58
2026-04-14T19:33:10,61,24839,-10585,4105,4105,4504,3493,3523,61,61,0,0,9132,63,7200,7200,7200,7200,61
2026-04-14T19:33:15,59,24874,-10558,4107,4107,4501,3524,3536,59,59,0,0,9132,63,7200,7200,7200,7200,60
2026-04-14T19:33:20,60,24909,-10532,4110,4110,4504,3468,3490,60,60,0,0,9132,63,7200,7200,7200,7200,60
2026-04-14T19:33:26,59,24944,-10505,4113,4113,4592,3506,3515,59,59,0,0,9132,60,7200,7200,7200,7200,59
2026-04-14T19:33:30,58,24977,-10478,4115,4115,4589,3531,3510,58,57,0,0,9132,60,7200,7200,7200,7200,58
2026-04-14T19:33:35,57,25011,-10453,4117,4117,4592,3507,3521,56,56,0,0,9132,60,7200,7200,7200,7200,58
2026-04-14T19:33:40,57,25046,-10426,4120,4120,4592,3509,3531,58,58,0,0,9132,60,7200,7200,7200,7200,56
2026-04-14T19:33:45,55,25079,-10400,4122,4122,4677,3508,3536,55,55,0,0,9132,60,7200,7200,7200,7200,57
2026-04-14T19:33:50,57,25113,-10377,4125,4125,4680,3460,3492,57,57,0,0,9132,60,7200,7200,7200,7200,57
2026-04-14T19:33:55,57,25146,-10352,4127,4127,4680,3447,3482,57,57,0,0,9132,57,7200,7200,7200,7200,57
2026-04-14T19:34:01,56,25185,-10323,4130,4130,4239,3401,3446,56,55,0,0,9132,57,7200,7200,7200,7200,55
2026-04-14T19:34:05,52,25214,-10299,4132,4132,4813,3437,3465,52,52,0,0,9132,57,7200,7200,7200,7200,51
2026-04-14T19:34:10,54,25248,-10273,4135,4135,4813,3409,3432,54,54,0,0,9132,57,7200,7200,7200,7200,54
2026-04-14T19:34:16,55,25288,-10245,4138,4138,4813,3397,3390,55,55,0,0,9132,57,7200,7200,7200,7200,53
2026-04-14T19:34:20,53,25319,-10218,4140,4140,4327,3387,3402,53,53,0,0,9132,57,7200,7200,7200,7200,53
2026-04-14T19:34:25,53,25350,-10193,4142,4142,4901,3417,3441,54,54,0,0,9132,54,7200,7200,7200,7200,54
2026-04-14T19:34:31,53,25388,-10167,4145,4145,4901,3383,3381,52,52,0,0,9132,54,7200,7200,7200,7200,52
2026-04-14T19:34:36,52,25421,-10140,4147,4147,4901,3410,3433,53,53,0,0,9132,54,7200,7200,7200,7200,51
2026-04-14T19:34:40,51,25454,-10114,4150,4150,4416,3412,3414,51,51,0,0,9132,54,7200,7200,7200,7200,51
2026-04-14T19:34:46,50,25491,-10088,4153,4153,5034,3428,3447,51,51,0,0,9132,54,7200,7200,7200,7200,50
2026-04-14T19:34:51,52,25527,-10061,4155,4155,5034,3427,3442,52,51,0,0,9132,54,7200,7200,7200,7200,49
2026-04-14T19:34:56,50,25559,-10035,4158,4158,5034,3422,3438,50,50,0,0,9132,51,7200,7200,7200,7200,50
2026-04-14T19:35:01,50,25594,-10008,4160,4160,5122,3416,3448,50,50,0,0,9132,51,7200,7200,7200,7200,49
2026-04-14T19:35:05,45,25625,-9982,4162,4162,5122,3431,3453,45,45,0,0,9132,51,7200,7200,7200,7200,43
2026-04-14T19:35:10,48,25659,-9956,4165,4165,5122,3435,3480,48,48,0,0,9132,51,7200,7200,7200,7200,50
2026-04-14T19:35:15,49,25693,-9930,4167,4167,5122,3458,3481,49,49,0,0,9132,51,7200,7200,7200,7200,50
2026-04-14T19:35:20,48,25725,-9904,4170,4170,5122,3479,3518,48,48,0,0,9132,51,7200,7200,7200,7200,46
2026-04-14T19:35:25,44,25761,-9877,4172,4172,5122,3478,3486,44,44,0,0,9132,48,7200,7200,7200,7200,45
2026-04-14T19:35:30,41,25794,-9851,4175,4175,5122,3463,3492,42,42,0,0,9132,48,7200,7200,7200,7200,44
2026-04-14T19:35:35,44,25829,-9825,4177,4177,5122,3499,3521,44,44,0,0,9132,48,7200,7200,7200,7200,44
2026-04-14T19:35:41,46,25864,-9798,4180,4180,5119,3498,3522,45,45,0,0,9132,48,7200,7200,7200,7200,43
2026-04-14T19:35:45,43,25897,-9777,4182,4182,5122,3500,3513,43,44,0,0,9132,48,7200,7200,7200,7200,44
2026-04-14T19:35:50,44,25932,-9750,4185,4185,5119,3516,3535,44,44,0,0,9132,48,7200,7200,7200,7200,44
2026-04-14T19:35:55,43,25964,-9724,4187,4187,5122,3503,3523,43,43,0,0,9132,43,7200,7200,7200,7200,43
2026-04-14T19:36:01,44,26003,-9697,4190,4190,5119,3538,3568,43,43,0,0,9132,43,7200,7200,7200,7200,44
2026-04-14T19:36:05,42,26034,-9671,4192,4192,5119,3530,3566,42,40,0,0,9132,43,7200,7200,7200,7200,41
2026-04-14T19:36:11,43,26071,-9647,4195,4195,5122,3497,3527,43,43,0,0,9132,43,7200,7200,7200,7200,43
2026-04-14T19:36:15,39,26100,-9622,4197,4197,5122,3513,3543,38,38,0,0,9132,43,7200,7200,7200,7200,39
2026-04-14T19:36:21,41,26142,-9594,4200,4200,5119,3501,3542,39,41,0,0,9132,43,7200,7200,7200,7200,39
2026-04-14T19:36:26,40,26174,-9569,4203,4203,5119,3557,3554,40,40,0,0,9132,41,7200,7200,7200,7200,40
2026-04-14T19:36:30,38,26204,-9543,4205,4205,5119,3568,3597,38,39,0,0,9132,41,7200,7200,7200,7200,38
2026-04-14T19:36:36,39,26243,-9516,4208,4208,5119,3567,3597,39,39,0,0,9132,41,7200,7200,7200,7200,39
2026-04-14T19:36:41,40,26276,-9489,4210,4210,5119,3556,3570,40,40,0,0,9132,41,7200,7200,7200,7200,41
2026-04-14T19:36:46,38,26309,-9463,4213,4213,5119,3567,3597,38,38,0,0,9132,41,7200,7200,7200,7200,37
2026-04-14T19:36:50,37,26340,-9438,4215,4215,5119,3568,3606,37,37,0,0,9132,41,7200,7200,7200,7200,37
2026-04-14T19:36:55,37,26374,-9412,4217,4217,5119,3569,3606,37,37,0,0,9132,38,7200,7200,7200,7200,37
2026-04-14T19:37:00,38,26409,-9385,4220,4220,5119,3584,3606,38,36,0,0,9132,38,7200,7200,7200,7200,36
2026-04-14T19:37:06,38,26445,-9359,4223,4223,5119,3596,3613,38,38,0,0,9132,38,7200,7200,7200,7200,38
2026-04-14T19:37:10,36,26475,-9333,4225,4225,5119,3713,3726,36,36,0,0,9132,38,7200,7200,7200,7200,36
2026-04-14T19:37:16,35,26514,-9306,4228,4228,5119,3691,3721,35,34,0,0,9132,38,7200,7200,7200,7200,34
2026-04-14T19:37:20,35,26546,-9280,4230,4230,5115,3838,3867,35,35,0,0,9132,38,7200,7200,7200,7200,35
2026-04-14T19:37:25,35,26580,-9253,4232,4233,5119,3751,3801,35,33,0,0,9132,35,7200,7200,7200,7200,33
2026-04-14T19:37:30,34,26613,-9226,4235,4235,5119,3669,3698,34,35,0,0,9132,35,7200,7200,7200,7200,35
2026-04-14T19:37:36,34,26650,-9200,4238,4238,5119,3810,3841,34,34,0,0,9132,35,7200,7200,7200,7200,36
2026-04-14T19:37:40,33,26681,-9175,4240,4240,5119,3774,3790,33,33,0,0,9132,35,7200,7200,7200,7200,34
2026-04-14T19:37:46,33,26718,-9148,4243,4243,5119,3704,3735,33,33,0,0,9132,35,7200,7200,7200,7200,34
2026-04-14T19:37:50,31,26753,-9121,4245,4245,5115,3818,3832,33,33,0,0,9132,35,7200,7200,7200,7200,33
2026-04-14T19:37:55,32,26783,-9096,4247,4247,5119,3758,3773,32,32,0,0,9132,33,7200,7200,7200,7200,33
2026-04-14T19:38:01,34,26820,-9069,4250,4250,5115,3872,3889,33,33,0,0,9132,33,7200,7200,7200,7200,33
2026-04-14T19:38:05,28,26851,-9043,4252,4252,5115,3876,3895,28,31,0,0,9132,33,7200,7200,7200,7200,31
2026-04-14T19:38:11,32,26890,-9016,4255,4255,5119,3787,3812,32,32,0,0,9132,33,7200,7200,7200,7200,31
2026-04-14T19:38:15,30,26920,-8991,4257,4257,5115,3839,3870,31,31,0,0,9132,33,7200,7200,7200,7200,30
2026-04-14T19:38:20,33,26954,-8965,4260,4260,5119,3764,3769,33,33,0,0,9132,33,7200,7200,7200,7200,33
2026-04-14T19:38:25,31,26985,-8942,4262,4262,5119,3754,3777,31,31,0,0,9132,31,7200,7200,7200,7200,32
2026-04-14T19:38:30,30,27021,-8916,4265,4265,5119,3820,3850,30,30,0,0,9132,31,7200,7200,7200,7200,29
2026-04-14T19:38:36,29,27059,-8888,4268,4268,5119,3760,3778,30,30,0,0,9132,31,7200,7200,7200,7200,28
2026-04-14T19:38:40,30,27089,-8863,4270,4270,5115,3854,3889,27,27,0,0,9132,31,7200,7200,7200,7200,27
2026-04-14T19:38:45,29,27123,-8836,4272,4272,5115,3834,3864,29,29,0,0,9132,31,7200,7200,7200,7200,28
2026-04-14T19:38:51,28,27163,-8809,4275,4275,5119,3763,3787,28,28,0,0,9132,31,7200,7200,7200,7200,29
2026-04-14T19:38:55,26,27193,-8784,4277,4277,5115,3864,3928,26,25,0,0,9132,28,7200,7200,7200,7200,25
2026-04-14T19:39:01,30,27225,-8758,4280,4280,5119,3745,3774,30,30,0,0,9132,28,7200,7200,7200,7200,30
2026-04-14T19:39:05,27,27262,-8731,4282,4282,5115,3878,3913,27,27,0,0,9132,28,7200,7200,7200,7200,27
2026-04-14T19:39:11,26,27298,-8704,4285,4285,5094,5974,5994,26,26,0,0,9132,28,7200,7200,7200,7200,27
2026-04-14T19:39:15,28,27330,-8678,4288,4288,5098,5871,5906,28,28,0,0,9132,28,7200,7200,7200,7200,29
2026-04-14T19:39:20,29,27362,-8652,4290,4290,5094,5776,5789,28,27,0,0,9132,28,7200,7200,7200,7200,27
2026-04-14T19:39:25,26,27398,-8626,4292,4292,5098,5783,5807,26,26,0,0,9132,27,7200,7200,7200,7200,26
2026-04-14T19:39:31,26,27435,-8598,4295,4295,5112,4382,4423,26,25,0,0,9132,27,7200,7200,7200,7200,26
2026-04-14T19:39:36,24,27464,-8573,4297,4297,5115,3930,3967,26,26,0,0,9132,27,7200,7200,7200,7200,25
2026-04-14T19:39:45,NaN,27532,-8523,4302,4302,5115,3902,3925,NaN,NaN,0,0,9132,NaN,7200,7200,7200,7200,NaN
2026-04-14T19:39:47,25,27544,-8512,4303,4303,5119,3745,3792,25,23,0,0,9132,27,7200,7200,7200,7200,23
2026-04-14T19:39:52,25,27581,-8485,4306,4306,5098,5775,5804,25,24,0,0,9132,27,7200,7200,7200,7200,24
2026-04-14T19:39:57,21,27614,-8459,4308,4308,5094,5976,6005,23,23,0,0,9132,24,7200,7200,7200,7200,23
2026-04-14T19:40:02,23,27645,-8433,4311,4311,5094,5929,5949,24,24,0,0,9132,24,7200,7200,7200,7200,25
2026-04-14T19:40:07,23,27681,-8407,4313,4313,5098,5779,5793,24,24,0,0,9132,24,7200,7200,7200,7200,25
2026-04-14T19:40:12,23,27716,-8380,4316,4316,5098,5799,5871,25,25,0,0,9132,24,7200,7200,7200,7200,25
2026-04-14T19:40:17,24,27749,-8354,4318,4318,5094,5873,5913,24,22,0,0,9132,24,7200,7200,7200,7200,22
2026-04-14T19:40:22,23,27785,-8327,4321,4321,5094,5966,5990,23,24,0,0,9132,24,7200,7200,7200,7200,24
2026-04-14T19:40:27,24,27818,-8301,4323,4323,5094,5916,5941,24,25,0,0,9132,22,7200,7200,7200,7200,25
2026-04-14T19:40:32,21,27852,-8275,4326,4326,5094,5995,6022,21,21,0,0,9132,22,7200,7200,7200,7200,22
2026-04-14T19:40:37,20,27886,-8249,4328,4328,5098,5712,5743,20,20,0,0,9132,22,7200,7200,7200,7200,20
2026-04-14T19:40:42,22,27921,-8222,4331,4331,5094,5898,5928,22,22,0,0,9132,22,7200,7200,7200,7200,19
2026-04-14T19:40:47,20,27954,-8196,4333,4333,5105,5074,5193,20,20,0,0,9132,22,7200,7200,7200,7200,19
2026-04-14T19:40:51,22,27987,-8170,4336,4336,5115,3833,3851,22,22,0,0,9132,22,7200,7200,7200,7200,22
2026-04-14T19:40:58,18,28028,-8142,4339,4339,5115,3787,3810,18,20,0,0,9132,21,7200,7200,7200,7200,20
2026-04-14T19:41:01,17,28055,-8118,4341,4341,5115,4028,4044,17,17,0,0,9132,21,7200,7200,7200,7200,17
2026-04-14T19:41:07,21,28091,-8091,4343,4343,5094,5873,5890,21,21,0,0,9132,21,7200,7200,7200,7200,21
2026-04-14T19:41:13,18,28127,-8064,4346,4346,5094,5983,6027,18,18,0,0,9132,21,7200,7200,7200,7200,16
2026-04-14T19:41:18,17,28164,-8036,4349,4349,5094,5950,5982,19,19,0,0,9132,21,7200,7200,7200,7200,18
2026-04-14T19:41:23,15,28197,-8011,4351,4351,5094,5965,5987,12,12,0,0,9132,21,7200,7200,7200,7200,13
2026-04-14T19:41:27,21,28226,-7986,4353,4353,5094,5832,5861,21,20,0,0,9132,18,7200,7200,7200,7200,20
2026-04-14T19:41:32,17,28260,-7958,4356,4356,5094,5836,5865,17,16,0,0,9132,18,7200,7200,7200,7200,13
2026-04-14T19:41:37,18,28296,-7937,4358,4358,5094,5973,6000,18,16,0,0,9132,18,7200,7200,7200,7200,13
2026-04-14T19:41:42,19,28332,-7910,4361,4361,5094,5986,6044,17,17,0,0,9132,18,7200,7200,7200,7200,17
2026-04-14T19:41:47,19,28364,-7884,4363,4363,5094,5966,5995,20,20,0,0,9132,18,7200,7200,7200,7200,18
2026-04-14T19:41:52,14,28398,-7857,4366,4366,5094,5845,5867,14,14,0,0,9132,18,7200,7200,7200,7200,14
2026-04-14T19:41:58,14,28436,-7830,4369,4369,5094,5845,5927,14,13,0,0,9132,16,7200,7200,7200,7200,13
2026-04-14T19:42:03,13,28468,-7805,4371,4371,5094,6043,6073,16,16,0,0,9132,16,7200,7200,7200,7200,16
2026-04-14T19:42:07,16,28500,-7778,4373,4373,5094,5991,6032,16,16,0,0,9132,16,7200,7200,7200,7200,16
2026-04-14T19:42:12,8,28532,-7752,4376,4376,5094,5850,5868,8,8,0,0,9132,16,7200,7200,7200,7200,7
2026-04-14T19:42:17,7,28569,-7725,4378,4378,5094,5873,5902,7,7,0,0,9132,16,7200,7200,7200,7200,7
2026-04-14T19:42:23,7,28605,-7699,4381,4381,5094,5984,6018,7,7,0,0,9132,16,7200,7200,7200,7200,7
2026-04-14T19:42:27,5,28635,-7674,4383,4383,5094,6022,6060,5,5,0,0,9132,11,7200,7200,7200,7200,5
2026-04-14T19:42:32,6,28673,-7646,4386,4386,5094,5997,6011,6,6,0,0,9132,11,7200,7200,7200,7200,6
2026-04-14T19:42:37,7,28703,-7621,4388,4388,5094,5857,5900,5,5,0,0,9132,11,7200,7200,7200,7200,5
2026-04-14T19:42:42,5,28738,-7594,4391,4391,5094,5862,5886,5,5,0,0,9132,11,7200,7200,7200,7200,7
2026-04-14T19:42:47,2,28772,-7568,4393,4393,5094,6054,6083,2,2,0,0,9132,11,7200,7200,7200,7200,3
2026-04-14T19:42:53,3,28812,-7540,4396,4396,5094,6011,6040,3,3,0,0,9132,11,7200,7200,7200,7200,3
2026-04-14T19:42:57,2,28842,-7516,4398,4398,5094,6045,6074,2,2,0,0,9132,4,7200,7200,7200,7200,2
2026-04-14T19:43:02,1,28874,-7489,4401,4401,5094,5913,5939,1,2,0,0,9132,4,7200,7200,7200,7200,2
2026-04-14T19:43:09,NaN,28928,-7449,4405,4405,5094,6042,6085,NaN,NaN,0,0,9132,4,7200,7200,7200,7200,1
2026-04-14T19:43:12,-1,28942,-7437,4406,4406,5094,6083,6112,0,0,0,0,9132,4,7200,7200,7200,7200,0
2026-04-14T19:43:18,0,28982,-7408,4409,4409,5094,6023,6027,0,0,0,0,9132,4,7200,7200,7200,7200,-1
2026-04-14T19:43:22,0,29010,-7384,4411,4411,5094,5916,5888,0,0,0,0,9132,4,7200,7200,7200,7200,0
2026-04-14T19:43:27,-2,29048,-7356,4413,4413,5094,5908,5956,0,0,0,0,9132,0,7200,7200,7200,7200,-1
2026-04-14T19:43:32,-2,29078,-7332,4416,4416,5094,5891,5916,0,0,0,0,9132,0,7200,7200,7200,7200,-3
2026-04-14T19:43:37,-3,29113,-7304,4418,4418,5094,6019,6046,0,0,0,0,9132,0,7200,7200,7200,7200,-4
2026-04-14T19:43:42,-2,29145,-7279,4421,4421,5091,6105,6112,0,0,0,0,9132,0,7200,7200,7200,7200,-2
2026-04-14T19:43:47,-2,29183,-7251,4423,4423,5182,5837,5888,0,0,0,0,9132,0,7200,7200,7200,7200,-2
2026-04-14T19:43:52,-2,29219,-7225,4426,4426,5226,5900,5997,0,0,0,0,9132,0,7200,7200,7200,7200,-3
2026-04-14T19:43:57,-3,29249,-7200,4428,4428,5226,6069,6110,0,0,0,0,9132,0,7200,7200,7200,7200,-5
2026-04-14T19:44:02,-4,29282,-7174,4431,4431,5314,6124,6133,0,0,0,0,9132,0,7200,7200,7200,7200,-5
2026-04-14T19:44:07,-6,29317,-7147,4433,4433,5354,6122,6150,0,0,0,0,9132,0,7200,7200,7200,7200,-6
2026-04-14T19:44:12,-4,29353,-7120,4436,4436,5446,5941,5968,0,0,0,0,9132,0,7200,7200,7200,7200,-7
2026-04-14T19:44:17,-7,29386,-7093,4438,4438,5533,5964,5984,0,0,0,0,9132,0,7200,7200,7200,7200,-6
2026-04-14T19:44:22,-5,29418,-7068,4441,4441,4935,4309,4324,0,0,0,0,9132,0,7200,7200,7200,7200,-6
2026-04-14T19:44:27,-7,29456,-7041,4443,4443,5644,4140,4162,0,0,0,0,9132,0,7200,7200,7200,7200,-6
2026-04-14T19:44:32,-7,29489,-7014,4446,4446,5665,5802,5831,0,0,0,0,9132,0,7200,7200,7200,7200,-7
2026-04-14T19:44:38,-8,29528,-6988,4449,4449,5753,5953,5962,0,0,0,0,9132,0,7200,7200,7200,7200,-7
2026-04-14T19:44:43,-8,29559,-6967,4451,4451,5402,6102,6115,0,0,0,0,9132,0,7200,7200,7200,7200,-8
2026-04-14T19:44:47,-8,29590,-6940,4453,4453,5841,6100,6129,0,0,0,0,9132,0,7200,7200,7200,7200,-9
2026-04-14T19:44:52,-10,29623,-6914,4456,4456,6056,6132,6165,0,0,0,0,9132,0,7200,7200,7200,7200,-11
2026-04-14T19:44:58,-11,29663,-6886,4459,4459,6192,5962,5990,0,0,0,0,9132,0,7200,7200,7200,7200,-14
2026-04-14T19:45:02,-12,29692,-6862,4461,4461,6280,5956,5985,0,0,0,0,9132,0,7200,7200,7200,7200,-12
2026-04-14T19:45:07,-12,29727,-6839,4463,4463,6456,6015,6051,0,0,0,0,9132,0,7200,7200,7200,7200,-12
2026-04-14T19:45:12,-11,29760,-6812,4466,4466,5797,6115,6127,0,0,0,0,9132,0,7200,7200,7200,7200,-12
2026-04-14T19:45:17,-14,29795,-6786,4468,4468,6719,6174,6211,0,0,0,0,9132,0,7200,7200,7200,7200,-15
2026-04-14T19:45:22,-14,29831,-6759,4471,4471,6807,5961,5977,0,0,0,0,9132,0,7200,7200,7200,7200,-13
2026-04-14T19:45:27,-12,29863,-6733,4473,4473,6983,6100,6119,0,0,0,0,9132,0,7200,7200,7200,7200,-12
2026-04-14T19:45:32,-15,29896,-6707,4476,4476,7110,6170,6193,0,0,0,0,9132,0,7200,7200,7200,7200,-14
2026-04-14T19:45:37,-15,29934,-6685,4478,4478,7202,6120,6143,0,0,0,0,9132,0,7200,7200,7200,7200,-15
2026-04-14T19:45:42,-13,29967,-6663,4481,4481,7510,6148,6169,0,0,0,0,9132,0,7200,7200,7200,7200,-16
2026-04-14T19:45:47,-16,29999,-6641,4483,4483,7510,6008,6028,0,0,0,0,9132,0,7200,7200,7200,7200,-13
2026-04-14T19:45:52,-14,30032,-6615,4486,4486,7202,5949,5963,0,0,0,0,9132,0,7200,7200,7200,7200,-14
2026-04-14T19:45:57,-14,30069,-6592,4488,4489,7686,6102,6114,0,0,0,0,9132,0,7200,7200,7200,7200,-19
2026-04-14T19:46:02,-16,30102,-6565,4491,4491,7773,6062,6091,0,0,0,0,9132,0,7200,7200,7200,7200,-20
2026-04-14T19:46:07,-17,30136,-6539,4493,4493,7861,5986,6032,0,0,0,0,9132,0,7200,7200,7200,7200,-18
2026-04-14T19:46:13,-14,30174,-6513,4496,4496,7861,6040,6073,0,0,0,0,9132,0,7200,7200,7200,7200,-17
2026-04-14T19:46:17,-18,30203,-6487,4498,4498,7987,6146,6168,0,0,0,0,9132,0,7200,7200,7200,7200,-16
2026-04-14T19:46:22,-17,30238,-6461,4501,4501,7987,6185,6201,0,0,0,0,9132,0,7200,7200,7200,7200,-21
2026-04-14T19:46:28,-19,30278,-6432,4504,4504,8169,6073,6087,0,0,0,0,9132,0,7200,7200,7200,7200,-10
2026-04-14T19:46:33,-4,30310,-6407,4506,4506,8169,5940,5963,0,0,0,0,9132,0,7200,7200,7200,7200,-4
2026-04-14T19:46:37,-7,30344,-6380,4509,4509,7861,5954,5975,0,0,0,0,9132,0,7200,7200,7200,7200,-8
2026-04-14T19:46:43,-8,30375,-6355,4511,4511,8339,6191,6237,0,0,0,0,9132,0,7200,7200,7200,7200,-8
2026-04-14T19:46:47,-8,30407,-6328,4513,4513,8339,6179,6216,0,0,0,0,9132,0,7200,7200,7200,7200,-8
2026-04-14T19:46:52,-8,30443,-6302,4516,4516,8344,6129,6152,0,0,0,0,9132,0,7200,7200,7200,7200,-9
2026-04-14T19:46:58,-21,30480,-6274,4519,4519,8344,5968,5992,0,0,0,0,9132,0,7200,7200,7200,7200,-22
2026-04-14T19:47:02,-21,30510,-6249,4521,4521,8339,6316,6333,0,0,0,0,9132,0,7200,7200,7200,7200,-19
2026-04-14T19:47:07,-19,30545,-6223,4523,4523,8339,6122,6152,0,0,0,0,9132,0,7200,7200,7200,7200,-23
2026-04-14T19:47:13,-24,30583,-6196,4526,4526,8339,6164,6190,0,0,0,0,9132,0,7200,7200,7200,7200,-22
2026-04-14T19:47:17,-23,30612,-6171,4528,4528,8344,6015,6013,0,0,0,0,9132,0,7200,7200,7200,7200,-20
2026-04-14T19:47:23,-22,30652,-6143,4531,4531,8344,5980,6013,0,0,0,0,9132,0,7200,7200,7200,7200,-22
2026-04-14T19:47:27,-22,30683,-6117,4533,4533,8344,5966,6006,0,0,0,0,9132,0,7200,7200,7200,7200,-21
2026-04-14T19:47:33,-24,30718,-6091,4536,4536,8339,6144,6194,0,0,0,0,9132,0,7200,7200,7200,7200,-24
2026-04-14T19:47:37,-22,30748,-6066,4538,4538,8339,6200,6225,0,0,0,0,9132,0,7200,7200,7200,7200,-21
2026-04-14T19:47:42,-22,30781,-6040,4541,4541,8344,5988,6018,0,0,0,0,9132,0,7200,7200,7200,7200,-20
2026-04-14T19:47:47,-25,30819,-6012,4543,4543,8344,5963,6005,0,0,0,0,9132,0,7200,7200,7200,7200,-24
2026-04-14T19:47:52,-25,30852,-5986,4546,4546,8339,6139,6169,0,0,0,0,9132,0,7200,7200,7200,7200,-24
2026-04-14T19:47:57,-26,30885,-5960,4548,4548,8339,6141,6159,0,0,0,0,9132,0,7200,7200,7200,7200,-27
2026-04-14T19:48:02,-24,30921,-5933,4551,4551,8339,6226,6242,0,0,0,0,9132,0,7200,7200,7200,7200,-24
2026-04-14T19:48:08,-22,30959,-5906,4554,4554,8344,5971,5988,0,0,0,0,9132,0,7200,7200,7200,7200,-26
2026-04-14T19:48:12,-25,30988,-5881,4556,4556,8344,6077,6102,0,0,0,0,9132,0,7200,7200,7200,7200,-23
2026-04-14T19:48:18,-25,31028,-5853,4559,4559,8339,6200,6209,0,0,0,0,9132,0,7200,7200,7200,7200,-24
2026-04-14T19:48:23,-27,31059,-5828,4561,4561,8339,6217,6244,0,0,0,0,9132,0,7200,7200,7200,7200,-25
2026-04-14T19:48:28,-24,31094,-5801,4564,4564,8344,6062,6085,0,0,0,0,9132,0,7200,7200,7200,7200,-27
2026-04-14T19:48:32,-28,31123,-5776,4566,4566,8339,6062,6092,0,0,0,0,9132,0,7200,7200,7200,7200,-27
2026-04-14T19:48:37,-24,31158,-5753,4568,4568,8339,6178,6229,0,0,0,0,9132,0,7200,7200,7200,7200,-25
2026-04-14T19:48:43,-28,31197,-5727,4571,4571,8339,6234,6248,0,0,0,0,9132,0,7200,7200,7200,7200,-29
2026-04-14T19:48:48,-28,31229,-5701,4574,4574,8339,6212,6240,0,0,0,0,9132,0,7200,7200,7200,7200,-27
2026-04-14T19:48:53,-29,31264,-5674,4576,4576,8344,5994,6024,0,0,0,0,9132,0,7200,7200,7200,7200,-29
2026-04-14T19:48:57,-26,31294,-5649,4578,4578,8344,6050,6080,0,0,0,0,9132,0,7200,7200,7200,7200,-26
2026-04-14T19:49:02,-27,31332,-5625,4581,4581,8339,6284,6298,0,0,0,0,9132,0,7200,7200,7200,7200,-27
2026-04-14T19:49:07,-28,31363,-5603,4583,4583,8339,6227,6248,0,0,0,0,9132,0,7200,7200,7200,7200,-27
2026-04-14T19:49:13,-30,31398,-5577,4586,4586,8339,6248,6278,0,0,0,0,9132,0,7200,7200,7200,7200,-28
2026-04-14T19:49:17,-27,31431,-5555,4588,4588,8344,6074,6097,0,0,0,0,9132,0,7200,7200,7200,7200,-27
2026-04-14T19:49:23,-30,31468,-5528,4591,4591,8344,6066,6303,0,0,0,0,9132,0,7200,7200,7200,7200,-30
2026-04-14T19:49:27,-28,31499,-5506,4593,4593,8339,6232,6246,0,0,0,0,9132,0,7200,7200,7200,7200,-27
2026-04-14T19:49:33,-28,31537,-5479,4596,4596,8339,6234,6250,0,0,0,0,9132,0,7200,7200,7200,7200,-28
2026-04-14T19:49:38,-28,31572,-5452,4599,4599,8339,6251,6274,0,0,0,0,9132,0,7200,7200,7200,7200,-28
2026-04-14T19:49:42,-28,31601,-5428,4601,4601,8344,6069,6068,0,0,0,0,9132,0,7200,7200,7200,7200,-28
2026-04-14T19:49:47,-29,31636,-5401,4603,4604,8339,6093,6103,0,0,0,0,9132,0,7200,7200,7200,7200,-29
2026-04-14T19:49:52,-31,31671,-5374,4606,4606,8339,6180,6210,0,0,0,0,9132,0,7200,7200,7200,7200,-30
2026-04-14T19:49:58,-29,31709,-5347,4609,4609,8339,6227,6236,0,0,0,0,9132,0,7200,7200,7200,7200,-30
2026-04-14T19:50:02,-30,31737,-5322,4611,4611,8339,6089,6130,0,0,0,0,9132,0,7200,7200,7200,7200,-29
2026-04-14T19:50:07,-32,31770,-5299,4613,4613,8339,6107,6128,0,0,0,0,9132,0,7200,7200,7200,7200,-32
2026-04-14T19:50:12,-30,31809,-5272,4616,4616,8339,6228,6281,0,0,0,0,9132,0,7200,7200,7200,7200,-30
2026-04-14T19:50:17,-30,31842,-5247,4618,4618,8339,6238,6277,0,0,0,0,9132,0,7200,7200,7200,7200,-29
2026-04-14T19:50:22,-33,31874,-5221,4621,4621,8339,6254,6284,0,0,0,0,9132,0,7200,7200,7200,7200,-32
2026-04-14T19:50:27,-31,31908,-5195,4623,4623,8339,6121,6151,0,0,0,0,9132,0,7200,7200,7200,7200,-33
2026-04-14T19:50:32,-32,31944,-5168,4626,4626,8339,6100,6148,0,0,0,0,9132,0,7200,7200,7200,7200,-30
2026-04-14T19:50:38,-33,31979,-5141,4629,4629,8339,6252,6278,0,0,0,0,9132,0,7200,7200,7200,7200,-30
2026-04-14T19:50:43,-33,32011,-5115,4631,4631,8339,6243,6276,0,0,0,0,9132,0,7200,7200,7200,7200,-34
2026-04-14T19:50:47,-31,32047,-5089,4633,4633,8339,6253,6276,0,0,0,0,9132,0,7200,7200,7200,7200,-30
2026-04-14T19:50:52,-30,32078,-5063,4636,4636,8339,6098,6130,0,0,0,0,9132,0,7200,7200,7200,7200,-30
2026-04-14T19:50:57,-33,32113,-5036,4638,4638,8339,6291,6321,0,0,0,0,9132,0,7200,7200,7200,7200,-33
2026-04-14T19:51:02,-33,32145,-5010,4641,4641,8339,6232,6262,0,0,0,0,9132,0,7200,7200,7200,7200,-35
2026-04-14T19:51:08,-34,32186,-4983,4644,4644,8339,6202,6267,0,0,0,0,9132,0,7200,7200,7200,7200,-33
2026-04-14T19:51:12,-33,32214,-4958,4646,4646,8339,6090,6122,0,0,0,0,9132,0,7200,7200,7200,7200,-32
2026-04-14T19:51:17,-30,32250,-4929,4649,4649,8339,6120,6151,0,0,0,0,9132,0,7200,7200,7200,7200,-32
2026-04-14T19:51:23,-31,32288,-4908,4651,4651,8339,6195,6207,0,0,0,0,9132,0,7200,7200,7200,7200,-34
2026-04-14T19:51:27,-33,32319,-4882,4653,4653,8339,6221,6256,0,0,0,0,9132,0,7200,7200,7200,7200,-33
2026-04-14T19:51:33,-33,32354,-4856,4656,4656,8339,6248,6287,0,0,0,0,9132,0,7200,7200,7200,7200,-35
2026-04-14T19:51:37,-34,32385,-4830,4658,4658,8339,6093,6134,0,0,0,0,9132,0,7200,7200,7200,7200,-33
2026-04-14T19:51:42,-34,32418,-4804,4661,4661,8344,6112,6135,0,0,0,0,9132,0,7200,7200,7200,7200,-34
2026-04-14T19:51:48,-34,32459,-4775,4664,4664,8339,6286,6318,0,0,0,0,9132,0,7200,7200,7200,7200,-34
2026-04-14T19:51:53,-35,32490,-4750,4666,4666,8339,6232,6280,0,0,0,0,9132,0,7200,7200,7200,7200,-34
2026-04-14T19:51:58,-34,32523,-4728,4668,4669,8339,6274,6299,0,0,0,0,9132,0,7200,7200,7200,7200,-35
2026-04-14T19:52:02,-34,32558,-4702,4671,4671,8339,6126,6138,0,0,0,0,9132,0,7200,7200,7200,7200,-33
2026-04-14T19:52:08,-34,32594,-4675,4674,4674,8339,6128,6176,0,0,0,0,9132,0,7200,7200,7200,7200,-34
2026-04-14T19:52:13,-35,32626,-4649,4676,4676,8339,6260,6312,0,0,0,0,9132,0,7200,7200,7200,7200,-35
2026-04-14T19:52:18,-32,32662,-4623,4679,4679,8339,6259,6277,0,0,0,0,9132,0,7200,7200,7200,7200,-34
2026-04-14T19:52:23,-35,32697,-4596,4681,4681,8339,6118,6146,0,0,0,0,9132,0,7200,7200,7200,7200,-35
2026-04-14T19:52:28,-35,32730,-4571,4684,4684,8344,6103,6118,0,0,0,0,9132,0,7200,7200,7200,7200,-34
2026-04-14T19:52:32,-33,32759,-4549,4686,4686,8339,6311,6334,0,0,0,0,9132,0,7200,7200,7200,7200,-34
2026-04-14T19:52:38,-35,-32736,-4520,4689,4689,8339,6280,6269,0,0,0,0,9132,0,7200,7200,7200,7200,-35
2026-04-14T19:52:42,-35,-32707,-4496,4691,4691,8339,6269,6271,0,0,0,0,9132,0,7200,7200,7200,7200,-36
2026-04-14T19:52:48,-34,-32670,-4468,4694,4694,8339,6120,6165,0,0,0,0,9132,0,7200,7200,7200,7200,-34
2026-04-14T19:52:52,-34,-32641,-4443,4696,4696,8339,6149,6179,0,0,0,0,9132,0,7200,7200,7200,7200,-35
2026-04-14T19:52:58,-34,-32599,-4416,4699,4699,8333,6387,6424,0,0,0,0,9132,0,7200,7200,7200,7200,-36
2026-04-14T19:53:03,-34,-32567,-4389,4701,4701,8339,6300,6319,0,0,0,0,9132,0,7200,7200,7200,7200,-34
2026-04-14T19:53:07,-36,-32537,-4364,4703,4703,8339,6301,6334,0,0,0,0,9132,0,7200,7200,7200,7200,-35
2026-04-14T19:53:12,-35,-32499,-4337,4706,4706,8339,6128,6155,0,0,0,0,9132,0,7200,7200,7200,7200,-34
2026-04-14T19:53:18,-34,-32467,-4315,4708,4709,8339,6150,6183,0,0,0,0,9132,0,7200,7200,7200,7200,-35
2026-04-14T19:53:23,-36,-32433,-4288,4711,4711,8339,6277,6296,0,0,0,0,9132,0,7200,7200,7200,7200,-36
2026-04-14T19:53:28,-36,-32396,-4262,4714,4714,8339,6269,6284,0,0,0,0,9132,0,7200,7200,7200,7200,-36
2026-04-14T19:53:32,-35,-32367,-4236,4716,4716,8339,6297,6315,0,0,0,0,9132,0,7200,7200,7200,7200,-35
2026-04-14T19:53:38,-34,-32327,-4208,4719,4719,8339,6127,6182,0,0,0,0,9132,0,7200,7200,7200,7200,-34
2026-04-14T19:53:43,-34,-32297,-4183,4721,4721,8344,6125,6156,0,0,0,0,9132,0,7200,7200,7200,7200,-35
2026-04-14T19:53:48,-35,-32261,-4157,4724,4724,8339,6236,6265,0,0,0,0,9132,0,7200,7200,7200,7200,-34
2026-04-14T19:53:53,-35,-32226,-4130,4726,4726,8339,6317,6343,0,0,0,0,9132,0,7200,7200,7200,7200,-35
2026-04-14T19:53:57,-35,-32195,-4105,4728,4728,8339,6123,6146,0,0,0,0,9132,0,7200,7200,7200,7200,-35
2026-04-14T19:54:02,-35,-32161,-4077,4731,4731,8339,6155,6162,0,0,0,0,9132,0,7200,7200,7200,7200,-35
2026-04-14T19:54:07,-36,-32127,-4052,4733,4733,8339,6248,6289,0,0,0,0,9132,0,7200,7200,7200,7200,-35
2026-04-14T19:54:12,-35,-32093,-4030,4736,4736,8339,6305,6359,0,0,0,0,9132,0,7200,7200,7200,7200,-35
2026-04-14T19:54:17,-35,-32058,-4002,4739,4738,8339,6305,6323,0,0,0,0,9132,0,7200,7200,7200,7200,-35
2026-04-14T19:54:22,-34,-32027,-3977,4741,4741,8339,6160,6190,0,0,0,0,9132,0,7200,7200,7200,7200,-34
2026-04-14T19:54:28,-36,-31987,-3950,4744,4744,8339,6151,6201,0,0,0,0,9132,0,7200,7200,7200,7200,-35
2026-04-14T19:54:32,-35,-31958,-3925,4746,4746,8339,6324,6372,0,0,0,0,9132,0,7200,7200,7200,7200,-36
2026-04-14T19:54:38,-35,-31920,-3897,4749,4749,8339,6284,6287,0,0,0,0,9132,0,7200,7200,7200,7200,-35
2026-04-14T19:54:43,-35,-31884,-3871,4751,4751,8339,6292,6310,0,0,0,0,9132,0,7200,7200,7200,7200,-36
2026-04-14T19:54:47,-35,-31851,-3844,4754,4754,8339,6138,6170,0,0,0,0,9132,0,7200,7200,7200,7200,-36
2026-04-14T19:54:52,-35,-31821,-3820,4756,4756,8339,6342,6366,0,0,0,0,9132,0,7200,7200,7200,7200,-36
2026-04-14T19:54:57,-35,-31786,-3791,4759,4759,8339,6307,6342,0,0,0,0,9132,0,7200,7200,7200,7200,-36
2026-04-14T19:55:03,-36,-31750,-3775,4761,4761,8339,6299,6326,0,0,0,0,9132,0,7200,7200,7200,7200,-35
2026-04-14T19:55:07,-34,-31718,-3749,4763,4763,8339,6151,6181,0,0,0,0,9132,0,7200,7200,7200,7200,-34
2026-04-14T19:55:12,-35,-31683,-3726,4766,4766,8339,6160,6185,0,0,0,0,9132,0,7200,7200,7200,7200,-35
2026-04-14T19:55:17,-35,-31652,-3705,4768,4768,8339,6157,6192,0,0,0,0,9132,0,7200,7200,7200,7200,-36
2026-04-14T19:55:22,-36,-31616,-3677,4771,4771,8333,6268,6291,0,0,0,0,9132,0,7200,7200,7200,7200,-35
2026-04-14T19:55:27,-36,-31582,-3651,4773,4773,8339,6302,6325,0,0,0,0,9132,0,7200,7200,7200,7200,-36
2026-04-14T19:55:32,-34,-31547,-3623,4776,4776,8339,6163,6186,0,0,0,0,9132,0,7200,7200,7200,7200,-35
2026-04-14T19:55:37,-35,-31515,-3598,4778,4778,8339,6171,6208,0,0,0,0,9132,0,7200,7200,7200,7200,-36
2026-04-14T19:55:43,-35,-31479,-3572,4781,4781,8339,6280,6327,0,0,0,0,9132,0,7200,7200,7200,7200,-35
2026-04-14T19:55:47,-36,-31446,-3546,4783,4783,8339,6283,6316,0,0,0,0,9132,0,7200,7200,7200,7200,-36
2026-04-14T19:55:52,-36,-31412,-3519,4786,4786,8333,6334,6368,0,0,0,0,9132,0,7200,7200,7200,7200,-35
2026-04-14T19:55:57,-34,-31378,-3493,4788,4788,8339,6158,6214,0,0,0,0,9132,0,7200,7200,7200,7200,-36
2026-04-14T19:56:03,-36,-31338,-3464,4791,4791,8339,6185,6210,0,0,0,0,9132,0,7200,7200,7200,7200,-36
2026-04-14T19:56:07,-35,-31309,-3441,4793,4793,8333,6373,6396,0,0,0,0,9132,0,7200,7200,7200,7200,-36
2026-04-14T19:56:12,-35,-31276,-3413,4796,4796,8339,6291,6328,0,0,0,0,9132,0,7200,7200,7200,7200,-36
2026-04-14T19:56:17,-36,-31240,-3387,4798,4799,8339,6144,6181,0,0,0,0,9132,0,7200,7200,7200,7200,-36
2026-04-14T19:56:23,-36,-31203,-3360,4801,4801,8339,6200,6229,0,0,0,0,9132,0,7200,7200,7200,7200,-36
2026-04-14T19:56:27,-35,-31172,-3339,4803,4804,8333,6389,6419,0,0,0,0,9132,0,7200,7200,7200,7200,-35
2026-04-14T19:56:33,-36,-31137,-3311,4806,4806,8333,6352,6414,0,0,0,0,9132,0,7200,7200,7200,7200,-36
2026-04-14T19:56:37,-8,-31105,-3286,4808,4808,8339,6305,6326,0,0,0,0,9132,0,7200,7200,7200,7200,-8
2026-04-14T19:56:43,-7,-31067,-3262,4811,4811,8339,6156,6182,0,0,0,0,9132,0,7200,7200,7200,7200,-7
2026-04-14T19:56:47,-7,-31036,-3242,4814,4814,8339,6180,6132,0,0,0,0,9132,0,7200,7200,7200,7200,-8
2026-04-14T19:56:52,-8,-31003,-3215,4816,4816,8339,6324,6361,0,0,0,0,9132,0,7200,7200,7200,7200,-8
2026-04-14T19:56:57,-8,-30968,-3189,4818,4818,8339,6320,6342,0,0,0,0,9132,0,7200,7200,7200,7200,-8
2026-04-14T19:57:02,-8,-30933,-3162,4821,4821,8333,6323,6351,0,0,0,0,9132,0,7200,7200,7200,7200,-8
2026-04-14T19:57:08,-8,-30897,-3135,4824,4824,8339,6190,6193,0,0,0,0,9132,0,7200,7200,7200,7200,-8
2026-04-14T19:57:12,-8,-30864,-3110,4826,4826,8339,6208,6212,0,0,0,0,9132,0,7200,7200,7200,7200,-8
2026-04-14T19:57:18,-8,-30830,-3083,4829,4829,8339,6316,6357,0,0,0,0,9132,0,7200,7200,7200,7200,-8
2026-04-14T19:57:22,-8,-30798,-3057,4831,4831,8333,6319,6349,0,0,0,0,9132,0,7200,7200,7200,7200,-8
2026-04-14T19:57:28,-8,-30758,-3029,4834,4834,8339,6143,6199,0,0,0,0,9132,0,7200,7200,7200,7200,-7
2026-04-14T19:57:33,-8,-30727,-3003,4836,4836,8339,6165,6195,0,0,0,0,9132,0,7200,7200,7200,7200,-8
2026-04-14T19:57:37,-8,-30697,-2979,4838,4838,8339,6170,6193,0,0,0,0,9132,0,7200,7200,7200,7200,-8
2026-04-14T19:57:47,-8,-30631,NaN,4843,4843,NaN,NaN,6336,0,0,0,0,9132,NaN,7200,7200,7200,7200,NaN
2026-04-14T19:57:48,-8,-30619,-2919,4844,4844,8339,6323,6354,0,0,0,0,9132,0,7200,7200,7200,7200,-8
2026-04-14T19:57:53,-8,-30584,-2892,4847,4847,8339,6148,6205,0,0,0,0,9132,0,7200,7200,7200,7200,-8
2026-04-14T19:57:58,-8,-30550,-2866,4849,4849,8339,6207,6231,0,0,0,0,9132,0,7200,7200,7200,7200,-8
2026-04-14T19:58:03,-8,-30514,-2838,4852,4852,8339,6131,6152,0,0,0,0,9132,0,7200,7200,7200,7200,-8
2026-04-14T19:58:08,-8,-30482,-2813,4854,4854,8339,6116,6135,0,0,0,0,9132,0,7200,7200,7200,7200,-8
2026-04-14T19:58:14,-8,-30442,-2785,4857,4857,8339,6101,6124,0,0,0,0,9132,0,7200,7200,7200,7200,-8
2026-04-14T19:58:19,-8,-30412,-2760,4859,4859,8344,6004,6027,0,0,0,0,9132,0,7200,7200,7200,7200,-8
2026-04-14T19:58:24,-8,-30377,-2733,4862,4862,8344,5984,6040,0,0,0,0,9132,0,7200,7200,7200,7200,-8
2026-04-14T19:58:28,-8,-30347,-2708,4864,4864,8344,6156,6182,0,0,0,0,9132,0,7200,7200,7200,7200,-8
2026-04-14T19:58:34,-8,-30310,-2680,4867,4867,8339,6125,6165,0,0,0,0,9132,0,7200,7200,7200,7200,-8
2026-04-14T19:58:38,-8,-30277,-2655,4869,4869,8339,6164,6184,0,0,0,0,9132,0,7200,7200,7200,7200,-8
2026-04-14T19:58:44,-8,-30242,-2627,4872,4872,8344,6013,6036,0,0,0,0,9132,0,7200,7200,7200,7200,-8
2026-04-14T19:58:49,-8,-30209,-2606,4874,4874,8339,6206,6240,0,0,0,0,9132,0,7200,7200,7200,7200,-8
2026-04-14T19:58:54,-8,-30170,-2579,4877,4877,8339,6150,6190,0,0,0,0,9132,0,7200,7200,7200,7200,-8
2026-04-14T19:58:58,-8,-30142,-2554,4879,4879,8339,6144,6174,0,0,0,0,9132,0,7200,7200,7200,7200,-8
2026-04-14T19:59:04,-8,-30105,-2525,4882,4882,8344,6023,6046,0,0,0,0,9132,0,7200,7200,7200,7200,-8
2026-04-14T19:59:09,-8,-30069,-2500,4884,4884,8344,6025,6053,0,0,0,0,9132,0,7200,7200,7200,7200,-8
2026-04-14T19:59:14,-8,-30035,-2474,4887,4887,8339,6199,6229,0,0,0,0,9132,0,7200,7200,7200,7200,-8
2026-04-14T19:59:19,-8,-30004,-2448,4889,4889,8339,6141,6167,0,0,0,0,9132,0,7200,7200,7200,7200,-8
2026-04-14T19:59:24,-7,-29971,-2422,4892,4892,8373,4192,4216,0,0,0,0,9132,0,7200,7200,7200,7200,-8
2026-04-14T19:59:29,-8,-29932,-2395,4894,4894,8379,3931,3968,0,0,0,0,9132,0,7200,7200,7200,7200,-7
2026-04-14T19:59:34,-8,-29899,-2368,4897,4897,8379,4107,4095,0,0,0,0,9132,0,7200,7200,7200,7200,-7
2026-04-14T19:59:39,-7,-29866,-2343,4899,4899,8379,4123,4153,0,0,0,0,9132,0,7200,7200,7200,7200,-8
2026-04-14T19:59:45,-8,-29828,-2315,4902,4902,8379,4094,4109,0,0,0,0,9132,0,7200,7200,7200,7200,-7
2026-04-14T19:59:49,-7,-29799,-2290,4904,4904,8379,3964,3996,0,0,0,0,9132,0,7200,7200,7200,7200,-7
2026-04-14T19:59:55,-7,-29761,-2261,4907,4907,8379,3900,3961,0,0,0,0,9132,0,7200,7200,7200,7200,-7
2026-04-14T19:59:59,-8,-29728,-2237,4909,4909,8379,3970,4006,0,0,0,0,9132,0,7200,7200,7200,7200,-8
2026-04-14T20:00:05,-8,-29692,-2210,4912,4912,8379,4117,4137,0,0,0,0,9132,0,7200,7200,7200,7200,-7
2026-04-14T20:00:09,-7,-29662,-2184,4914,4914,8379,4114,4155,0,0,0,0,9132,0,7200,7200,7200,7200,-8
2026-04-14T20:00:14,-7,-29627,-2158,4917,4917,8379,3956,3989,0,0,0,0,9132,0,7200,7200,7200,7200,-7
2026-04-14T20:00:19,-7,-29593,-2131,4919,4919,8379,4033,4059,0,0,0,0,9132,0,7200,7200,7200,7200,-7
2026-04-14T20:00:24,-7,-29562,-2106,4922,4922,8379,4137,4173,0,0,0,0,9132,0,7200,7200,7200,7200,-7
2026-04-14T20:00:29,-8,-29524,-2079,4924,4924,8379,4115,4125,0,0,0,0,9132,0,7200,7200,7200,7200,-8
2026-04-14T20:00:34,-7,-29492,-2053,4927,4927,8379,4075,4104,0,0,0,0,9132,0,7200,7200,7200,7200,-7
2026-04-14T20:00:38,-7,-29461,-2027,4929,4929,8379,3945,3975,0,0,0,0,9132,0,7200,7200,7200,7200,-7
2026-04-14T20:00:44,-8,-29422,-2000,4932,4932,8379,3962,3994,0,0,0,0,9132,0,7200,7200,7200,7200,-7
2026-04-14T20:00:48,-8,-29391,-1975,4934,4934,8379,4077,4109,0,0,0,0,9132,0,7200,7200,7200,7200,-8
2026-04-14T20:00:54,-7,-29356,-1948,4937,4937,8379,4132,4156,0,0,0,0,9132,0,7200,7200,7200,7200,-8
2026-04-14T20:00:59,-7,-29324,-1922,4939,4939,8379,4065,4088,0,0,0,0,9132,0,7200,7200,7200,7200,-7
2026-04-14T20:01:05,-7,-29283,-1894,4942,4942,8379,3986,4036,0,0,0,0,9132,0,7200,7200,7200,7200,-8
2026-04-14T20:01:09,-8,-29254,-1869,4944,4944,8379,4181,4211,0,0,0,0,9132,0,7200,7200,7200,7200,-7
2026-04-14T20:01:14,-8,-29218,-1841,4947,4947,8339,6332,6416,0,0,0,0,9132,0,7200,7200,7200,7200,-8
2026-04-14T20:01:19,-8,-29181,-1815,4950,4950,8339,6133,6156,0,0,0,0,9132,0,7200,7200,7200,7200,-8
2026-04-14T20:01:24,-8,-29147,-1793,4952,4952,8344,5993,6032,0,0,0,0,9132,0,7200,7200,7200,7200,-8
2026-04-14T20:01:29,-8,-29118,-1768,4954,4954,8344,6033,6063,0,0,0,0,9132,0,7200,7200,7200,7200,-8
2026-04-14T20:01:35,-8,-29078,-1740,4957,4957,8339,6287,6291,0,0,0,0,9132,0,7200,7200,7200,7200,-8
2026-04-14T20:01:40,-8,-29045,-1714,4959,4960,8339,6161,6187,0,0,0,0,9132,0,7200,7200,7200,7200,-8
2026-04-14T20:01:44,-8,-29014,-1689,4962,4962,8339,6206,6202,0,0,0,0,9132,0,7200,7200,7200,7200,-8
2026-04-14T20:01:49,-7,-28982,-1662,4964,4964,8344,6032,6040,0,0,0,0,9132,0,7200,7200,7200,7200,-8
2026-04-14T20:01:55,-8,-28944,-1636,4967,4967,8344,6015,6065,0,0,0,0,9132,0,7200,7200,7200,7200,-8
2026-04-14T20:02:00,-8,-28909,-1609,4970,4970,8339,6213,6225,0,0,0,0,9132,0,7200,7200,7200,7200,-8
2026-04-14T20:02:04,-8,-28875,-1582,4972,4972,8339,6244,6290,0,0,0,0,9132,0,7200,7200,7200,7200,-8
2026-04-14T20:02:09,-8,-28846,-1557,4974,4974,8339,6270,6239,0,0,0,0,9132,0,7200,7200,7200,7200,-8
2026-04-14T20:02:15,-8,-28805,-1529,4977,4977,8339,6065,6107,0,0,0,0,9132,0,7200,7200,7200,7200,-7
2026-04-14T20:02:19,-8,-28775,-1504,4979,4979,8339,6056,6095,0,0,0,0,9132,0,7200,7200,7200,7200,-8
2026-04-14T20:02:24,-8,-28738,-1479,4982,4982,8339,6223,6253,0,0,0,0,9132,0,7200,7200,7200,7200,-8
2026-04-14T20:02:30,-8,-28704,-1455,4985,4985,8339,6202,6239,0,0,0,0,9132,0,7200,7200,7200,7200,-8
2026-04-14T20:02:34,-8,-28672,-1428,4987,4987,8339,6105,6135,0,0,0,0,9132,0,7200,7200,7200,7200,-8
2026-04-14T20:02:40,-7,-28637,-1403,4989,4990,8379,3934,3964,0,0,0,0,9132,0,7200,7200,7200,7200,-8
2026-04-14T20:02:44,-7,-28606,-1376,4992,4992,8373,4265,4313,0,0,0,0,9132,0,7200,7200,7200,7200,-7
2026-04-14T20:02:48,-8,-28574,-1351,4994,4994,8379,4143,4162,0,0,0,0,9132,0,7200,7200,7200,7200,-8
2026-04-14T20:02:55,-7,-28533,-1325,4997,4997,8373,4216,4228,0,0,0,0,9132,0,7200,7200,7200,7200,-7
2026-04-14T20:02:59,-7,-28504,-1302,4999,4999,8379,4038,4068,0,0,0,0,9132,0,7200,7200,7200,7200,-7
2026-04-14T20:03:04,-8,-28470,-1276,5002,5002,8379,4108,4131,0,0,0,0,9132,0,7200,7200,7200,7200,-7
2026-04-14T20:03:09,-8,-28436,-1253,5004,5004,8373,4242,4288,0,0,0,0,9132,0,7200,7200,7200,7200,-7
2026-04-14T20:03:14,-7,-28400,-1226,5007,5007,8373,4262,4282,0,0,0,0,9132,0,7200,7200,7200,7200,-8
2026-04-14T20:03:19,-8,-28366,-1199,5009,5009,8373,4243,4274,0,0,0,0,9132,0,7200,7200,7200,7200,-7
2026-04-14T20:03:24,-7,-28329,-1172,5012,5012,8379,4094,4133,0,0,0,0,9132,0,7200,7200,7200,7200,-8
2026-04-14T20:03:30,-8,-28295,-1147,5015,5015,8373,4156,4310,0,0,0,0,9132,0,7200,7200,7200,7200,-8
2026-04-14T20:03:34,-8,-28266,-1122,5017,5017,8373,4214,4243,0,0,0,0,9132,0,7200,7200,7200,7200,-8
2026-04-14T20:03:39,-7,-28231,-1095,5019,5019,8373,4262,4296,0,0,0,0,9132,0,7200,7200,7200,7200,-7
2026-04-14T20:03:45,-7,-28193,-1068,5022,5022,8373,4109,4124,0,0,0,0,9132,0,7200,7200,7200,7200,-7
2026-04-14T20:03:48,-7,-28164,-1043,5024,5024,8379,4099,4133,0,0,0,0,9132,0,7200,7200,7200,7200,-7
2026-04-14T20:03:54,-7,-28128,-1015,5027,5027,8379,4114,4161,0,0,0,0,9132,0,7200,7200,7200,7200,-8
2026-04-14T20:03:59,-7,-28095,-990,5029,5029,8373,4231,4278,0,0,0,0,9132,0,7200,7200,7200,7200,-7
2026-04-14T20:04:04,-7,-28059,-964,5032,5032,8373,4242,4265,0,0,0,0,9132,0,7200,7200,7200,7200,-7
2026-04-14T20:04:09,-7,-28026,-938,5034,5034,8467,4056,4103,0,0,0,0,9132,0,7200,7200,7200,7200,-7
2026-04-14T20:04:15,-7,-27989,-909,5037,5037,8467,4088,4082,0,0,0,0,9132,0,7200,7200,7200,7200,-8
2026-04-14T20:04:19,-7,-27961,-885,5039,5039,8461,4244,4257,0,0,0,0,9132,0,7200,7200,7200,7200,-8
2026-04-14T20:04:24,-8,-27923,-858,5042,5042,7893,4202,4206,0,0,0,0,9132,0,7200,7200,7200,7200,-7
2026-04-14T20:04:29,-7,-27890,-832,5044,5044,8725,4265,4221,0,0,0,0,9132,0,7200,7200,7200,7200,-8
2026-04-14T20:04:35,-7,-27854,-804,5047,5047,8731,4107,4140,0,0,0,0,9132,0,7200,7200,7200,7200,-7
2026-04-14T20:04:39,-7,-27824,-780,5049,5049,8731,4071,4112,0,0,0,0,9132,0,7200,7200,7200,7200,-8
2026-04-14T20:04:44,-7,-27788,-753,5052,5052,8946,4291,4320,0,0,0,0,9132,0,7200,7200,7200,7200,-8
2026-04-14T20:04:49,-8,-27754,-727,5054,5054,8946,4216,4246,0,0,0,0,9132,0,7200,7200,7200,7200,-8
2026-04-14T20:04:55,-7,-27714,-698,5057,5057,8952,4090,4102,0,0,0,0,9132,0,7200,7200,7200,7200,-7
2026-04-14T20:04:59,-8,-27686,-674,5059,5059,9128,4098,4115,0,0,0,0,9132,0,7200,7200,7200,7200,-7
2026-04-14T20:05:05,-8,-27647,-646,5062,5062,9166,4314,4340,0,0,0,0,9132,0,7200,7200,7200,7200,-7
2026-04-14T20:05:09,-8,-27617,-621,5064,5064,9254,4265,4295,0,0,0,0,9132,0,7200,7200,7200,7200,-8
2026-04-14T20:05:14,-8,-27583,-594,5067,5067,8417,4260,4277,0,0,0,0,9132,0,7200,7200,7200,7200,-7
2026-04-14T20:05:19,-7,-27548,-568,5069,5069,9702,4108,4129,0,0,0,0,9132,0,7200,7200,7200,7200,-7
2026-04-14T20:05:24,-7,-27514,-542,5072,5072,9739,4178,4200,0,0,0,0,9132,0,7200,7200,7200,7200,-7
2026-04-14T20:05:29,-8,-27481,-516,5074,5074,9746,4408,4447,0,0,0,0,9132,0,7200,7200,7200,7200,-7
2026-04-14T20:05:34,-7,-27446,-494,5077,5077,10180,4332,4352,0,0,0,0,9132,0,7200,7200,7200,7200,-8
2026-04-14T20:05:39,-7,-27413,-467,5079,5079,10180,4304,4335,0,0,0,0,9132,0,7200,7200,7200,7200,-7
2026-04-14T20:05:44,-7,-27379,-441,5082,5082,10143,4161,4188,0,0,0,0,9132,0,7200,7200,7200,7200,-7
2026-04-14T20:05:49,-7,-27346,-414,5084,5084,10584,4162,4187,0,0,0,0,9132,0,7200,7200,7200,7200,-8
2026-04-14T20:05:54,-7,-27308,-388,5087,5087,10576,4320,4321,0,0,0,0,9132,0,7200,7200,7200,7200,-8
2026-04-14T20:05:59,-7,-27274,-361,5089,5089,10576,4280,4500,0,0,0,0,9132,0,7200,7200,7200,7200,-8
2026-04-14T20:06:05,-8,-27241,-335,5092,5092,10965,4544,4574,0,0,0,0,9132,0,7200,7200,7200,7200,-8
2026-04-14T20:06:09,-7,-27211,-310,5094,5094,11017,4418,4457,0,0,0,0,9132,0,7200,7200,7200,7200,-7
2026-04-14T20:06:15,-7,-27170,-283,5097,5097,11017,4409,4433,0,0,0,0,9132,0,7200,7200,7200,7200,-8
2026-04-14T20:06:19,-8,-27140,-257,5099,5099,11406,4571,4581,0,0,0,0,9132,0,7200,7200,7200,7200,-7
2026-04-14T20:06:25,-8,-27101,-229,5102,5102,11458,4548,4577,0,0,0,0,9132,0,7200,7200,7200,7200,-8
2026-04-14T20:06:28,-7,-27074,-204,5104,5104,11450,4366,4396,0,0,0,0,9132,0,7200,7200,7200,7200,-7
2026-04-14T20:06:35,-7,-27033,-176,5107,5107,11678,4421,4444,0,0,0,0,9132,0,7200,7200,7200,7200,-7
2026-04-14T20:06:39,-8,-27003,-151,5109,5109,11722,4510,4571,0,0,0,0,9132,0,7200,7200,7200,7200,-8
2026-04-14T20:06:44,-8,-26971,-126,5112,5112,11714,4570,4593,0,0,0,0,9132,0,7200,7200,7200,7200,-7
2026-04-14T20:06:50,-8,-26932,-98,5114,5115,11714,4566,4612,0,0,0,0,9132,0,7200,7200,7200,7200,-7
2026-04-14T20:06:55,-8,-26897,-72,5117,5117,11850,7125,7186,0,0,0,0,9132,0,7200,7200,7200,7200,-8
2026-04-14T20:07:00,-8,-26866,-46,5120,5120,11938,6407,6421,0,0,0,0,9132,0,7200,7200,7200,7200,-8
2026-04-14T20:07:04,-8,-26834,-20,5122,5122,12000,6631,6661,0,0,0,0,9132,0,7200,7200,7200,7200,-8
2026-04-14T20:07:09,-8,-26797,7,5124,5124,12000,6559,6582,0,0,0,0,9132,0,7200,7200,7200,7200,-8
2026-04-14T20:07:15,-8,-26761,34,5127,5127,12000,6499,6547,0,0,0,0,9132,0,7200,7200,7200,7200,-8
2026-04-14T20:07:20,-8,-26729,60,5130,5130,12000,6373,6403,0,0,0,0,9132,0,7200,7200,7200,7200,-8
2026-04-14T20:07:24,-8,-26698,85,5132,5132,12000,6633,6672,0,0,0,0,9132,0,7200,7200,7200,7200,-8
2026-04-14T20:07:30,-8,-26659,112,5135,5135,12000,6604,6641,0,0,0,0,9132,0,7200,7200,7200,7200,-8
2026-04-14T20:07:34,-8,-26626,139,5137,5137,12000,6555,6585,0,0,0,0,9132,0,7200,7200,7200,7200,-8
2026-04-14T20:07:39,-8,-26592,165,5139,5139,12000,6460,6497,0,0,0,0,9132,0,7200,7200,7200,7200,-8
2026-04-14T20:07:44,-8,-26560,191,5142,5142,12000,6393,6422,0,0,0,0,9132,0,7200,7200,7200,7200,-8
2026-04-14T20:07:49,-8,-26525,217,5144,5144,12000,6336,6372,0,0,0,0,9132,0,7200,7200,7200,7200,-8
2026-04-14T20:07:54,-8,-26492,244,5147,5147,12000,6487,6554,0,0,0,0,9132,0,7200,7200,7200,7200,-8
2026-04-14T20:08:00,-8,-26453,271,5150,5150,12000,6437,6490,0,0,0,0,9132,0,7200,7200,7200,7200,-8
2026-04-14T20:08:04,-7,-26424,296,5152,5152,12000,4497,4517,0,0,0,0,9132,0,7200,7200,7200,7200,-7
2026-04-14T20:08:10,-7,-26387,323,5155,5155,12000,4291,4320,0,0,0,0,9132,0,7200,7200,7200,7200,-7
2026-04-14T20:08:14,-8,-26351,351,5157,5157,12000,4424,4463,0,0,0,0,9132,0,7200,7200,7200,7200,-7
2026-04-14T20:08:20,-8,-26317,376,5160,5160,12000,4426,4457,0,0,0,0,9132,0,7200,7200,7200,7200,-8
2026-04-14T20:08:24,-7,-26284,403,5162,5162,12000,4535,4592,0,0,0,0,9132,0,7200,7200,7200,7200,-8
2026-04-14T20:08:29,-7,-26251,428,5165,5165,12000,4374,4410,0,0,0,0,9132,0,7200,7200,7200,7200,-7
2026-04-14T20:08:34,-8,-26220,455,5167,5167,12000,4443,4461,0,0,0,0,9132,0,7200,7200,7200,7200,-7
2026-04-14T20:08:39,-8,-26183,481,5169,5169,12000,4673,4614,0,0,0,0,9132,0,7200,7200,7200,7200,-8
2026-04-14T20:08:44,-8,-26150,507,5172,5172,12000,4605,4630,0,0,0,0,9132,0,7200,7200,7200,7200,-7
2026-04-14T20:08:50,-8,-26115,534,5175,5175,12000,4445,4491,0,0,0,0,9132,0,7200,7200,7200,7200,-7
2026-04-14T20:08:55,-8,-26077,562,5177,5177,12000,4379,4423,0,0,0,0,9132,0,7200,7200,7200,7200,-7
2026-04-14T20:08:59,-8,-26048,586,5179,5179,12000,4626,4630,0,0,0,0,9132,0,7200,7200,7200,7200,-8
2026-04-14T20:09:05,-8,-26012,613,5182,5182,12000,4513,4554,0,0,0,0,9132,0,7200,7200,7200,7200,-8
2026-04-14T20:09:10,-8,-25980,639,5185,5185,12000,4571,4585,0,0,0,0,9132,0,7200,7200,7200,7200,-7
2026-04-14T20:09:15,-7,-25942,666,5187,5187,12000,4394,4424,0,0,0,0,9132,0,7200,7200,7200,7200,-7
2026-04-14T20:09:19,-8,-25909,692,5189,5189,12000,4397,4423,0,0,0,0,9132,0,7200,7200,7200,7200,-7
2026-04-14T20:09:24,-8,-25879,717,5192,5192,12000,4475,4506,0,0,0,0,9132,0,7200,7200,7200,7200,-8
2026-04-14T20:09:30,-8,-25843,744,5195,5195,12000,4534,4533,0,0,0,0,9132,0,7200,7200,7200,7200,-8
2026-04-14T20:09:34,-8,-25810,770,5197,5197,12000,4547,4577,0,0,0,0,9132,0,7200,7200,7200,7200,-8
2026-04-14T20:09:40,-7,-25773,797,5200,5200,12000,4409,4435,0,0,0,0,9132,0,7200,7200,7200,7200,-8
2026-04-14T20:09:44,-8,-25742,822,5202,5202,12000,4414,4450,0,0,0,0,9132,0,7200,7200,7200,7200,-8
2026-04-14T20:09:49,-8,-25710,849,5204,5204,12000,4538,4575,0,0,0,0,9132,0,7200,7200,7200,7200,-8
2026-04-14T20:09:54,-8,-25673,875,5207,5207,12000,4553,4583,0,0,0,0,9132,0,7200,7200,7200,7200,-8
2026-04-14T20:10:00,-8,-25636,903,5210,5210,12000,4573,4610,0,0,0,0,9132,0,7200,7200,7200,7200,-8
2026-04-14T20:10:05,-7,-25601,930,5212,5212,12000,4410,4448,0,0,0,0,9132,0,7200,7200,7200,7200,-7
2026-04-14T20:10:09,-7,-25569,955,5215,5214,12000,4435,4465,0,0,0,0,9132,0,7200,7200,7200,7200,-8
2026-04-14T20:10:14,-8,-25536,980,5217,5217,12000,4562,4585,0,0,0,0,9132,0,7200,7200,7200,7200,-8
2026-04-14T20:10:19,-8,-25502,1007,5219,5220,12000,4574,4619,0,0,0,0,9132,0,7200,7200,7200,7200,-8
2026-04-14T20:10:24,-7,-25472,1033,5222,5222,12000,4429,4466,0,0,0,0,9132,0,7200,7200,7200,7200,-7
2026-04-14T20:10:29,-8,-25437,1059,5224,5224,12000,4422,4468,0,0,0,0,9132,0,7200,7200,7200,7200,-8
2026-04-14T20:10:34,-8,-25402,1086,5227,5227,12000,4558,4594,0,0,0,0,9132,0,7200,7200,7200,7200,-8
2026-04-14T20:10:39,-8,-25367,1113,5229,5229,12000,4485,4533,0,0,0,0,9132,0,7200,7200,7200,7200,-8
2026-04-14T20:10:45,-8,-25329,1139,5232,5232,12000,4518,4535,0,0,0,0,9132,0,7200,7200,7200,7200,-8
2026-04-14T20:10:49,-8,-25300,1164,5234,5234,12000,4377,4425,0,0,0,0,9132,0,7200,7200,7200,7200,-8
2026-04-14T20:10:54,-8,-25266,1191,5237,5237,12000,4367,4406,0,0,0,0,9132,0,7200,7200,7200,7200,-8
2026-04-14T20:10:59,-8,-25232,1217,5239,5239,12000,4542,4589,0,0,0,0,9132,0,7200,7200,7200,7200,-8
2026-04-14T20:11:04,-8,-25192,1246,5242,5242,12000,4498,4543,0,0,0,0,9132,0,7200,7200,7200,7200,-8
2026-04-14T20:11:09,-7,-25162,1271,5244,5244,12000,4505,4551,0,0,0,0,9132,0,7200,7200,7200,7200,-8
2026-04-14T20:11:15,-7,-25124,1294,5247,5247,12000,4387,4402,0,0,0,0,9132,0,7200,7200,7200,7200,-8
2026-04-14T20:11:20,-8,-25091,1319,5250,5250,12000,4597,4635,0,0,0,0,9132,0,7200,7200,7200,7200,-8
2026-04-14T20:11:24,-8,-25062,1345,5252,5252,12000,4449,4503,0,0,0,0,9132,0,7200,7200,7200,7200,-8
2026-04-14T20:11:29,-8,-25027,1371,5254,5254,12000,4453,4491,0,0,0,0,9132,0,7200,7200,7200,7200,-8
2026-04-14T20:11:34,-7,-24992,1398,5257,5257,12000,4463,4476,0,0,0,0,9132,0,7200,7200,7200,7200,-7
2026-04-14T20:11:39,-7,-24959,1424,5259,5259,12000,4339,4362,0,0,0,0,9132,0,7200,7200,7200,7200,-7
2026-04-14T20:11:44,-7,-24920,1452,5262,5262,12000,4332,4378,0,0,0,0,9132,0,7200,7200,7200,7200,-8
2026-04-14T20:11:49,-8,-24891,1476,5264,5264,12000,4478,4508,0,0,0,0,9132,0,7200,7200,7200,7200,-7
2026-04-14T20:11:54,-7,-24857,1503,5267,5267,12000,4469,4492,0,0,0,0,9132,0,7200,7200,7200,7200,-8
2026-04-14T20:11:59,-7,-24822,1529,5269,5269,12000,4333,4370,0,0,0,0,9132,0,7200,7200,7200,7200,-7
2026-04-14T20:12:04,-7,-24787,1556,5272,5272,12000,4354,4377,0,0,0,0,9132,0,7200,7200,7200,7200,-7
2026-04-14T20:12:09,-8,-24753,1582,5274,5274,12000,4455,4475,0,0,0,0,9132,0,7200,7200,7200,7200,-8
2026-04-14T20:12:15,-8,-24715,1609,5277,5277,12000,4516,4525,0,0,0,0,9132,0,7200,7200,7200,7200,-8
2026-04-14T20:12:19,-7,-24686,1634,5279,5279,12000,4521,4551,0,0,0,0,9132,0,7200,7200,7200,7200,-8
2026-04-14T20:12:29,-7,NaN,1662,5284,5284,12000,NaN,NaN,0,0,NaN,NaN,9132,0,7200,7200,7200,7200,-7
2026-04-14T20:12:31,-8,-24603,1698,5285,5285,12000,4308,4331,0,0,0,0,9132,0,7200,7200,7200,7200,-8
2026-04-14T20:12:36,-8,-24572,1724,5288,5288,12000,4413,4450,0,0,0,0,9132,0,7200,7200,7200,7200,-8
2026-04-14T20:12:41,-8,-24533,1751,5290,5290,12000,4445,4475,0,0,0,0,9132,0,7200,7200,7200,7200,-8
2026-04-14T20:12:46,-8,-24502,1777,5293,5293,12000,4319,4349,0,0,0,0,9132,0,7200,7200,7200,7200,-7
2026-04-14T20:12:51,-7,-24468,1803,5295,5295,12000,4317,4354,0,0,0,0,9132,0,7200,7200,7200,7200,-7
2026-04-14T20:12:57,-8,-24431,1829,5298,5298,12000,4503,4549,0,0,0,0,9132,0,7200,7200,7200,7200,-8
2026-04-14T20:13:01,-8,-24400,1855,5300,5300,12000,4503,4525,0,0,0,0,9132,0,7200,7200,7200,7200,-8
2026-04-14T20:13:06,-8,-24365,1878,5303,5303,12000,4496,4523,0,0,0,0,9132,0,7200,7200,7200,7200,-8
2026-04-14T20:13:12,-8,-24328,1905,5306,5306,12000,4326,4349,0,0,0,0,9132,0,7200,7200,7200,7200,-7
2026-04-14T20:13:17,-8,-24294,1931,5308,5308,12000,4332,4375,0,0,0,0,9132,0,7200,7200,7200,7200,-7
2026-04-14T20:13:21,-8,-24262,1957,5310,5310,12000,4553,4591,0,0,0,0,9132,0,7200,7200,7200,7200,-8
2026-04-14T20:13:26,-7,-24228,1984,5313,5313,12000,4560,4577,0,0,0,0,9132,0,7200,7200,7200,7200,-7
2026-04-14T20:13:31,-8,-24196,2009,5315,5315,12000,4419,4438,0,0,0,0,9132,0,7200,7200,7200,7200,-7
2026-04-14T20:13:37,-8,-24159,2036,5318,5318,12000,4363,4395,0,0,0,0,9132,0,7200,7200,7200,7200,-7
2026-04-14T20:13:41,-8,-24124,2063,5320,5320,12000,4558,4579,0,0,0,0,9132,0,7200,7200,7200,7200,-8
2026-04-14T20:13:47,-8,-24091,2089,5323,5323,12000,4452,4482,0,0,0,0,9132,0,7200,7200,7200,7200,-8
2026-04-14T20:13:51,-7,-24059,2115,5325,5325,12000,4402,4431,0,0,0,0,9132,0,7200,7200,7200,7200,-8
2026-04-14T20:13:56,-7,-24024,2141,5328,5328,12000,4368,4391,0,0,0,0,9132,0,7200,7200,7200,7200,-7
2026-04-14T20:14:01,-7,-23989,2168,5330,5330,12000,4323,4378,0,0,0,0,9132,0,7200,7200,7200,7200,-7
2026-04-14T20:14:06,-8,-23957,2194,5333,5333,12000,4454,4462,0,0,0,0,9132,0,7200,7200,7200,7200,-8
2026-04-14T20:14:11,-8,-23924,2220,5335,5335,12000,4487,4528,0,0,0,0,9132,0,7200,7200,7200,7200,-8
2026-04-14T20:14:16,-8,-23888,2247,5338,5338,12000,4509,4530,0,0,0,0,9132,0,7200,7200,7200,7200,-8
2026-04-14T20:14:22,-7,-23851,2275,5341,5341,12000,4404,4395,0,0,0,0,9132,0,7200,7200,7200,7200,-7
2026-04-14T20:14:26,-8,-23821,2299,5343,5343,12000,4386,4425,0,0,0,0,9132,0,7200,7200,7200,7200,-8
2026-04-14T20:14:32,-8,-23782,2327,5346,5346,12000,4553,4591,0,0,0,0,9132,0,7200,7200,7200,7200,-8
2026-04-14T20:14:37,-7,-23748,2352,5348,5348,12000,4562,4597,0,0,0,0,9132,0,7200,7200,7200,7200,-7
2026-04-14T20:14:41,-7,-23717,2379,5350,5350,12000,4553,4604,0,0,0,0,9132,0,7200,7200,7200,7200,-8
2026-04-14T20:14:46,-8,-23685,2405,5353,5353,12000,4383,4422,0,0,0,0,9132,0,7200,7200,7200,7200,-8
2026-04-14T20:14:51,-7,-23648,2431,5355,5355,12000,4396,4426,0,0,0,0,9132,0,7200,7200,7200,7200,-8
2026-04-14T20:14:56,-5,-23614,2458,5358,5358,12000,4587,4617,0,0,0,0,9132,0,7200,7200,7200,7200,-4
2026-04-14T20:15:01,-4,-23582,2483,5360,5360,12000,4433,4470,0,0,0,0,9132,0,7200,7200,7200,7200,-4
2026-04-14T20:15:06,-4,-23544,2511,5363,5363,12000,4361,4397,0,0,0,0,9132,0,7200,7200,7200,7200,-4
2026-04-14T20:15:11,-4,-23513,2536,5365,5365,12000,4565,4591,0,0,0,0,9132,0,7200,7200,7200,7200,-4
2026-04-14T20:15:16,-4,-23477,2564,5368,5368,12000,4442,4463,0,0,0,0,9132,0,7200,7200,7200,7200,-4
2026-04-14T20:15:21,-4,-23445,2589,5370,5370,12000,4466,4495,0,0,0,0,9132,0,7200,7200,7200,7200,-4
2026-04-14T20:15:26,-4,-23409,2616,5373,5373,12000,4460,4490,0,0,0,0,9132,0,7200,7200,7200,7200,-4
2026-04-14T20:15:31,-4,-23377,2637,5375,5375,12000,4444,4473,0,0,0,0,9132,0,7200,7200,7200,7200,-4
2026-04-14T20:15:36,-4,-23341,2665,5378,5378,12000,4482,4514,0,0,0,0,9132,0,7200,7200,7200,7200,-4
2026-04-14T20:15:42,-4,-23307,2691,5381,5381,12000,4460,4490,0,0,0,0,9132,0,7200,7200,7200,7200,-4
2026-04-14T20:15:46,-4,-23275,2716,5383,5383,12000,4463,4511,0,0,0,0,9132,0,7200,7200,7200,7200,-4
2026-04-14T20:15:51,-4,-23238,2743,5385,5385,12000,4486,4478,0,0,0,0,9132,0,7200,7200,7200,7200,-4
2026-04-14T20:15:57,-4,-23204,2765,5388,5388,12000,4491,4515,0,0,0,0,9132,0,7200,7200,7200,7200,-4
2026-04-14T20:16:02,-4,-23167,2792,5391,5391,12000,4480,4522,0,0,0,0,9132,0,7200,7200,7200,7200,-4
2026-04-14T20:16:06,-4,-23138,2817,5393,5393,12000,4510,4564,0,0,0,0,9132,0,7200,7200,7200,7200,-4
2026-04-14T20:16:11,-4,-23104,2844,5395,5395,12000,4509,4546,0,0,0,0,9132,0,7200,7200,7200,7200,-4
2026-04-14T20:16:16,-4,-23071,2871,5398,5398,12000,4493,4516,0,0,0,0,9132,0,7200,7200,7200,7200,-4
2026-04-14T20:16:22,-4,-23034,2897,5400,5400,12000,4480,4517,0,0,0,0,9132,0,7200,7200,7200,7200,-4
2026-04-14T20:16:26,-4,-23002,2922,5403,5403,12000,4517,4551,0,0,0,0,9132,0,7200,7200,7200,7200,-4
2026-04-14T20:16:31,-4,-22968,2949,5405,5405,12000,4451,4497,0,0,0,0,9132,0,7200,7200,7200,7200,-4
2026-04-14T20:16:37,-4,-22928,2976,5408,5408,12000,4477,4474,0,0,0,0,9132,0,7200,7200,7200,7200,-4
2026-04-14T20:16:42,-4,-22894,3003,5411,5411,12000,4457,4487,0,0,0,0,9132,0,7200,7200,7200,7200,-4
2026-04-14T20:16:47,-4,-22862,3029,5413,5413,12000,4518,4564,0,0,0,0,9132,0,7200,7200,7200,7200,-4
2026-04-14T20:16:52,-4,-22827,3056,5416,5416,12000,4527,4591,0,0,0,0,9132,0,7200,7200,7200,7200,-4
2026-04-14T20:16:57,-4,-22793,3082,5418,5418,12000,4562,4598,0,0,0,0,9132,0,7200,7200,7200,7200,-4
2026-04-14T20:17:01,-4,-22762,3108,5420,5420,12000,4580,4610,0,0,0,0,9132,0,7200,7200,7200,7200,-4
2026-04-14T20:17:06,-4,-22728,3134,5423,5423,12000,4583,4617,0,0,0,0,9132,0,7200,7200,7200,7200,-4
2026-04-14T20:17:11,-4,-22696,3159,5425,5425,12000,4598,4620,0,0,0,0,9132,0,7200,7200,7200,7200,-4
2026-04-14T20:17:17,-4,-22657,3187,5428,5428,12000,4592,4613,0,0,0,0,9132,0,7200,7200,7200,7200,-4
2026-04-14T20:17:21,-4,-22626,3213,5430,5430,12000,4623,4660,0,0,0,0,9132,0,7200,7200,7200,7200,-4
2026-04-14T20:17:26,-4,-22592,3239,5433,5433,12000,4644,4695,0,0,0,0,9132,0,7200,7200,7200,7200,-4
2026-04-14T20:17:31,-4,-22558,3266,5435,5435,12000,4653,4676,0,0,0,0,9132,0,7200,7200,7200,7200,-4
2026-04-14T20:17:37,-4,-22520,3292,5438,5438,12000,4678,4708,0,0,0,0,9132,0,7200,7200,7200,7200,-4
2026-04-14T20:17:42,-4,-22488,3318,5441,5441,12000,4689,4619,0,0,0,0,9132,0,7200,7200,7200,7200,-4
2026-04-14T20:17:46,-4,-22454,3344,5443,5443,12000,4436,4474,0,0,0,0,9132,0,7200,7200,7200,7200,-4
2026-04-14T20:17:51,-4,-22422,3369,5445,5445,12000,4431,4467,0,0,0,0,9132,0,7200,7200,7200,7200,-4
2026-04-14T20:17:56,-4,-22387,3389,5448,5448,12000,4434,4464,0,0,0,0,9132,0,7200,7200,7200,7200,-4
2026-04-14T20:18:01,-5,-22354,3415,5450,5450,12000,4445,4496,0,0,0,0,9132,0,7200,7200,7200,7200,-6
2026-04-14T20:18:06,-7,-22321,3441,5453,5453,12000,4460,4503,0,0,0,0,9132,0,7200,7200,7200,7200,-4
2026-04-14T20:18:12,-4,-22280,3469,5456,5456,12000,4554,4601,0,0,0,0,9132,0,7200,7200,7200,7200,-4
2026-04-14T20:18:16,-3,-22252,3494,5458,5458,12000,4494,4546,0,0,0,0,9132,0,7200,7200,7200,7200,-3
2026-04-14T20:18:21,-3,-22217,3521,5461,5461,12000,4503,4535,0,0,0,0,9132,0,7200,7200,7200,7200,-3
2026-04-14T20:18:27,-3,-22178,3548,5463,5463,12000,4433,4465,0,0,0,0,9132,0,7200,7200,7200,7200,-3
2026-04-14T20:18:31,-3,-22148,3574,5465,5465,12000,4472,4494,0,0,0,0,9132,0,7200,7200,7200,7200,-3
2026-04-14T20:18:36,-3,-22114,3601,5468,5468,12000,4559,4583,0,0,0,0,9132,0,7200,7200,7200,7200,-3
2026-04-14T20:18:41,-3,-22082,3625,5470,5470,12000,4567,4616,0,0,0,0,9132,0,7200,7200,7200,7200,-3
2026-04-14T20:18:46,-3,-22048,3652,5473,5473,12000,4559,4618,0,0,0,0,9132,0,7200,7200,7200,7200,-3
2026-04-14T20:18:51,-3,-22013,3678,5475,5475,12000,4438,4468,0,0,0,0,9132,0,7200,7200,7200,7200,-3
2026-04-14T20:18:56,-3,-21980,3704,5478,5478,12000,4441,4470,0,0,0,0,9132,0,7200,7200,7200,7200,-3
2026-04-14T20:19:01,-3,-21946,3731,5480,5480,12000,4608,4646,0,0,0,0,9132,0,7200,7200,7200,7200,-4
2026-04-14T20:19:06,-3,-21912,3757,5483,5483,12000,4584,4623,0,0,0,0,9132,0,7200,7200,7200,7200,-3
2026-04-14T20:19:11,-3,-21876,3784,5485,5485,12000,4458,4495,0,0,0,0,9132,0,7200,7200,7200,7200,-3
2026-04-14T20:19:17,-3,-21842,3811,5488,5488,12000,4498,4521,0,0,0,0,9132,0,7200,7200,7200,7200,-3
2026-04-14T20:19:21,-3,-21809,3837,5490,5490,12000,4710,4730,0,0,0,0,9132,0,7200,7200,7200,7200,-3
2026-04-14T20:19:26,-3,-21773,3863,5493,5493,12000,4656,4672,0,0,0,0,9132,0,7200,7200,7200,7200,-3
2026-04-14T20:19:32,-3,-21737,3891,5496,5496,12000,4655,4696,0,0,0,0,9132,0,7200,7200,7200,7200,-3
2026-04-14T20:19:37,-3,-21703,3917,5498,5498,12000,4464,4494,0,0,0,0,9132,0,7200,7200,7200,7200,-3
2026-04-14T20:19:41,-3,-21671,3941,5500,5500,12000,4456,4486,0,0,0,0,9132,0,7200,7200,7200,7200,-3
2026-04-14T20:19:46,-4,-21636,3969,5503,5503,12000,4605,4645,0,0,0,0,9132,0,7200,7200,7200,7200,-3
2026-04-14T20:19:51,-3,-21602,3995,5506,5506,12000,4635,4668,0,0,0,0,9132,0,7200,7200,7200,7200,-3
2026-04-14T20:19:57,-3,-21568,4022,5508,5508,12000,4619,4642,0,0,0,0,9132,0,7200,7200,7200,7200,-3
2026-04-14T20:20:01,-3,-21537,4047,5510,5510,12000,4456,4486,0,0,0,0,9132,0,7200,7200,7200,7200,-3
2026-04-14T20:20:06,-4,-21500,4070,5513,5513,12000,4671,4692,0,0,0,0,9132,0,7200,7200,7200,7200,-3
2026-04-14T20:20:11,-3,-21467,4097,5515,5515,12000,4617,4655,0,0,0,0,9132,0,7200,7200,7200,7200,-3
2026-04-14T20:20:16,-3,-21434,4122,5518,5518,12000,4650,4675,0,0,0,0,9132,0,7200,7200,7200,7200,-3
2026-04-14T20:20:21,-3,-21397,4149,5521,5521,12000,4579,4487,0,0,0,0,9132,0,7200,7200,7200,7200,-3
2026-04-14T20:20:26,-3,-21365,4175,5523,5523,12000,4486,4516,0,0,0,0,9132,0,7200,7200,7200,7200,-3
2026-04-14T20:20:31,-3,-21332,4201,5525,5525,12000,4467,4505,0,0,0,0,9132,0,7200,7200,7200,7200,-3
2026-04-14T20:20:36,-3,-21299,4227,5528,5528,12000,4676,4686,0,0,0,0,9132,0,7200,7200,7200,7200,-3
2026-04-14T20:20:41,-4,-21263,4253,5530,5530,12000,4645,4672,0,0,0,0,9132,0,7200,7200,7200,7200,-4
2026-04-14T20:20:46,-3,-21227,4281,5533,5533,12000,4422,4434,0,0,0,0,9132,0,7200,7200,7200,7200,-3
2026-04-14T20:20:51,-3,-21194,4307,5536,5536,12000,4450,4470,0,0,0,0,9132,0,7200,7200,7200,7200,-3
2026-04-14T20:20:56,-3,-21160,4333,5538,5538,12000,4664,4684,0,0,0,0,9132,0,7200,7200,7200,7200,-3
2026-04-14T20:21:01,-3,-21125,4359,5541,5540,12000,4668,4715,0,0,0,0,9132,0,7200,7200,7200,7200,-3
2026-04-14T20:21:07,-4,-21092,4385,5543,5543,12000,4680,4700,0,0,0,0,9132,0,7200,7200,7200,7200,-3
2026-04-14T20:21:11,-3,-21060,4411,5545,5545,12000,4487,4510,0,0,0,0,9132,0,7200,7200,7200,7200,-3
2026-04-14T20:21:16,-3,-21024,4438,5548,5548,12000,4475,4503,0,0,0,0,9132,0,7200,7200,7200,7200,-3
2026-04-14T20:21:21,-3,-20989,4465,5550,5550,12000,4698,4734,0,0,0,0,9132,0,7200,7200,7200,7200,-3
2026-04-14T20:21:26,-4,-20956,4490,5553,5553,12000,4633,4679,0,0,0,0,9132,0,7200,7200,7200,7200,-3
2026-04-14T20:21:32,-3,-20916,4519,5556,5556,12000,4479,4498,0,0,0,0,9132,0,7200,7200,7200,7200,-3
2026-04-14T20:21:36,-3,-20888,4543,5558,5558,12000,4491,4529,0,0,0,0,9132,0,7200,7200,7200,7200,-3
2026-04-14T20:21:41,-3,-20852,4570,5561,5561,12000,4738,4743,0,0,0,0,9132,0,7200,7200,7200,7200,-3
2026-04-14T20:21:46,-4,-20822,4596,5563,5563,12000,4621,4651,0,0,0,0,9132,0,7200,7200,7200,7200,-3
2026-04-14T20:21:51,-3,-20783,4623,5566,5566,12000,4638,4677,0,0,0,0,9132,0,7200,7200,7200,7200,-4
2026-04-14T20:21:57,-3,-20747,4649,5568,5568,12000,4481,4541,0,0,0,0,9132,0,7200,7200,7200,7200,-3
2026-04-14T20:22:02,-3,-20715,4671,5571,5571,12000,4508,4541,0,0,0,0,9132,0,7200,7200,7200,7200,-3
2026-04-14T20:22:07,-4,-20680,4697,5573,5573,12000,4603,4633,0,0,0,0,9132,0,7200,7200,7200,7200,-3
2026-04-14T20:22:12,-3,-20645,4724,5576,5576,12000,4573,4613,0,0,0,0,9132,0,7200,7200,7200,7200,-3
2026-04-14T20:22:17,-3,-20613,4750,5578,5578,12000,4540,4565,0,0,0,0,9132,0,7200,7200,7200,7200,-3
2026-04-14T20:22:21,-3,-20582,4776,5580,5580,12000,4403,4442,0,0,0,0,9132,0,7200,7200,7200,7200,-3
2026-04-14T20:22:26,-3,-20547,4803,5583,5583,12000,4402,4442,0,0,0,0,9132,0,7200,7200,7200,7200,-4
2026-04-14T20:22:31,-3,-20511,4829,5586,5585,12000,4537,4567,0,0,0,0,9132,0,7200,7200,7200,7200,-3
2026-04-14T20:22:36,-3,-20478,4855,5588,5588,12000,4578,4600,0,0,0,0,9132,0,7200,7200,7200,7200,-3
2026-04-14T20:22:42,-3,-20439,4883,5591,5591,12000,4654,4660,0,0,0,0,9132,0,7200,7200,7200,7200,-3
2026-04-14T20:22:47,-3,-20407,4908,5593,5593,12000,4502,4547,0,0,0,0,9132,0,7200,7200,7200,7200,-3
2026-04-14T20:22:51,-3,-20373,4936,5596,5596,12000,4431,4478,0,0,0,0,9132,0,7200,7200,7200,7200,-3
2026-04-14T20:22:57,-3,-20339,4961,5598,5598,12000,4449,4480,0,0,0,0,9132,0,7200,7200,7200,7200,-3
2026-04-14T20:23:02,-3,-20305,4989,5601,5601,12000,4464,4488,0,0,0,0,9132,0,7200,7200,7200,7200,-3
2026-04-14T20:23:07,-3,-20270,5014,5603,5603,12000,4383,4433,0,0,0,0,9132,0,7200,7200,7200,7200,-3
2026-04-14T20:23:12,-3,-20236,5041,5606,5606,12000,4460,4549,0,0,0,0,9132,0,7200,7200,7200,7200,-3
2026-04-14T20:23:16,-3,-20207,5065,5608,5608,12000,4509,4556,0,0,0,0,9132,0,7200,7200,7200,7200,-3
2026-04-14T20:23:21,-3,-20173,5091,5610,5610,12000,4485,4522,0,0,0,0,9132,0,7200,7200,7200,7200,-3
2026-04-14T20:23:27,-3,-20135,5119,5613,5613,12000,4525,4548,0,0,0,0,9132,0,7200,7200,7200,7200,-3
2026-04-14T20:23:31,-3,-20104,5144,5615,5615,12000,4494,4529,0,0,0,0,9132,0,7200,7200,7200,7200,-3
2026-04-14T20:23:37,-3,-20067,5172,5618,5618,12000,4511,4523,0,0,0,0,9132,0,7200,7200,7200,7200,-3
2026-04-14T20:23:42,-3,-20032,5194,5621,5621,12000,4493,4523,0,0,0,0,9132,0,7200,7200,7200,7200,-3
2026-04-14T20:23:46,-3,-19999,5220,5623,5623,12000,4575,4591,0,0,0,0,9132,0,7200,7200,7200,7200,-3
2026-04-14T20:23:51,-3,-19968,5246,5625,5625,12000,4521,4558,0,0,0,0,9132,0,7200,7200,7200,7200,-3
2026-04-14T20:23:56,-3,-19935,5272,5628,5628,12000,4540,4563,0,0,0,0,9132,0,7200,7200,7200,7200,-3
2026-04-14T20:24:01,-3,-19898,5299,5631,5630,12000,4559,4596,0,0,0,0,9132,0,7200,7200,7200,7200,-3
2026-04-14T20:24:06,-3,-19863,5326,5633,5633,12000,4561,4613,0,0,0,0,9132,0,7200,7200,7200,7200,-3
2026-04-14T20:24:12,-3,-19827,5352,5636,5636,12000,4537,4560,0,0,0,0,9132,0,7200,7200,7200,7200,-3
2026-04-14T20:24:16,-3,-19800,5377,5638,5638,12000,4540,4571,0,0,0,0,9132,0,7200,7200,7200,7200,-3
2026-04-14T20:24:22,-3,-19759,5405,5641,5641,12000,4607,4641,0,0,0,0,9132,0,7200,7200,7200,7200,-3
2026-04-14T20:24:26,-3,-19729,5429,5643,5643,12000,4641,4664,0,0,0,0,9132,0,7200,7200,7200,7200,-3
2026-04-14T20:24:31,-3,-19696,5453,5645,5645,12000,4633,4663,0,0,0,0,9132,0,7200,7200,7200,7200,-3
2026-04-14T20:24:36,-3,-19661,5478,5648,5648,12000,4633,4675,0,0,0,0,9132,0,7200,7200,7200,7200,-3
2026-04-14T20:24:42,-3,-19622,5507,5651,5651,12000,4694,4724,0,0,0,0,9132,0,7200,7200,7200,7200,-3
2026-04-14T20:24:46,-3,-19593,5531,5653,5653,12000,4604,4625,0,0,0,0,9132,0,7200,7200,7200,7200,-3
2026-04-14T20:24:52,-3,-19553,5560,5656,5656,12000,4589,4630,0,0,0,0,9132,0,7200,7200,7200,7200,-3
2026-04-14T20:24:57,-3,-19520,5585,5658,5658,12000,4612,4651,0,0,0,0,9132,0,7200,7200,7200,7200,-3
2026-04-14T20:25:01,-3,-19491,5610,5660,5660,12000,4643,4681,0,0,0,0,9132,0,7200,7200,7200,7200,-3
2026-04-14T20:25:07,-3,-19455,5638,5663,5663,12000,4658,4700,0,0,0,0,9132,0,7200,7200,7200,7200,-3
2026-04-14T20:25:11,-3,-19421,5664,5666,5666,12000,4687,4717,0,0,0,0,9132,0,7200,7200,7200,7200,-3
2026-04-14T20:25:17,-3,-19386,5690,5668,5668,12000,4387,4417,0,0,0,0,9132,0,7200,7200,7200,7200,-3
2026-04-14T20:25:21,-3,-19353,5717,5670,5670,12000,4427,4469,0,0,0,0,9132,0,7200,7200,7200,7200,-3
2026-04-14T20:25:27,-3,-19319,5743,5673,5673,12000,4455,4478,0,0,0,0,9132,0,7200,7200,7200,7200,-3
2026-04-14T20:25:32,-3,-19283,5769,5676,5676,12000,4448,4462,0,0,0,0,9132,0,7200,7200,7200,7200,-3
2026-04-14T20:25:36,-3,-19250,5795,5678,5678,12000,4427,4457,0,0,0,0,9132,0,7200,7200,7200,7200,-3
2026-04-14T20:25:42,-3,-19215,5821,5681,5681,12000,4525,4536,0,0,0,0,9132,0,7200,7200,7200,7200,-3
2026-04-14T20:25:46,-3,-19186,5847,5683,5683,12000,4503,4533,0,0,0,0,9132,0,7200,7200,7200,7200,-3
2026-04-14T20:25:51,-3,-19147,5874,5686,5686,12000,4538,4554,0,0,0,0,9132,0,7200,7200,7200,7200,-3
2026-04-14T20:25:56,-3,-19115,5900,5688,5688,12000,4534,4579,0,0,0,0,9132,0,7200,7200,7200,7200,-3
2026-04-14T20:26:02,-3,-19078,5929,5691,5691,12000,4505,4552,0,0,0,0,9132,0,7200,7200,7200,7200,-3
2026-04-14T20:26:07,-3,-19047,5952,5693,5693,12000,4435,4458,0,0,0,0,9132,0,7200,7200,7200,7200,-3
2026-04-14T20:26:11,-3,-19012,5980,5696,5696,12000,4417,4467,0,0,0,0,9132,0,7200,7200,7200,7200,-3
2026-04-14T20:26:17,-3,-18977,6005,5698,5698,12000,4604,4625,0,0,0,0,9132,0,7200,7200,7200,7200,-3
2026-04-14T20:26:22,-3,-18945,6028,5701,5701,12000,4616,4646,0,0,0,0,9132,0,7200,7200,7200,7200,-3
2026-04-14T20:26:27,-3,-18906,6055,5703,5703,12000,4597,4621,0,0,0,0,9132,0,7200,7200,7200,7200,-3
2026-04-14T20:26:32,-3,-18873,6081,5706,5706,12000,4505,4542,0,0,0,0,9132,0,7200,7200,7200,7200,-3
2026-04-14T20:26:36,-3,-18842,6106,5708,5708,12000,4486,4525,0,0,0,0,9132,0,7200,7200,7200,7200,-3
2026-04-14T20:26:41,-3,-18810,6133,5710,5710,12000,4612,4648,0,0,0,0,9132,0,7200,7200,7200,7200,-3
2026-04-14T20:26:46,-3,-18774,6159,5713,5713,12000,4643,4672,0,0,0,0,9132,0,7200,7200,7200,7200,-3
2026-04-14T20:26:51,-3,-18739,6186,5715,5715,12000,4645,4668,0,0,0,0,9132,0,7200,7200,7200,7200,-3
2026-04-14T20:26:56,-3,-18706,6213,5718,5718,12000,4533,4589,0,0,0,0,9132,0,7200,7200,7200,7200,-3
2026-04-14T20:27:01,-3,-18670,6239,5721,5721,12000,4703,4739,0,0,0,0,9132,0,7200,7200,7200,7200,-3
2026-04-14T20:27:06,-3,-18638,6264,5723,5723,12000,4639,4668,0,0,0,0,9132,0,7200,7200,7200,7200,-3
2026-04-14T20:27:12,-4,-18599,6293,5726,5726,12000,4655,4707,0,0,0,0,9132,0,7200,7200,7200,7200,-3
2026-04-14T20:27:16,-3,-18571,6317,5728,5728,12000,4663,4702,0,0,0,0,9132,0,7200,7200,7200,7200,-3
2026-04-14T20:27:21,-3,-18533,6345,5731,5731,12000,4551,4601,0,0,0,0,9132,0,7200,7200,7200,7200,-3
2026-04-14T20:27:27,-3,-18497,6371,5733,5733,12000,4674,4702,0,0,0,0,9132,0,7200,7200,7200,7200,-4
2026-04-14T20:27:31,-3,-18466,6397,5736,5736,12000,4724,4736,0,0,0,0,9132,0,7200,7200,7200,7200,-3
2026-04-14T20:27:41,NaN,-18398,6447,5740,5740,12000,4515,4543,NaN,NaN,0,0,9132,NaN,7200,7200,7200,7200,NaN
2026-04-14T20:27:44,-3,-18382,6461,5742,5742,12000,4551,4567,0,0,0,0,9132,0,7200,7200,7200,7200,-3
2026-04-14T20:27:48,-3,-18350,6486,5744,5744,12000,4832,4861,0,0,0,0,9132,0,7200,7200,7200,7200,-3
2026-04-14T20:27:53,-4,-18317,6512,5747,5746,12000,4708,4739,0,0,0,0,9132,0,7200,7200,7200,7200,-3
2026-04-14T20:27:58,-3,-18282,6539,5749,5749,12000,4741,4775,0,0,0,0,9132,0,7200,7200,7200,7200,-3
2026-04-14T20:28:03,-3,-18247,6565,5752,5752,12000,4575,4580,0,0,0,0,9132,0,7200,7200,7200,7200,-3
2026-04-14T20:28:09,-3,-18212,6592,5754,5754,12000,4561,4590,0,0,0,0,9132,0,7200,7200,7200,7200,-3
2026-04-14T20:28:13,-3,-18182,6618,5756,5756,12000,4554,4572,0,0,0,0,9132,0,7200,7200,7200,7200,-4
2026-04-14T20:28:19,-4,-18142,6645,5759,5759,12000,4654,4705,0,0,0,0,9132,0,7200,7200,7200,7200,-3
2026-04-14T20:28:24,-4,-18109,6671,5762,5762,12000,4646,4676,0,0,0,0,9132,0,7200,7200,7200,7200,-3
2026-04-14T20:28:29,-3,-18076,6698,5764,5764,12000,4466,4523,0,0,0,0,9132,0,7200,7200,7200,7200,-3
2026-04-14T20:28:33,-3,-18046,6723,5766,5766,12000,4484,4513,0,0,0,0,9132,0,7200,7200,7200,7200,-3
2026-04-14T20:28:39,-4,-18005,6751,5769,5769,12000,4602,4640,0,0,0,0,9132,0,7200,7200,7200,7200,-3
2026-04-14T20:28:43,-3,-17976,6776,5772,5772,12000,4658,4694,0,0,0,0,9132,0,7200,7200,7200,7200,-3
2026-04-14T20:28:49,-4,-17938,6803,5774,5774,12000,4364,4465,0,0,0,0,9132,0,7200,7200,7200,7200,-3
2026-04-14T20:28:53,-3,-17909,6829,5777,5776,12000,1581,1576,0,0,0,0,9132,0,7200,7200,7200,7200,-3
2026-04-14T20:28:58,-3,-17873,6854,5779,5779,12000,1487,1542,0,0,0,0,9132,0,7200,7200,7200,7200,-3
2026-04-14T20:29:03,-3,-17839,6881,5782,5782,12000,1731,1753,0,0,0,0,9132,0,7200,7200,7200,7200,-3
2026-04-14T20:29:09,-3,-17806,6908,5784,5784,12000,1758,1781,0,0,0,0,9132,0,7200,7200,7200,7200,-3
2026-04-14T20:29:13,-3,-17772,6934,5787,5787,12000,1616,1652,0,0,0,0,9132,0,7200,7200,7200,7200,-3
2026-04-14T20:29:19,-3,-17736,6960,5789,5789,12000,1592,1608,0,0,0,0,9132,0,7200,7200,7200,7200,-3
2026-04-14T20:29:24,-3,-17701,6987,5792,5792,12000,1722,1750,0,0,0,0,9132,0,7200,7200,7200,7200,-3
2026-04-14T20:29:29,-3,-17665,7014,5794,5794,12000,1665,1701,0,0,0,0,9132,0,7200,7200,7200,7200,-3
2026-04-14T20:29:34,-3,-17633,7039,5797,5797,12000,1690,1719,0,0,0,0,9132,0,7200,7200,7200,7200,-3
2026-04-14T20:29:39,-3,-17600,7066,5799,5799,12000,1426,1471,0,0,0,0,9132,0,7200,7200,7200,7200,-3
2026-04-14T20:29:43,-3,-17567,7092,5802,5802,12000,1504,1514,0,0,0,0,9132,0,7200,7200,7200,7200,-3
2026-04-14T20:29:49,-3,-17530,7119,5804,5804,12000,1711,1729,0,0,0,0,9132,0,7200,7200,7200,7200,-3
2026-04-14T20:29:54,-3,-17497,7144,5807,5807,12000,1692,1669,0,0,0,0,9132,0,7200,7200,7200,7200,-3
2026-04-14T20:30:00,-3,-17461,7172,5809,5809,12000,1688,1702,0,0,0,0,9132,0,7200,7200,7200,7200,-3
2026-04-14T20:30:04,-3,-17428,7198,5812,5812,12000,1534,1553,0,0,0,0,9132,0,7200,7200,7200,7200,-3
2026-04-14T20:30:09,-3,-17394,7225,5814,5814,12000,1500,1523,0,0,0,0,9132,0,7200,7200,7200,7200,-4
2026-04-14T20:30:13,-4,-17361,7250,5817,5817,12000,1572,1618,0,0,0,0,9132,0,7200,7200,7200,7200,-3
2026-04-14T20:30:18,-3,-17328,7276,5819,5819,12000,1519,1542,0,0,0,0,9132,0,7200,7200,7200,7200,-3
2026-04-14T20:30:23,-3,-17293,7303,5822,5822,12000,1641,1663,0,0,0,0,9132,0,7200,7200,7200,7200,-3
2026-04-14T20:30:28,-3,-17261,7328,5824,5824,12000,1504,1526,0,0,0,0,9132,0,7200,7200,7200,7200,-3
2026-04-14T20:30:33,-3,-17226,7355,5827,5827,12000,1476,1505,0,0,0,0,9132,0,7200,7200,7200,7200,-3
2026-04-14T20:30:39,-3,-17193,7381,5829,5829,12000,1965,1967,0,0,0,0,9132,0,7200,7200,7200,7200,-3
2026-04-14T20:30:44,-3,-17155,7408,5832,5832,12000,1703,1749,0,0,0,0,9132,0,7200,7200,7200,7200,-3
2026-04-14T20:30:48,-3,-17124,7434,5834,5834,12000,1725,1755,0,0,0,0,9132,0,7200,7200,7200,7200,-3
2026-04-14T20:30:54,-4,-17087,7461,5837,5837,12000,1705,1714,0,0,0,0,9132,0,7200,7200,7200,7200,-4
2026-04-14T20:30:59,-3,-17051,7488,5839,5839,12000,1565,1568,0,0,0,0,9132,0,7200,7200,7200,7200,-3
2026-04-14T20:31:04,-3,-17017,7514,5842,5842,12000,1649,1664,0,0,0,0,9132,0,7200,7200,7200,7200,-3
2026-04-14T20:31:09,-3,-16983,7540,5844,5844,12000,1613,1653,0,0,0,0,9132,0,7200,7200,7200,7200,-3
2026-04-14T20:31:14,-3,-16951,7566,5847,5847,12000,1599,1628,0,0,0,0,9132,0,7200,7200,7200,7200,-3
2026-04-14T20:31:19,-3,-16914,7592,5849,5849,12000,1632,1629,0,0,0,0,9132,0,7200,7200,7200,7200,-3
2026-04-14T20:31:23,-3,-16885,7618,5851,5851,12000,1616,1645,0,0,0,0,9132,0,7200,7200,7200,7200,-3
2026-04-14T20:31:30,-3,-16847,7646,5854,5854,12000,1626,1671,0,0,0,0,9132,0,7200,7200,7200,7200,-3
2026-04-14T20:31:33,-3,-16817,7671,5857,5857,12000,1624,1659,0,0,0,0,9132,0,7200,7200,7200,7200,-3
2026-04-14T20:31:39,-3,-16783,7697,5859,5859,12000,1591,1627,0,0,0,0,9132,0,7200,7200,7200,7200,-3
2026-04-14T20:31:44,-3,-16747,7724,5862,5862,12000,1664,1693,0,0,0,0,9132,0,7200,7200,7200,7200,-3
2026-04-14T20:31:50,-3,-16711,7751,5864,5864,12000,1539,1574,0,0,0,0,9132,0,7200,7200,7200,7200,-3
2026-04-14T20:31:54,-4,-16680,7777,5867,5867,12000,1546,1584,0,0,0,0,9132,0,7200,7200,7200,7200,-3
2026-04-14T20:32:00,-3,-16641,7804,5869,5869,12000,1533,1571,0,0,0,0,9132,0,7200,7200,7200,7200,-3
2026-04-14T20:32:04,-3,-16609,7830,5872,5872,12000,1501,1523,0,0,0,0,9132,0,7200,7200,7200,7200,-3
2026-04-14T20:32:09,-3,-16575,7856,5874,5874,12000,1494,1522,0,0,0,0,9132,0,7200,7200,7200,7200,-3
2026-04-14T20:32:14,-3,-16541,7882,5877,5877,12000,1507,1564,0,0,0,0,9132,0,7200,7200,7200,7200,-3
2026-04-14T20:32:19,-3,-16508,7908,5879,5879,12000,1511,1556,0,0,0,0,9132,0,7200,7200,7200,7200,-3
2026-04-14T20:32:24,-3,-16473,7934,5882,5882,12000,1495,1543,0,0,0,0,9132,0,7200,7200,7200,7200,-3
2026-04-14T20:32:29,-3,-16437,7962,5884,5884,12000,1575,1580,0,0,0,0,9132,0,7200,7200,7200,7200,-3
2026-04-14T20:32:34,-3,-16404,7987,5887,5887,12000,1515,1544,0,0,0,0,9132,0,7200,7200,7200,7200,-3
2026-04-14T20:32:38,-3,-16372,8014,5889,5889,12000,1532,1554,0,0,0,0,9132,0,7200,7200,7200,7200,-3
2026-04-14T20:32:43,-3,-16338,8040,5892,5892,12000,1494,1523,0,0,0,0,9132,0,7200,7200,7200,7200,-3
2026-04-14T20:32:49,-3,-16304,8062,5894,5894,12000,1513,1542,0,0,0,0,9132,0,7200,7200,7200,7200,-3
2026-04-14T20:32:53,-3,-16269,8088,5897,5897,12000,1562,1555,0,0,0,0,9132,0,7200,7200,7200,7200,-3
2026-04-14T20:32:58,-3,-16237,8114,5899,5899,12000,1539,1568,0,0,0,0,9132,0,7200,7200,7200,7200,-3
2026-04-14T20:33:04,-3,-16200,8142,5902,5902,12000,1600,1636,0,0,0,0,9132,0,7200,7200,7200,7200,-3
2026-04-14T20:33:10,-3,-16163,8169,5904,5905,12000,1579,1602,0,0,0,0,9132,0,7200,7200,7200,7200,-3
2026-04-14T20:33:14,-3,-16135,8193,5907,5907,12000,1609,1633,0,0,0,0,9132,0,7200,7200,7200,7200,-3
2026-04-14T20:33:20,-3,-16096,8222,5910,5910,12000,1628,1632,0,0,0,0,9132,0,7200,7200,7200,7200,-3
2026-04-14T20:33:23,-3,-16067,8246,5912,5912,12000,1551,1573,0,0,0,0,9132,0,7200,7200,7200,7200,-3
2026-04-14T20:33:29,-3,-16033,8273,5914,5914,12000,1638,1661,0,0,0,0,9132,0,7200,7200,7200,7200,-3
2026-04-14T20:33:34,-3,-15994,8299,5917,5917,12000,1654,1676,0,0,0,0,9132,0,7200,7200,7200,7200,-3
2026-04-14T20:33:39,-3,-15964,8325,5919,5919,12000,1672,1702,0,0,0,0,9132,0,7200,7200,7200,7200,-3
2026-04-14T20:33:43,-3,-15932,8351,5922,5922,12000,1718,1731,0,0,0,0,9132,0,7200,7200,7200,7200,-3
2026-04-14T20:33:49,-3,-15893,8379,5924,5924,12000,1639,1733,0,0,0,0,9132,0,7200,7200,7200,7200,-3
2026-04-14T20:33:54,-3,-15860,8404,5927,5927,12000,1698,1739,0,0,0,0,9132,0,7200,7200,7200,7200,-3
2026-04-14T20:33:59,-3,-15827,8431,5929,5929,12000,1672,1695,0,0,0,0,9132,0,7200,7200,7200,7200,-3
2026-04-14T20:34:04,-3,-15790,8458,5932,5932,12000,1673,1722,0,0,0,0,9132,0,7200,7200,7200,7200,-3
2026-04-14T20:34:09,-3,-15757,8484,5934,5934,12000,1621,1644,0,0,0,0,9132,0,7200,7200,7200,7200,-3
2026-04-14T20:34:14,-3,-15724,8510,5937,5937,12000,1655,1695,0,0,0,0,9132,0,7200,7200,7200,7200,-3
2026-04-14T20:34:18,-3,-15692,8536,5939,5939,12000,1757,1782,0,0,0,0,9132,0,7200,7200,7200,7200,-3
2026-04-14T20:34:23,-3,-15658,8563,5942,5942,12000,1732,1770,0,0,0,0,9132,0,7200,7200,7200,7200,-3
2026-04-14T20:34:29,-3,-15622,8588,5944,5944,12000,1770,1806,0,0,0,0,9132,0,7200,7200,7200,7200,-3
2026-04-14T20:34:33,-3,-15589,8614,5947,5947,12000,1782,1805,0,0,0,0,9132,0,7200,7200,7200,7200,-3
2026-04-14T20:34:39,-3,-15553,8641,5949,5949,12000,1778,1808,0,0,0,0,9132,0,7200,7200,7200,7200,-3
2026-04-14T20:34:44,-3,-15518,8668,5952,5952,12000,1724,1694,0,0,0,0,9132,0,7200,7200,7200,7200,-3
2026-04-14T20:34:49,-3,-15486,8694,5954,5954,12000,1733,1756,0,0,0,0,9132,0,7200,7200,7200,7200,-3
2026-04-14T20:34:53,-3,-15453,8720,5957,5957,12000,1717,1739,0,0,0,0,9132,0,7200,7200,7200,7200,-3
2026-04-14T20:34:59,-3,-15418,8746,5959,5959,12000,1709,1731,0,0,0,0,9132,0,7200,7200,7200,7200,-3
2026-04-14T20:35:04,-3,-15384,8773,5962,5962,12000,1717,1753,0,0,0,0,9132,0,7200,7200,7200,7200,-3
2026-04-14T20:35:09,-3,-15349,8800,5964,5964,12000,1756,1778,0,0,0,0,9132,0,7200,7200,7200,7200,-3
2026-04-14T20:35:13,-3,-15318,8825,5967,5967,12000,1826,1855,0,0,0,0,9132,0,7200,7200,7200,7200,-3
2026-04-14T20:35:18,-3,-15284,8852,5969,5969,12000,1826,1857,0,0,0,0,9132,0,7200,7200,7200,7200,-3
2026-04-14T20:35:24,-3,-15246,8879,5972,5972,12000,1759,1782,0,0,0,0,9132,0,7200,7200,7200,7200,-3
2026-04-14T20:35:29,-3,-15213,8904,5974,5974,12000,1641,1682,0,0,0,0,9132,0,7200,7200,7200,7200,-3
2026-04-14T20:35:34,-3,-15181,8930,5977,5977,12000,1710,1732,0,0,0,0,9132,0,7200,7200,7200,7200,-3
2026-04-14T20:35:39,-3,-15141,8958,5979,5980,12000,1743,1771,0,0,0,0,9132,0,7200,7200,7200,7200,-3
2026-04-14T20:35:44,-3,-15109,8984,5982,5982,12000,1805,1827,0,0,0,0,9132,0,7200,7200,7200,7200,-3
2026-04-14T20:35:49,-3,-15077,9009,5984,5984,12000,1763,1788,0,0,0,0,9132,0,7200,7200,7200,7200,-3
2026-04-14T20:35:53,-3,-15046,9035,5987,5987,12000,1753,1788,0,0,0,0,9132,0,7200,7200,7200,7200,-3
2026-04-14T20:35:59,-3,-15007,9062,5989,5989,12000,1757,1779,0,0,0,0,9132,0,7200,7200,7200,7200,-3
2026-04-14T20:36:03,-3,-14976,9088,5992,5992,12000,1754,1782,0,0,0,0,9132,0,7200,7200,7200,7200,-3
2026-04-14T20:36:09,-3,-14941,9116,5994,5994,12000,1746,1783,0,0,0,0,9132,0,7200,7200,7200,7200,-3
2026-04-14T20:36:14,-3,-14909,9141,5997,5997,12000,1737,1816,0,0,0,0,9132,0,7200,7200,7200,7200,-3
2026-04-14T20:36:20,-3,-14869,9168,5999,5999,12000,1776,1805,0,0,0,0,9132,0,7200,7200,7200,7200,-3
2026-04-14T20:36:23,-3,-14839,9194,6002,6002,12000,1775,1804,0,0,0,0,9132,0,7200,7200,7200,7200,-3
2026-04-14T20:36:29,-3,-14801,9219,6004,6004,12000,1785,1815,0,0,0,0,9132,0,7200,7200,7200,7200,-3
2026-04-14T20:36:34,-3,-14769,9243,6007,6007,12000,2078,2086,0,0,0,0,9132,0,7200,7200,7200,7200,-3
2026-04-14T20:36:40,-3,-14733,9269,6009,6009,12000,2013,2037,0,0,0,0,9132,0,7200,7200,7200,7200,-3
2026-04-14T20:36:44,-3,-14703,9295,6012,6012,12000,2016,2039,0,0,0,0,9132,0,7200,7200,7200,7200,-3
2026-04-14T20:36:49,-3,-14668,9322,6014,6014,12000,1979,1982,0,0,0,0,9132,0,7200,7200,7200,7200,-3
2026-04-14T20:36:53,-3,-14633,9348,6017,6017,12000,1949,1978,0,0,0,0,9132,0,7200,7200,7200,7200,-3
2026-04-14T20:36:58,-3,-14601,9374,6019,6019,12000,1954,1983,0,0,0,0,9132,0,7200,7200,7200,7200,-3
2026-04-14T20:37:03,-3,-14567,9400,6022,6022,12000,1961,1984,0,0,0,0,9132,0,7200,7200,7200,7200,-3
2026-04-14T20:37:09,-3,-14527,9428,6025,6024,12000,1938,1937,0,0,0,0,9132,0,7200,7200,7200,7200,-3
2026-04-14T20:37:13,-3,-14498,9453,6027,6027,12000,1932,1961,0,0,0,0,9132,0,7200,7200,7200,7200,-3
2026-04-14T20:37:20,-3,-14461,9480,6029,6029,12000,1607,1629,0,0,0,0,9132,0,7200,7200,7200,7200,-3
2026-04-14T20:37:24,-3,-14432,9505,6032,6032,12000,1469,1491,0,0,0,0,9132,0,7200,7200,7200,7200,-3
2026-04-14T20:37:29,-3,-14393,9533,6034,6034,12000,1462,1500,0,0,0,0,9132,0,7200,7200,7200,7200,-3
2026-04-14T20:37:34,-3,-14359,9559,6037,6037,12000,1486,1509,0,0,0,0,9132,0,7200,7200,7200,7200,-3
2026-04-14T20:37:39,-3,-14328,9584,6039,6039,12000,1471,1501,0,0,0,0,9132,0,7200,7200,7200,7200,-3
2026-04-14T20:37:44,-3,-14291,9612,6042,6042,12000,1494,1510,0,0,0,0,9132,0,7200,7200,7200,7200,-3
2026-04-14T20:37:49,-3,-14257,9639,6044,6044,12000,1486,1509,0,0,0,0,9132,0,7200,7200,7200,7200,-3
2026-04-14T20:37:53,-3,-14225,9663,6047,6047,12000,1486,1518,0,0,0,0,9132,0,7200,7200,7200,7200,-3
2026-04-14T20:38:03,NaN,-14161,9714,6051,6051,12000,1489,1519,NaN,NaN,0,0,9132,NaN,7200,7200,7200,7200,NaN
2026-04-14T20:38:05,-3,-14147,9724,6052,6052,12000,1411,1441,0,0,0,0,9132,0,7200,7200,7200,7200,-3
2026-04-14T20:38:10,-3,-14113,9750,6055,6055,12000,1428,1447,0,0,0,0,9132,0,7200,7200,7200,7200,-3
2026-04-14T20:38:15,-3,-14080,9776,6057,6057,12000,1444,1500,0,0,0,0,9132,0,7200,7200,7200,7200,-3
2026-04-14T20:38:20,-3,-14043,9804,6060,6060,12000,1463,1490,0,0,0,0,9132,0,7200,7200,7200,7200,-3
2026-04-14T20:38:25,-3,-14012,9829,6062,6062,12000,1453,1490,0,0,0,0,9132,0,7200,7200,7200,7200,-3
2026-04-14T20:38:30,-3,-13978,9855,6065,6065,12000,1434,1449,0,0,0,0,9132,0,7200,7200,7200,7200,-3
2026-04-14T20:38:36,-3,-13939,9883,6068,6068,12000,1451,1488,0,0,0,0,9132,0,7200,7200,7200,7200,-3
2026-04-14T20:38:40,-3,-13909,9908,6070,6070,12000,1477,1487,0,0,0,0,9132,0,7200,7200,7200,7200,-3
2026-04-14T20:38:46,-3,-13870,9936,6073,6073,12000,1473,1495,0,0,0,0,9132,0,7200,7200,7200,7200,-3
2026-04-14T20:38:50,-3,-13843,9960,6075,6075,12000,1509,1526,0,0,0,0,9132,0,7200,7200,7200,7200,-3
2026-04-14T20:38:56,-3,-13802,9988,6078,6078,12000,1511,1535,0,0,0,0,9132,0,7200,7200,7200,7200,-3
2026-04-14T20:39:01,-3,-13770,10014,6080,6080,12000,1481,1507,0,0,0,0,9132,0,7200,7200,7200,7200,-3
2026-04-14T20:39:06,-3,-13734,10041,6083,6083,12000,1420,1465,0,0,0,0,9132,0,7200,7200,7200,7200,-3
2026-04-14T20:39:11,-3,-13702,10066,6085,6085,12000,1455,1488,0,0,0,0,9132,0,7200,7200,7200,7200,-3
2026-04-14T20:39:16,-3,-13667,10093,6088,6088,12000,1457,1463,0,0,0,0,9132,0,7200,7200,7200,7200,-3
2026-04-14T20:39:21,-3,-13635,10119,6090,6090,12000,1468,1484,0,0,0,0,9132,0,7200,7200,7200,7200,-3
2026-04-14T20:39:26,-3,-13598,10146,6093,6093,12000,1446,1477,0,0,0,0,9132,0,7200,7200,7200,7200,-3
2026-04-14T20:39:30,-3,-13569,10171,6095,6095,12000,1455,1478,0,0,0,0,9132,0,7200,7200,7200,7200,-3
2026-04-14T20:39:36,-3,-13531,10199,6098,6098,12000,1475,1462,0,0,0,0,9132,0,7200,7200,7200,7200,-3
2026-04-14T20:39:40,-3,-13502,10224,6100,6100,12000,1442,1478,0,0,0,0,9132,0,7200,7200,7200,7200,-3
2026-04-14T20:39:46,-3,-13461,10248,6103,6103,12000,1439,1476,0,0,0,0,9132,0,7200,7200,7200,7200,-3
2026-04-14T20:39:50,-3,-13432,10272,6105,6105,12000,1465,1486,0,0,0,0,9132,0,7200,7200,7200,7200,-3
2026-04-14T20:39:56,-3,-13395,10300,6108,6108,12000,1445,1462,0,0,0,0,9132,0,7200,7200,7200,7200,-3
2026-04-14T20:40:00,-3,-13366,10325,6110,6110,12000,1460,1476,0,0,0,0,9132,0,7200,7200,7200,7200,-3
2026-04-14T20:40:06,-3,-13324,10354,6113,6113,12000,1479,1495,0,0,0,0,9132,0,7200,7200,7200,7200,-3
2026-04-14T20:40:10,-3,-13294,10378,6115,6115,12000,1453,1486,0,0,0,0,9132,0,7200,7200,7200,7200,-3
2026-04-14T20:40:15,-3,-13261,10405,6117,6117,12000,1443,1459,0,0,0,0,9132,0,7200,7200,7200,7200,-3
2026-04-14T20:40:21,-3,-13225,10431,6120,6120,12000,1454,1483,0,0,0,0,9132,0,7200,7200,7200,7200,-3
2026-04-14T20:40:25,-3,-13194,10456,6122,6122,12000,1431,1463,0,0,0,0,9132,0,7200,7200,7200,7200,-3
2026-04-14T20:40:30,-3,-13158,10484,6125,6125,12000,1447,1476,0,0,0,0,9132,0,7200,7200,7200,7200,-3
2026-04-14T20:40:35,-3,-13126,10510,6127,6127,12000,1431,1511,0,0,0,0,9132,0,7200,7200,7200,7200,-3
2026-04-14T20:40:40,-3,-13090,10536,6130,6130,12000,1441,1468,0,0,0,0,9132,0,7200,7200,7200,7200,-3
2026-04-14T20:40:45,-3,-13057,10558,6132,6132,12000,1440,1476,0,0,0,0,9132,0,7200,7200,7200,7200,-3
2026-04-14T20:40:50,-3,-13022,10585,6135,6135,12000,1450,1479,0,0,0,0,9132,0,7200,7200,7200,7200,-3
2026-04-14T20:40:56,-3,-12983,10612,6138,6138,12000,1460,1496,0,0,0,0,9132,0,7200,7200,7200,7200,-3
2026-04-14T20:41:00,-3,-12956,10637,6140,6140,12000,1457,1486,0,0,0,0,9132,0,7200,7200,7200,7200,-3
2026-04-14T20:41:06,-3,-12917,10665,6143,6143,12000,1456,1486,0,0,0,0,9132,0,7200,7200,7200,7200,-3
2026-04-14T20:41:11,-3,-12885,10691,6145,6145,12000,1461,1481,0,0,0,0,9132,0,7200,7200,7200,7200,-3
2026-04-14T20:41:15,-3,-12850,10717,6148,6148,12000,1451,1490,0,0,0,0,9132,0,7200,7200,7200,7200,-3
2026-04-14T20:41:20,-3,-12818,10742,6150,6150,12000,1466,1490,0,0,0,0,9132,0,7200,7200,7200,7200,-3
2026-04-14T20:41:26,-3,-12780,10771,6153,6153,12000,1475,1498,0,0,0,0,9132,0,7200,7200,7200,7200,-3
2026-04-14T20:41:31,-3,-12750,10795,6155,6155,12000,1458,1489,0,0,0,0,9132,0,7200,7200,7200,7200,-3
2026-04-14T20:41:36,-3,-12711,10823,6158,6158,12000,1468,1482,0,0,0,0,9132,0,7200,7200,7200,7200,-3
2026-04-14T20:41:41,-3,-12679,10848,6160,6160,12000,1466,1502,0,0,0,0,9132,0,7200,7200,7200,7200,-3
2026-04-14T20:41:45,-3,-12647,10874,6162,6162,12000,1445,1483,0,0,0,0,9132,0,7200,7200,7200,7200,-3
2026-04-14T20:41:51,-3,-12609,10901,6165,6165,12000,1480,1510,0,0,0,0,9132,0,7200,7200,7200,7200,-3
2026-04-14T20:41:55,-3,-12579,10927,6167,6167,12000,1437,1501,0,0,0,0,9132,0,7200,7200,7200,7200,-3
2026-04-14T20:42:01,-3,-12542,10954,6170,6170,12000,1471,1494,0,0,0,0,9132,0,7200,7200,7200,7200,-3
2026-04-14T20:42:05,-3,-12512,10980,6172,6172,12000,1477,1491,0,0,0,0,9132,0,7200,7200,7200,7200,-3
2026-04-14T20:42:10,-3,-12476,11006,6175,6175,12000,1471,1499,0,0,0,0,9132,0,7200,7200,7200,7200,-3
2026-04-14T20:42:16,-3,-12437,11030,6178,6178,12000,1471,1492,0,0,0,0,9132,0,7200,7200,7200,7200,-3
2026-04-14T20:42:21,-3,-12407,11055,6180,6180,12000,1480,1501,0,0,0,0,9132,0,7200,7200,7200,7200,-3
2026-04-14T20:42:25,-3,-12376,11080,6182,6182,12000,1468,1507,0,0,0,0,9132,0,7200,7200,7200,7200,-3
2026-04-14T20:42:31,-3,-12338,11107,6185,6185,12000,1485,1505,0,0,0,0,9132,0,7200,7200,7200,7200,-3
2026-04-14T20:42:36,-3,-12305,11134,6188,6188,12000,1434,1465,0,0,0,0,9132,0,7200,7200,7200,7200,-3
2026-04-14T20:42:41,-3,-12271,11160,6190,6190,12000,1458,1488,0,0,0,0,9132,0,7200,7200,7200,7200,-3
2026-04-14T20:42:46,-3,-12233,11187,6193,6193,12000,1475,1498,0,0,0,0,9132,0,7200,7200,7200,7200,-3
2026-04-14T20:42:50,-3,-12204,11208,6195,6195,12000,1482,1498,0,0,0,0,9132,0,7200,7200,7200,7200,-3
2026-04-14T20:42:56,-3,-12167,11236,6198,6198,12000,1471,1508,0,0,0,0,9132,0,7200,7200,7200,7200,-3
2026-04-14T20:43:00,-3,-12136,11262,6200,6200,12000,1472,1509,0,0,0,0,9132,0,7200,7200,7200,7200,-3
2026-04-14T20:43:05,-3,-12102,11287,6202,6202,12000,1418,1449,0,0,0,0,9132,0,7200,7200,7200,7200,-3
2026-04-14T20:43:15,NaN,-12036,11337,6207,6207,12000,1466,1496,NaN,NaN,0,0,9132,NaN,7200,7200,7200,7200,NaN
2026-04-14T20:43:17,-3,-12022,11344,6208,6208,12000,1455,1480,0,0,0,0,9132,0,7200,7200,7200,7200,-3
2026-04-14T20:43:21,-3,-11989,11370,6211,6211,12000,1448,1488,0,0,0,0,9132,0,7200,7200,7200,7200,-3
2026-04-14T20:43:27,-3,-11956,11397,6213,6213,12000,1475,1498,0,0,0,0,9132,0,7200,7200,7200,7200,-3
2026-04-14T20:43:32,-3,-11922,11422,6216,6216,12000,1464,1487,0,0,0,0,9132,0,7200,7200,7200,7200,-3
2026-04-14T20:43:37,-3,-11886,11450,6218,6218,12000,1453,1490,0,0,0,0,9132,0,7200,7200,7200,7200,-3
2026-04-14T20:43:43,-3,-11852,11476,6221,6221,12000,1453,1482,0,0,0,0,9132,0,7200,7200,7200,7200,-3
2026-04-14T20:43:46,-3,-11822,11501,6223,6223,12000,1494,1520,0,0,0,0,9132,0,7200,7200,7200,7200,-3
2026-04-14T20:43:52,-3,-11784,11529,6226,6226,12000,1456,1487,0,0,0,0,9132,0,7200,7200,7200,7200,-3
2026-04-14T20:43:56,-3,-11752,11554,6228,6228,12000,1459,1488,0,0,0,0,9132,0,7200,7200,7200,7200,-3
2026-04-14T20:44:02,-3,-11717,11582,6231,6231,12000,1455,1482,0,0,0,0,9132,0,7200,7200,7200,7200,-3
2026-04-14T20:44:07,-3,-11680,11607,6233,6233,12000,1480,1520,0,0,0,0,9132,0,7200,7200,7200,7200,-3
2026-04-14T20:44:12,-3,-11646,11634,6236,6236,12000,1459,1489,0,0,0,0,9132,0,7200,7200,7200,7200,-3
2026-04-14T20:44:17,-3,-11612,11661,6238,6238,12000,1537,1547,0,0,0,0,9132,0,7200,7200,7200,7200,-3
2026-04-14T20:44:22,-3,-11582,11686,6241,6241,12000,1444,1474,0,0,0,0,9132,0,7200,7200,7200,7200,-3
2026-04-14T20:44:27,-3,-11545,11713,6243,6243,12000,1393,1425,0,0,0,0,9132,0,7200,7200,7200,7200,-3
2026-04-14T20:44:32,-3,-11512,11739,6246,6246,12000,1356,1387,0,0,0,0,9132,0,7200,7200,7200,7200,-3
2026-04-14T20:44:36,-3,-11479,11765,6248,6248,12000,1346,1363,0,0,0,0,9132,0,7200,7200,7200,7200,-3
2026-04-14T20:44:42,-3,-11447,11791,6251,6251,12000,1366,1389,0,0,0,0,9132,0,7200,7200,7200,7200,-3
2026-04-14T20:44:47,-3,-11411,11818,6253,6253,12000,1263,1286,0,0,0,0,9132,0,7200,7200,7200,7200,-3
2026-04-14T20:44:52,-3,-11375,11844,6256,6256,12000,1282,1312,0,0,0,0,9132,0,7200,7200,7200,7200,-3
2026-04-14T20:44:57,-3,-11342,11870,6258,6258,12000,1309,1315,0,0,0,0,9132,0,7200,7200,7200,7200,-3
2026-04-14T20:45:02,-3,-11305,11897,6261,6261,12000,1237,1261,0,0,0,0,9132,0,7200,7200,7200,7200,-3
2026-04-14T20:45:07,-3,-11272,11924,6263,6263,12000,1246,1276,0,0,0,0,9132,0,7200,7200,7200,7200,-3
2026-04-14T20:45:12,-3,-11238,11950,6266,6266,12000,1239,1269,0,0,0,0,9132,0,7200,7200,7200,7200,-3
2026-04-14T20:45:17,-3,-11206,11976,6268,6268,12000,1255,1287,0,0,0,0,9132,0,7200,7200,7200,7200,-3
2026-04-14T20:45:22,-3,-11173,12001,6271,6271,12000,1237,1275,0,0,0,0,9132,0,7200,7200,7200,7200,-3
2026-04-14T20:45:27,-3,-11135,12029,6273,6273,12000,1242,1274,0,0,0,0,9132,0,7200,7200,7200,7200,-3
2026-04-14T20:45:32,-3,-11103,12055,6276,6276,12000,1238,1277,0,0,0,0,9132,0,7200,7200,7200,7200,-3
2026-04-14T20:45:36,-3,-11071,12081,6278,6278,12000,1273,1287,0,0,0,0,9132,0,7200,7200,7200,7200,-3
2026-04-14T20:45:42,-3,-11035,12107,6281,6281,12000,1257,1288,0,0,0,0,9132,0,7200,7200,7200,7200,-3
2026-04-14T20:45:46,-3,-11002,12133,6283,6283,12000,1254,1278,0,0,0,0,9132,0,7200,7200,7200,7200,-3
2026-04-14T20:45:52,-3,-10967,12160,6286,6286,12000,1247,1278,0,0,0,0,9132,0,7200,7200,7200,7200,-3
2026-04-14T20:45:56,-3,-10934,12186,6288,6288,12000,1250,1289,0,0,0,0,9132,0,7200,7200,7200,7200,-3
2026-04-14T20:46:02,-3,-10897,12214,6291,6291,12000,1255,1264,0,0,0,0,9132,0,7200,7200,7200,7200,-3
2026-04-14T20:46:07,-3,-10863,12239,6293,6293,12000,1241,1271,0,0,0,0,9132,0,7200,7200,7200,7200,-3
2026-04-14T20:46:12,-3,-10831,12265,6296,6296,12000,1255,1288,0,0,0,0,9132,0,7200,7200,7200,7200,-3
2026-04-14T20:46:17,-3,-10793,12292,6298,6298,12000,1256,1279,0,0,0,0,9132,0,7200,7200,7200,7200,-3
2026-04-14T20:46:23,-3,-10757,12320,6301,6301,12000,1264,1287,0,0,0,0,9132,0,7200,7200,7200,7200,-3
2026-04-14T20:46:27,-3,-10727,12345,6303,6303,12000,1179,1209,0,0,0,0,9132,0,7200,7200,7200,7200,-3
2026-04-14T20:46:33,-3,-10690,12371,6306,6306,12000,1497,1527,0,0,0,0,9132,0,7200,7200,7200,7200,-3
2026-04-14T20:46:37,-3,-10660,12397,6308,6308,12000,1289,1312,0,0,0,0,9132,0,7200,7200,7200,7200,-3
2026-04-14T20:46:43,-3,-10622,12424,6311,6311,12000,1254,1284,0,0,0,0,9132,0,7200,7200,7200,7200,-3
2026-04-14T20:46:47,-3,-10593,12449,6313,6313,12000,1222,1261,0,0,0,0,9132,0,7200,7200,7200,7200,-3
2026-04-14T20:46:52,-3,-10560,12476,6316,6316,12000,1224,1261,0,0,0,0,9132,0,7200,7200,7200,7200,-3
2026-04-14T20:46:58,-3,-10519,12503,6319,6319,12000,1222,1245,0,0,0,0,9132,0,7200,7200,7200,7200,-3
2026-04-14T20:47:03,-3,-10486,12530,6321,6321,12000,1231,1261,0,0,0,0,9132,0,7200,7200,7200,7200,-3
2026-04-14T20:47:08,-3,-10454,12555,6323,6323,12000,1239,1261,0,0,0,0,9132,0,7200,7200,7200,7200,-3
2026-04-14T20:47:12,-3,-10417,12582,6326,6326,12000,1225,1260,0,0,0,0,9132,0,7200,7200,7200,7200,-3
2026-04-14T20:47:17,-3,-10388,12607,6328,6328,12000,1224,1262,0,0,0,0,9132,0,7200,7200,7200,7200,-3
2026-04-14T20:47:22,-3,-10352,12634,6331,6331,12000,1197,1236,0,0,0,0,9132,0,7200,7200,7200,7200,-3
2026-04-14T20:47:27,-3,-10319,12660,6333,6333,12000,1231,1261,0,0,0,0,9132,0,7200,7200,7200,7200,-3
2026-04-14T20:47:32,-3,-10282,12686,6336,6336,12000,1216,1246,0,0,0,0,9132,0,7200,7200,7200,7200,-3
2026-04-14T20:47:37,-3,-10251,12712,6338,6338,12000,1239,1261,0,0,0,0,9132,0,7200,7200,7200,7200,-3
2026-04-14T20:47:42,-3,-10216,12740,6341,6341,12000,1294,1261,0,0,0,0,9132,0,7200,7200,7200,7200,-3
2026-04-14T20:47:47,-3,-10178,12766,6343,6343,12000,1223,1261,0,0,0,0,9132,0,7200,7200,7200,7200,-3
2026-04-14T20:47:53,-3,-10143,12793,6346,6346,12000,1300,1314,0,0,0,0,9132,0,7200,7200,7200,7200,-3
2026-04-14T20:47:56,-3,-10114,12817,6348,6348,12000,1309,1362,0,0,0,0,9132,0,7200,7200,7200,7200,-3
2026-04-14T20:48:03,-3,-10074,12847,6351,6351,12000,1248,1262,0,0,0,0,9132,0,7200,7200,7200,7200,-3
2026-04-14T20:48:07,-3,-10045,12871,6353,6353,12000,1233,1262,0,0,0,0,9132,0,7200,7200,7200,7200,-3
2026-04-14T20:48:12,-3,-10012,12896,6356,6356,12000,1339,1362,0,0,0,0,9132,0,7200,7200,7200,7200,-3
2026-04-14T20:48:18,-3,-9976,12924,6358,6358,12000,1343,1389,0,0,0,0,9132,0,7200,7200,7200,7200,-3
2026-04-14T20:48:23,-3,-9939,12951,6361,6361,12000,1334,1354,0,0,0,0,9132,0,7200,7200,7200,7200,-3
2026-04-14T20:48:26,-3,-9912,12971,6363,6363,12000,1323,1353,0,0,0,0,9132,0,7200,7200,7200,7200,-3
2026-04-14T20:48:33,-3,-9872,13000,6366,6366,12000,1322,1345,0,0,0,0,9132,0,7200,7200,7200,7200,-3
2026-04-14T20:48:38,-3,-9840,13025,6368,6369,12000,1339,1369,0,0,0,0,9132,0,7200,7200,7200,7200,-3
2026-04-14T20:48:43,-3,-9804,13052,6371,6371,12000,1328,1362,0,0,0,0,9132,0,7200,7200,7200,7200,-3
2026-04-14T20:48:47,-3,-9773,13077,6373,6373,12000,1349,1372,0,0,0,0,9132,0,7200,7200,7200,7200,-3
2026-04-14T20:48:53,-3,-9737,13101,6376,6376,12000,1359,1383,0,0,0,0,9132,0,7200,7200,7200,7200,-3
2026-04-14T20:48:57,-3,-9707,13122,6378,6378,12000,1332,1361,0,0,0,0,9132,0,7200,7200,7200,7200,-3
2026-04-14T20:49:03,-3,-9667,13149,6381,6381,12000,1325,1372,0,0,0,0,9132,0,7200,7200,7200,7200,-3
2026-04-14T20:49:07,-3,-9637,13175,6383,6383,12000,1359,1388,0,0,0,0,9132,0,7200,7200,7200,7200,-3
2026-04-14T20:49:12,-3,-9602,13203,6386,6386,12000,1323,1389,0,0,0,0,9132,0,7200,7200,7200,7200,-3
2026-04-14T20:49:17,-3,-9572,13227,6388,6388,12000,1369,1364,0,0,0,0,9132,0,7200,7200,7200,7200,-3
2026-04-14T20:49:23,-3,-9530,13255,6391,6391,12000,1284,1314,0,0,0,0,9132,0,7200,7200,7200,7200,-3
2026-04-14T20:49:27,-3,-9498,13280,6393,6394,12000,1264,1308,0,0,0,0,9132,0,7200,7200,7200,7200,-3
2026-04-14T20:49:32,-3,-9467,13307,6396,6396,12000,1319,1342,0,0,0,0,9132,0,7200,7200,7200,7200,-3
2026-04-14T20:49:37,-3,-9434,13333,6398,6398,12000,1342,1365,0,0,0,0,9132,0,7200,7200,7200,7200,-3
2026-04-14T20:49:43,-3,-9394,13360,6401,6401,12000,1333,1356,0,0,0,0,9132,0,7200,7200,7200,7200,-3
2026-04-14T20:49:47,-3,-9365,13381,6403,6403,12000,1343,1357,0,0,0,0,9132,0,7200,7200,7200,7200,-3
2026-04-14T20:49:52,-3,-9332,13407,6406,6406,12000,1327,1351,0,0,0,0,9132,0,7200,7200,7200,7200,-3
2026-04-14T20:49:57,-3,-9296,13434,6408,6408,12000,1326,1365,0,0,0,0,9132,0,7200,7200,7200,7200,-3
2026-04-14T20:50:02,-3,-9259,13461,6411,6411,12000,1335,1365,0,0,0,0,9132,0,7200,7200,7200,7200,-3
2026-04-14T20:50:07,-3,-9226,13487,6413,6413,12000,1343,1365,0,0,0,0,9132,0,7200,7200,7200,7200,-3
2026-04-14T20:50:12,-3,-9195,13513,6416,6416,12000,1320,1359,0,0,0,0,9132,0,7200,7200,7200,7200,-3
2026-04-14T20:50:17,-3,-9158,13540,6418,6418,12000,1328,1357,0,0,0,0,9132,0,7200,7200,7200,7200,-3
2026-04-14T20:50:22,-3,-9124,13565,6421,6421,12000,1342,1365,0,0,0,0,9132,0,7200,7200,7200,7200,-3
2026-04-14T20:50:27,-3,-9092,13592,6423,6423,12000,1334,1364,0,0,0,0,9132,0,7200,7200,7200,7200,-3
2026-04-14T20:50:33,-3,-9056,13619,6426,6426,12000,1333,1353,0,0,0,0,9132,0,7200,7200,7200,7200,-3
2026-04-14T20:50:37,-3,-9023,13645,6428,6428,12000,1294,1313,0,0,0,0,9132,0,7200,7200,7200,7200,-3
2026-04-14T20:50:43,-3,-8986,13672,6431,6431,12000,1333,1365,0,0,0,0,9132,0,7200,7200,7200,7200,-3
2026-04-14T20:50:47,-3,-8957,13697,6433,6433,12000,1343,1357,0,0,0,0,9132,0,7200,7200,7200,7200,-3
2026-04-14T20:50:52,-3,-8917,13725,6436,6436,12000,1327,1362,0,0,0,0,9132,0,7200,7200,7200,7200,-3
2026-04-14T20:50:58,-3,-8884,13750,6438,6438,12000,1311,1348,0,0,0,0,9132,0,7200,7200,7200,7200,-3
2026-04-14T20:51:02,-3,-8851,13777,6441,6441,12000,1313,1339,0,0,0,0,9132,0,7200,7200,7200,7200,-3
2026-04-14T20:51:07,-3,-8821,13802,6443,6443,12000,1325,1355,0,0,0,0,9132,0,7200,7200,7200,7200,-3
2026-04-14T20:51:12,-3,-8785,13829,6446,6446,12000,1322,1361,0,0,0,0,9132,0,7200,7200,7200,7200,-3
2026-04-14T20:51:18,-3,-8747,13856,6449,6449,12000,1332,1353,0,0,0,0,9132,0,7200,7200,7200,7200,-3
2026-04-14T20:51:22,-3,-8718,13881,6451,6451,12000,1310,1340,0,0,0,0,9132,0,7200,7200,7200,7200,-3
2026-04-14T20:51:27,-3,-8683,13907,6453,6453,12000,1324,1363,0,0,0,0,9132,0,7200,7200,7200,7200,-3
2026-04-14T20:51:32,-3,-8647,13930,6456,6456,12000,1309,1348,0,0,0,0,9132,0,7200,7200,7200,7200,-3
2026-04-14T20:51:37,-3,-8614,13956,6458,6458,12000,1307,1339,0,0,0,0,9132,0,7200,7200,7200,7200,-3
2026-04-14T20:51:42,-3,-8581,13983,6461,6461,12000,1324,1339,0,0,0,0,9132,0,7200,7200,7200,7200,-3
2026-04-14T20:51:47,-3,-8548,14009,6463,6463,12000,1316,1341,0,0,0,0,9132,0,7200,7200,7200,7200,-3
2026-04-14T20:51:52,-3,-8512,14036,6466,6466,12000,1326,1363,0,0,0,0,9132,0,7200,7200,7200,7200,-3
2026-04-14T20:51:57,-3,-8476,14063,6468,6468,12000,1304,1341,0,0,0,0,9132,0,7200,7200,7200,7200,-3
2026-04-14T20:52:03,-3,-8441,14089,6471,6471,12000,1314,1344,0,0,0,0,9132,0,7200,7200,7200,7200,-3
2026-04-14T20:52:07,-3,-8406,14115,6473,6473,12000,1311,1341,0,0,0,0,9132,0,7200,7200,7200,7200,-3
2026-04-14T20:52:12,-3,-8376,14140,6476,6476,12000,1319,1349,0,0,0,0,9132,0,7200,7200,7200,7200,-3
2026-04-14T20:52:18,-3,-8339,14168,6479,6479,12000,1318,1356,0,0,0,0,9132,0,7200,7200,7200,7200,-3
2026-04-14T20:52:22,-3,-8305,14194,6481,6481,12000,1342,1352,0,0,0,0,9132,0,7200,7200,7200,7200,-3
2026-04-14T20:52:26,-3,-8274,14219,6483,6483,12000,1340,1363,0,0,0,0,9132,0,7200,7200,7200,7200,-3
2026-04-14T20:52:32,-3,-8238,14246,6486,6486,12000,1327,1350,0,0,0,0,9132,0,7200,7200,7200,7200,-3
2026-04-14T20:52:38,-3,-8203,14273,6489,6489,12000,1313,1343,0,0,0,0,9132,0,7200,7200,7200,7200,-3
2026-04-14T20:52:43,-3,-8165,14300,6491,6491,12000,1330,1361,0,0,0,0,9132,0,7200,7200,7200,7200,-3
2026-04-14T20:52:47,-3,-8135,14325,6493,6493,12000,1339,1362,0,0,0,0,9132,0,7200,7200,7200,7200,-3
2026-04-14T20:52:52,-3,-8100,14353,6496,6496,12000,1322,1352,0,0,0,0,9132,0,7200,7200,7200,7200,-3
2026-04-14T20:52:58,-3,-8066,14378,6498,6499,12000,1325,1349,0,0,0,0,9132,0,7200,7200,7200,7200,-3
2026-04-14T20:53:03,-3,-8032,14404,6501,6501,12000,1335,1354,0,0,0,0,9132,0,7200,7200,7200,7200,-3
2026-04-14T20:53:07,-3,-7999,14430,6503,6503,12000,1315,1351,0,0,0,0,9132,0,7200,7200,7200,7200,-3
2026-04-14T20:53:12,-3,-7966,14457,6506,6506,12000,1332,1363,0,0,0,0,9132,0,7200,7200,7200,7200,-3
2026-04-14T20:53:18,-3,-7929,14483,6508,6509,12000,1325,1338,0,0,0,0,9132,0,7200,7200,7200,7200,-3
2026-04-14T20:53:22,-3,-7898,14509,6511,6511,12000,1322,1363,0,0,0,0,9132,0,7200,7200,7200,7200,-3
2026-04-14T20:53:27,-3,-7864,14536,6513,6513,12000,1311,1341,0,0,0,0,9132,0,7200,7200,7200,7200,-3
2026-04-14T20:53:33,-3,-7827,14563,6516,6516,12000,1340,1353,0,0,0,0,9132,0,7200,7200,7200,7200,-3
2026-04-14T20:53:38,-3,-7793,14589,6518,6519,12000,1331,1361,0,0,0,0,9132,0,7200,7200,7200,7200,-3
2026-04-14T20:53:42,-3,-7763,14614,6521,6521,12000,1256,1313,0,0,0,0,9132,0,7200,7200,7200,7200,-3
2026-04-14T20:53:48,-3,-7726,14641,6524,6524,12000,1309,1339,0,0,0,0,9132,0,7200,7200,7200,7200,-3
2026-04-14T20:53:53,-3,-7690,14668,6526,6526,12000,1315,1338,0,0,0,0,9132,0,7200,7200,7200,7200,-3
2026-04-14T20:53:57,-3,-7661,14693,6528,6528,12000,1324,1338,0,0,0,0,9132,0,7200,7200,7200,7200,-3
2026-04-14T20:54:03,-3,-7622,14721,6531,6531,12000,1309,1338,0,0,0,0,9132,0,7200,7200,7200,7200,-3
2026-04-14T20:54:07,-3,-7592,14747,6533,6533,12000,1317,1340,0,0,0,0,9132,0,7200,7200,7200,7200,-3
2026-04-14T20:54:12,-3,-7560,14772,6536,6536,12000,1324,1347,0,0,0,0,9132,0,7200,7200,7200,7200,-3
2026-04-14T20:54:18,-3,-7519,14800,6539,6539,12000,1308,1338,0,0,0,0,9132,0,7200,7200,7200,7200,-3
2026-04-14T20:54:22,-3,-7487,14827,6541,6541,12000,1317,1333,0,0,0,0,9132,0,7200,7200,7200,7200,-3
2026-04-14T20:54:27,-3,-7457,14851,6543,6543,12000,1316,1339,0,0,0,0,9132,0,7200,7200,7200,7200,-3
2026-04-14T20:54:32,-3,-7421,14879,6546,6546,12000,1300,1346,0,0,0,0,9132,0,7200,7200,7200,7200,-3
2026-04-14T20:54:37,-3,-7387,14904,6548,6548,12000,1301,1331,0,0,0,0,9132,0,7200,7200,7200,7200,-3
2026-04-14T20:54:43,-3,-7349,14932,6551,6551,12000,1309,1353,0,0,0,0,9132,0,7200,7200,7200,7200,-3
2026-04-14T20:54:47,-3,-7321,14955,6553,6553,12000,1309,1340,0,0,0,0,9132,0,7200,7200,7200,7200,-3
2026-04-14T20:54:53,-3,-7280,14980,6556,6556,12000,1309,1340,0,0,0,0,9132,0,7200,7200,7200,7200,-3
2026-04-14T20:54:57,-3,-7249,15006,6558,6558,12000,1310,1348,0,0,0,0,9132,0,7200,7200,7200,7200,-3
2026-04-14T20:55:02,-3,-7217,15032,6561,6561,12000,1308,1338,0,0,0,0,9132,0,7200,7200,7200,7200,-3
2026-04-14T20:55:07,-3,-7183,15059,6563,6563,12000,1307,1344,0,0,0,0,9132,0,7200,7200,7200,7200,-3
2026-04-14T20:55:12,-3,-7148,15085,6566,6566,12000,1310,1340,0,0,0,0,9132,0,7200,7200,7200,7200,-3
2026-04-14T20:55:17,-3,-7113,15111,6568,6568,12000,1310,1340,0,0,0,0,9132,0,7200,7200,7200,7200,-3
2026-04-14T20:55:22,-3,-7081,15137,6571,6571,12000,1316,1346,0,0,0,0,9132,0,7200,7200,7200,7200,-3
2026-04-14T20:55:27,-3,-7046,15164,6573,6573,12000,1307,1348,0,0,0,0,9132,0,7200,7200,7200,7200,-3
2026-04-14T20:55:33,-3,-7008,15187,6576,6576,12000,1316,1339,0,0,0,0,9132,0,7200,7200,7200,7200,-3
2026-04-14T20:55:38,-3,-6976,15213,6579,6579,12000,1318,1334,0,0,0,0,9132,0,7200,7200,7200,7200,-3
2026-04-14T20:55:42,-3,-6942,15239,6581,6581,12000,1312,1341,0,0,0,0,9132,0,7200,7200,7200,7200,-3
2026-04-14T20:55:48,-3,-6906,15265,6584,6584,12000,1307,1339,0,0,0,0,9132,0,7200,7200,7200,7200,-3
2026-04-14T20:55:52,-3,-6876,15291,6586,6586,12000,1323,1354,0,0,0,0,9132,0,7200,7200,7200,7200,-3
2026-04-14T20:55:57,-3,-6842,15317,6588,6588,12000,1309,1346,0,0,0,0,9132,0,7200,7200,7200,7200,-3
2026-04-14T20:56:03,-3,-6803,15345,6591,6591,12000,1331,1339,0,0,0,0,9132,0,7200,7200,7200,7200,-3
2026-04-14T20:56:07,-3,-6771,15371,6593,6593,12000,1326,1356,0,0,0,0,9132,0,7200,7200,7200,7200,-3
2026-04-14T20:56:12,-3,-6739,15396,6596,6596,12000,1306,1338,0,0,0,0,9132,0,7200,7200,7200,7200,-3
2026-04-14T20:56:17,-3,-6707,15422,6598,6598,12000,1300,1337,0,0,0,0,9132,0,7200,7200,7200,7200,-3
2026-04-14T20:56:22,-3,-6670,15449,6601,6601,12000,1308,1338,0,0,0,0,9132,0,7200,7200,7200,7200,-3
2026-04-14T20:56:28,-3,-6633,15476,6604,6604,12000,1308,1338,0,0,0,0,9132,0,7200,7200,7200,7200,-3
2026-04-14T20:56:33,-3,-6599,15503,6606,6606,12000,1306,1337,0,0,0,0,9132,0,7200,7200,7200,7200,-3
2026-04-14T20:56:38,-3,-6565,15529,6609,6609,12000,1308,1338,0,0,0,0,9132,0,7200,7200,7200,7200,-3
2026-04-14T20:56:43,-3,-6530,15555,6611,6611,12000,1323,1346,0,0,0,0,9132,0,7200,7200,7200,7200,-3
2026-04-14T20:56:47,-3,-6502,15580,6613,6613,12000,1308,1338,0,0,0,0,9132,0,7200,7200,7200,7200,-3
2026-04-14T20:56:52,-3,-6466,15607,6616,6616,12000,1311,1342,0,0,0,0,9132,0,7200,7200,7200,7200,-3
2026-04-14T20:56:57,-3,-6430,15634,6618,6618,12000,1316,1339,0,0,0,0,9132,0,7200,7200,7200,7200,-3
2026-04-14T20:57:02,-3,-6396,15660,6621,6621,12000,1312,1342,0,0,0,0,9132,0,7200,7200,7200,7200,-3
2026-04-14T20:57:07,-3,-6364,15685,6623,6623,12000,1311,1341,0,0,0,0,9132,0,7200,7200,7200,7200,-3
2026-04-14T20:57:13,-3,-6326,15713,6626,6626,12000,1317,1347,0,0,0,0,9132,0,7200,7200,7200,7200,-3
2026-04-14T20:57:17,-3,-6297,15738,6628,6628,12000,1317,1347,0,0,0,0,9132,0,7200,7200,7200,7200,-3
2026-04-14T20:57:22,-3,-6258,15766,6631,6631,12000,1271,1286,0,0,0,0,9132,0,7200,7200,7200,7200,-3
2026-04-14T20:57:32,-3,-6228,15791,NaN,NaN,12000,1298,1304,0,0,0,0,NaN,0,NaN,NaN,7200,7200,-3
2026-04-14T20:57:34,-3,-6182,15826,6637,6637,12000,1248,1287,0,0,0,0,9132,0,7200,7200,7200,7200,-3
2026-04-14T20:57:39,-3,-6148,15853,6639,6639,12000,1266,1296,0,0,0,0,9132,0,7200,7200,7200,7200,-3
2026-04-14T20:57:44,-3,-6112,15880,6642,6642,12000,1258,1295,0,0,0,0,9132,0,7200,7200,7200,7200,-3
2026-04-14T20:57:49,-3,-6078,15906,6644,6644,12000,1240,1263,0,0,0,0,9132,0,7200,7200,7200,7200,-3
2026-04-14T20:57:53,-3,-6047,15932,6647,6647,12000,1247,1270,0,0,0,0,9132,0,7200,7200,7200,7200,-3
2026-04-14T20:58:00,-3,-6007,15959,6650,6650,12000,1240,1277,0,0,0,0,9132,0,7200,7200,7200,7200,-3
2026-04-14T20:58:04,-3,-5976,15985,6652,6652,12000,1248,1277,0,0,0,0,9132,0,7200,7200,7200,7200,-3
2026-04-14T20:58:09,-3,-5942,16012,6654,6654,12000,1192,1199,0,0,0,0,9132,0,7200,7200,7200,7200,-3
2026-04-14T20:58:14,-3,-5908,16037,6657,6657,12000,1198,1238,0,0,0,0,9132,0,7200,7200,7200,7200,-3
2026-04-14T20:58:19,-3,-5873,16064,6659,6659,12000,1214,1237,0,0,0,0,9132,0,7200,7200,7200,7200,-3
2026-04-14T20:58:24,-3,-5842,16090,6662,6662,12000,1214,1237,0,0,0,0,9132,0,7200,7200,7200,7200,-3
2026-04-14T20:58:29,-3,-5807,16117,6664,6664,12000,1205,1237,0,0,0,0,9132,0,7200,7200,7200,7200,-3
2026-04-14T20:58:34,-3,-5773,16143,6667,6667,12000,1197,1237,0,0,0,0,9132,0,7200,7200,7200,7200,-3
2026-04-14T20:58:39,-3,-5737,16170,6669,6669,12000,1198,1237,0,0,0,0,9132,0,7200,7200,7200,7200,-3
2026-04-14T20:58:43,-3,-5706,16195,6672,6672,12000,1185,1208,0,0,0,0,9132,0,7200,7200,7200,7200,-3
2026-04-14T20:58:49,-3,-5672,16222,6674,6674,12000,1203,1236,0,0,0,0,9132,0,7200,7200,7200,7200,-3
2026-04-14T20:58:54,-3,-5636,16248,6677,6677,12000,1215,1227,0,0,0,0,9132,0,7200,7200,7200,7200,-3
2026-04-14T20:58:59,-3,-5603,16274,6679,6679,12000,1214,1237,0,0,0,0,9132,0,7200,7200,7200,7200,-3
2026-04-14T20:59:04,-3,-5569,16300,6682,6682,12000,1207,1227,0,0,0,0,9132,0,7200,7200,7200,7200,-3
2026-04-14T20:59:09,-3,-5532,16327,6684,6684,12000,1205,1235,0,0,0,0,9132,0,7200,7200,7200,7200,-3
2026-04-14T20:59:14,-3,-5501,16353,6687,6687,12000,1211,1234,0,0,0,0,9132,0,7200,7200,7200,7200,-3
2026-04-14T20:59:20,-3,-5462,16381,6690,6690,12000,1207,1236,0,0,0,0,9132,0,7200,7200,7200,7200,-3
2026-04-14T20:59:24,-3,-5432,16406,6692,6692,12000,1219,1235,0,0,0,0,9132,0,7200,7200,7200,7200,-3
2026-04-14T20:59:29,-3,-5393,16433,6695,6695,12000,1214,1237,0,0,0,0,9132,0,7200,7200,7200,7200,-3
2026-04-14T20:59:33,-3,-5364,16458,6697,6697,12000,1207,1228,0,0,0,0,9132,0,7200,7200,7200,7200,-3
2026-04-14T20:59:39,-3,-5328,16485,6699,6699,12000,1200,1238,0,0,0,0,9132,0,7200,7200,7200,7200,-3
2026-04-14T20:59:44,-3,-5294,16512,6702,6702,12000,1208,1228,0,0,0,0,9132,0,7200,7200,7200,7200,-3
2026-04-14T20:59:49,-3,-5262,16537,6704,6704,12000,1177,1209,0,0,0,0,9132,0,7200,7200,7200,7200,-3
2026-04-14T20:59:54,-3,-5225,16564,6707,6707,12000,1201,1236,0,0,0,0,9132,0,7200,7200,7200,7200,-3
2026-04-14T21:00:00,-3,-5192,16590,6709,6709,12000,1213,1236,0,0,0,0,9132,0,7200,7200,7200,7200,-3
2026-04-14T21:00:04,-3,-5159,16617,6712,6712,12000,1213,1227,0,0,0,0,9132,0,7200,7200,7200,7200,-3
2026-04-14T21:00:08,-3,-5128,16642,6714,6714,12000,1205,1228,0,0,0,0,9132,0,7200,7200,7200,7200,-3
2026-04-14T21:00:14,-3,-5090,16670,6717,6717,12000,1212,1235,0,0,0,0,9132,0,7200,7200,7200,7200,-3
2026-04-14T21:00:19,-3,-5056,16696,6719,6719,12000,1196,1228,0,0,0,0,9132,0,7200,7200,7200,7200,-3
2026-04-14T21:00:24,-3,-5022,16722,6722,6722,12000,1211,1234,0,0,0,0,9132,0,7200,7200,7200,7200,-3
2026-04-14T21:00:28,-3,-4989,16748,6724,6724,12000,1216,1239,0,0,0,0,9132,0,7200,7200,7200,7200,-3
2026-04-14T21:00:34,-3,-4954,16775,6727,6727,12000,1213,1239,0,0,0,0,9132,0,7200,7200,7200,7200,-3
2026-04-14T21:00:40,-3,-4919,16797,6729,6729,12000,1215,1238,0,0,0,0,9132,0,7200,7200,7200,7200,-3
2026-04-14T21:00:44,-3,-4884,16824,6732,6732,12000,1215,1228,0,0,0,0,9132,0,7200,7200,7200,7200,-3
2026-04-14T21:00:48,-3,-4853,16849,6734,6734,12000,1218,1241,0,0,0,0,9132,0,7200,7200,7200,7200,-3
2026-04-14T21:00:54,-3,-4816,16878,6737,6737,12000,1199,1228,0,0,0,0,9132,0,7200,7200,7200,7200,-3
2026-04-14T21:00:59,-3,-4781,16903,6739,6739,12000,1196,1238,0,0,0,0,9132,0,7200,7200,7200,7200,-3
2026-04-14T21:01:05,-3,-4746,16929,6742,6742,12000,1210,1241,0,0,0,0,9132,0,7200,7200,7200,7200,-3
2026-04-14T21:01:09,-3,-4714,16956,6744,6744,12000,1202,1232,0,0,0,0,9132,0,7200,7200,7200,7200,-3
2026-04-14T21:01:13,-3,-4683,16980,6747,6747,12000,1207,1237,0,0,0,0,9132,0,7200,7200,7200,7200,-3
2026-04-14T21:01:18,-3,-4651,17007,6749,6749,12000,1207,1240,0,0,0,0,9132,0,7200,7200,7200,7200,-3
2026-04-14T21:01:24,-3,-4613,17033,6752,6752,12000,1210,1241,0,0,0,0,9132,0,7200,7200,7200,7200,-3
2026-04-14T21:01:29,-3,-4577,17061,6755,6755,12000,1211,1241,0,0,0,0,9132,0,7200,7200,7200,7200,-3
2026-04-14T21:01:35,-3,-4541,17088,6757,6757,12000,1208,1231,0,0,0,0,9132,0,7200,7200,7200,7200,-3
2026-04-14T21:01:39,-3,-4508,17113,6759,6760,12000,1218,1241,0,0,0,0,9132,0,7200,7200,7200,7200,-3
2026-04-14T21:01:44,-3,-4474,17140,6762,6762,12000,1217,1241,0,0,0,0,9132,0,7200,7200,7200,7200,-3
2026-04-14T21:01:49,-3,-4443,17162,6764,6764,12000,1217,1240,0,0,0,0,9132,0,7200,7200,7200,7200,-3
2026-04-14T21:01:54,-3,-4411,17187,6767,6767,12000,1201,1239,0,0,0,0,9132,0,7200,7200,7200,7200,-3
2026-04-14T21:01:59,-3,-4375,17213,6769,6769,12000,1218,1240,0,0,0,0,9132,0,7200,7200,7200,7200,-3
2026-04-14T21:02:05,-3,-4337,17242,6772,6772,12000,1219,1242,0,0,0,0,9132,0,7200,7200,7200,7200,-3
2026-04-14T21:02:10,-3,-4304,17267,6775,6775,12000,1219,1242,0,0,0,0,9132,0,7200,7200,7200,7200,-3
2026-04-14T21:02:15,-3,-4271,17293,6777,6777,12000,1219,1232,0,0,0,0,9132,0,7200,7200,7200,7200,-3
2026-04-14T21:02:19,-3,-4236,17319,6779,6779,12000,1217,1242,0,0,0,0,9132,0,7200,7200,7200,7200,-3
2026-04-14T21:02:25,-3,-4202,17347,6782,6782,12000,1193,1230,0,0,0,0,9132,0,7200,7200,7200,7200,-3
2026-04-14T21:02:29,-3,-4169,17373,6784,6784,12000,1216,1233,0,0,0,0,9132,0,7200,7200,7200,7200,-3
2026-04-14T21:02:35,-3,-4131,17400,6787,6787,12000,1221,1225,0,0,0,0,9132,0,7200,7200,7200,7200,-3
2026-04-14T21:02:39,-3,-4102,17425,6789,6789,12000,1221,1244,0,0,0,0,9132,0,7200,7200,7200,7200,-3
2026-04-14T21:02:44,-3,-4068,17451,6792,6792,12000,1194,1244,0,0,0,0,9132,0,7200,7200,7200,7200,-3
2026-04-14T21:02:49,-3,-4036,17477,6794,6794,12000,1221,1244,0,0,0,0,9132,0,7200,7200,7200,7200,-3
2026-04-14T21:02:54,-3,-3996,17505,6797,6797,12000,1211,1242,0,0,0,0,9132,0,7200,7200,7200,7200,-3
2026-04-14T21:03:00,-3,-3963,17530,6799,6800,12000,1196,1244,0,0,0,0,9132,0,7200,7200,7200,7200,-3
2026-04-14T21:03:04,-3,-3932,17556,6802,6802,12000,1222,1244,0,0,0,0,9132,0,7200,7200,7200,7200,-3
2026-04-14T21:03:09,-3,-3899,17582,6804,6804,12000,1221,1244,0,0,0,0,9132,0,7200,7200,7200,7200,-3
2026-04-14T21:03:15,-3,-3858,17611,6807,6807,12000,1215,1245,0,0,0,0,9132,0,7200,7200,7200,7200,-3
2026-04-14T21:03:19,-3,-3830,17635,6809,6809,12000,1238,1261,0,0,0,0,9132,0,7200,7200,7200,7200,-3
2026-04-14T21:03:25,-3,-3791,17663,6812,6812,12000,1214,1244,0,0,0,0,9132,0,7200,7200,7200,7200,-3
2026-04-14T21:03:30,-3,-3758,17688,6814,6814,12000,1221,1244,0,0,0,0,9132,0,7200,7200,7200,7200,-3
2026-04-14T21:03:35,-3,-3724,17715,6817,6817,12000,1215,1235,0,0,0,0,9132,0,7200,7200,7200,7200,-3
2026-04-14T21:03:39,-3,-3694,17740,6819,6819,12000,1215,1244,0,0,0,0,9132,0,7200,7200,7200,7200,-3
2026-04-14T21:03:45,-3,-3657,17767,6822,6822,12000,1220,1234,0,0,0,0,9132,0,7200,7200,7200,7200,-3
2026-04-14T21:03:50,-3,-3622,17794,6825,6825,12000,1231,1246,0,0,0,0,9132,0,7200,7200,7200,7200,-3
2026-04-14T21:03:54,-3,-3589,17821,6827,6827,12000,1217,1247,0,0,0,0,9132,0,7200,7200,7200,7200,-3
2026-04-14T21:03:59,-3,-3558,17845,6829,6829,12000,1215,1245,0,0,0,0,9132,0,7200,7200,7200,7200,-3
2026-04-14T21:04:05,-3,-3522,17873,6832,6832,12000,1223,1261,0,0,0,0,9132,0,7200,7200,7200,7200,-3
2026-04-14T21:04:10,-3,-3485,17899,6835,6835,12000,1217,1245,0,0,0,0,9132,0,7200,7200,7200,7200,-3
2026-04-14T21:04:15,-3,-3451,17922,6837,6837,12000,1223,1244,0,0,0,0,9132,0,7200,7200,7200,7200,-3
2026-04-14T21:04:20,-3,-3419,17948,6839,6840,12000,1214,1244,0,0,0,0,9132,0,7200,7200,7200,7200,-3
2026-04-14T21:04:24,-3,-3383,17975,6842,6842,12000,1215,1244,0,0,0,0,9132,0,7200,7200,7200,7200,-3
2026-04-14T21:04:30,-3,-3349,18000,6845,6845,12000,1193,1224,0,0,0,0,9132,0,7200,7200,7200,7200,-3
2026-04-14T21:04:34,-3,-3318,18026,6847,6847,12000,1218,1233,0,0,0,0,9132,0,7200,7200,7200,7200,-3
2026-04-14T21:04:40,-3,-3280,18053,6850,6850,12000,1210,1241,0,0,0,0,9132,0,7200,7200,7200,7200,-3
2026-04-14T21:04:44,-3,-3252,18078,6852,6852,12000,1197,1224,0,0,0,0,9132,0,7200,7200,7200,7200,-3
2026-04-14T21:04:49,-3,-3215,18105,6854,6854,12000,1215,1234,0,0,0,0,9132,0,7200,7200,7200,7200,-3
2026-04-14T21:04:54,-3,-3183,18131,6857,6857,12000,1221,1244,0,0,0,0,9132,0,7200,7200,7200,7200,-3
2026-04-14T21:05:00,-3,-3144,18158,6860,6860,12000,1212,1233,0,0,0,0,9132,0,7200,7200,7200,7200,-3
2026-04-14T21:05:04,-3,-3109,18186,6862,6862,12000,1193,1234,0,0,0,0,9132,0,7200,7200,7200,7200,-3
2026-04-14T21:05:09,-3,-3078,18211,6864,6864,12000,1227,1234,0,0,0,0,9132,0,7200,7200,7200,7200,-3
2026-04-14T21:05:14,-3,-3047,18237,6867,6867,12000,1214,1243,0,0,0,0,9132,0,7200,7200,7200,7200,-3
2026-04-14T21:05:19,-3,-3010,18263,6869,6869,12000,1204,1244,0,0,0,0,9132,0,7200,7200,7200,7200,-3
2026-04-14T21:05:24,-3,-2977,18290,6872,6872,12000,1213,1226,0,0,0,0,9132,0,7200,7200,7200,7200,-3
2026-04-14T21:05:29,-3,-2943,18316,6874,6874,12000,1233,1246,0,0,0,0,9132,0,7200,7200,7200,7200,-3
2026-04-14T21:05:35,-3,-2907,18342,6877,6877,12000,1217,1247,0,0,0,0,9132,0,7200,7200,7200,7200,-3
2026-04-14T21:05:39,-3,-2875,18369,6879,6879,12000,1205,1247,0,0,0,0,9132,0,7200,7200,7200,7200,-3
2026-04-14T21:05:44,-3,-2842,18394,6882,6882,12000,1225,1248,0,0,0,0,9132,0,7200,7200,7200,7200,-3
2026-04-14T21:05:49,-3,-2808,18420,6884,6884,12000,1208,1247,0,0,0,0,9132,0,7200,7200,7200,7200,-3
2026-04-14T21:05:54,-3,-2772,18448,6887,6887,12000,1217,1237,0,0,0,0,9132,0,7200,7200,7200,7200,-3
2026-04-14T21:05:59,-3,-2739,18474,6889,6889,12000,1218,1248,0,0,0,0,9132,0,7200,7200,7200,7200,-3
2026-04-14T21:06:05,-3,-2702,18501,6892,6892,12000,948,994,0,0,0,0,9132,0,7200,7200,7200,7200,-3
2026-04-14T21:06:09,-3,-2672,18522,6894,6894,12000,1033,1059,0,0,0,0,9132,0,7200,7200,7200,7200,-3
2026-04-14T21:06:15,-3,-2631,18550,6897,6897,12000,1026,1049,0,0,0,0,9132,0,7200,7200,7200,7200,-3
2026-04-14T21:06:19,-3,-2603,18575,6899,6899,12000,1034,1064,0,0,0,0,9132,0,7200,7200,7200,7200,-3
2026-04-14T21:06:24,-3,-2567,18601,6902,6902,12000,1017,1047,0,0,0,0,9132,0,7200,7200,7200,7200,-3
2026-04-14T21:06:29,-3,-2536,18627,6904,6904,12000,1032,1056,0,0,0,0,9132,0,7200,7200,7200,7200,-3
2026-04-14T21:06:35,-3,-2497,18654,6907,6907,12000,1041,1071,0,0,0,0,9132,0,7200,7200,7200,7200,-3
2026-04-14T21:06:39,-3,-2467,18679,6909,6909,12000,1055,1077,0,0,0,0,9132,0,7200,7200,7200,7200,-3
2026-04-14T21:06:44,-3,-2431,18708,6912,6912,12000,1056,1070,0,0,0,0,9132,0,7200,7200,7200,7200,-3
2026-04-14T21:06:49,-3,-2399,18733,6914,6914,12000,1041,1070,0,0,0,0,9132,0,7200,7200,7200,7200,-3
2026-04-14T21:06:55,-3,-2359,18760,6917,6917,12000,1041,1070,0,0,0,0,9132,0,7200,7200,7200,7200,-3
2026-04-14T21:06:59,-3,-2331,18785,6919,6919,12000,1039,1062,0,0,0,0,9132,0,7200,7200,7200,7200,-3
2026-04-14T21:07:04,-3,-2293,18811,6922,6922,12000,1062,1078,0,0,0,0,9132,0,7200,7200,7200,7200,-3
2026-04-14T21:07:09,-3,-2261,18830,6924,6924,12000,1026,1056,0,0,0,0,9132,0,7200,7200,7200,7200,-3
2026-04-14T21:07:15,-3,-2224,18857,6927,6927,12000,1016,1047,0,0,0,0,9132,0,7200,7200,7200,7200,-3
2026-04-14T21:07:19,-3,-2192,18883,6929,6929,12000,1026,1049,0,0,0,0,9132,0,7200,7200,7200,7200,-3
2026-04-14T21:07:25,-3,-2156,18910,6932,6932,12000,1023,1062,0,0,0,0,9132,0,7200,7200,7200,7200,-3
2026-04-14T21:07:29,-3,-2124,18936,6934,6934,12000,1042,1072,0,0,0,0,9132,0,7200,7200,7200,7200,-3
2026-04-14T21:07:35,-3,-2087,18962,6937,6937,12000,1058,1070,0,0,0,0,9132,0,7200,7200,7200,7200,-3
2026-04-14T21:07:39,-3,-2057,18988,6939,6939,12000,1044,1058,0,0,0,0,9132,0,7200,7200,7200,7200,-3
2026-04-14T21:07:44,-3,-2022,19015,6942,6942,12000,1048,1070,0,0,0,0,9132,0,7200,7200,7200,7200,-3
2026-04-14T21:07:49,-3,-1989,19040,6944,6944,12000,1032,1048,0,0,0,0,9132,0,7200,7200,7200,7200,-3
2026-04-14T21:07:54,-3,-1953,19067,6947,6947,12000,1024,1048,0,0,0,0,9132,0,7200,7200,7200,7200,-3
2026-04-14T21:07:59,-3,-1921,19093,6949,6949,12000,1035,1049,0,0,0,0,9132,0,7200,7200,7200,7200,-3
2026-04-14T21:08:05,-3,-1881,19122,6952,6952,12000,1073,1099,0,0,0,0,9132,0,7200,7200,7200,7200,-3
2026-04-14T21:08:10,-3,-1848,19147,6955,6955,12000,1120,1150,0,0,0,0,9132,0,7200,7200,7200,7200,-3
2026-04-14T21:08:15,-3,-1816,19173,6957,6957,12000,1144,1168,0,0,0,0,9132,0,7200,7200,7200,7200,-3
2026-04-14T21:08:18,-3,-1787,19198,6959,6959,12000,1135,1165,0,0,0,0,9132,0,7200,7200,7200,7200,-3
2026-04-14T21:08:24,-3,-1749,19226,6962,6962,12000,1089,1113,0,0,0,0,9132,0,7200,7200,7200,7200,-3
2026-04-14T21:08:29,-3,-1717,19251,6964,6964,12000,1073,1096,0,0,0,0,9132,0,7200,7200,7200,7200,-3
2026-04-14T21:08:35,-3,-1681,19278,6967,6967,12000,1092,1115,0,0,0,0,9132,0,7200,7200,7200,7200,-3
2026-04-14T21:08:39,-3,-1645,19304,6970,6970,12000,1090,1105,0,0,0,0,9132,0,7200,7200,7200,7200,-3
2026-04-14T21:08:45,-3,-1611,19331,6972,6972,12000,1023,1063,0,0,0,0,9132,0,7200,7200,7200,7200,-3
2026-04-14T21:08:49,-3,-1578,19357,6974,6974,12000,1022,1046,0,0,0,0,9132,0,7200,7200,7200,7200,-3
2026-04-14T21:08:55,-3,-1542,19384,6977,6977,12000,1070,1086,0,0,0,0,9132,0,7200,7200,7200,7200,-3
2026-04-14T21:08:59,-3,-1512,19409,6979,6979,12000,1063,1105,0,0,0,0,9132,0,7200,7200,7200,7200,-3
2026-04-14T21:09:05,-3,-1473,19437,6982,6982,12000,1063,1096,0,0,0,0,9132,0,7200,7200,7200,7200,-3
2026-04-14T21:09:09,-3,-1444,19461,6984,6984,12000,1073,1096,0,0,0,0,9132,0,7200,7200,7200,7200,-3
2026-04-14T21:09:14,-3,-1411,19488,6987,6987,12000,1065,1095,0,0,0,0,9132,0,7200,7200,7200,7200,-3
2026-04-14T21:09:19,-3,-1377,19514,6989,6989,12000,1022,1036,0,0,0,0,9132,0,7200,7200,7200,7200,-3
2026-04-14T21:09:25,-3,-1337,19543,6992,6992,12000,1046,1045,0,0,0,0,9132,0,7200,7200,7200,7200,-3
2026-04-14T21:09:30,-3,-1305,19568,6995,6995,12000,1022,1043,0,0,0,0,9132,0,7200,7200,7200,7200,-3
2026-04-14T21:09:35,-3,-1269,19594,6997,6997,12000,1013,1053,0,0,0,0,9132,0,7200,7200,7200,7200,-3
2026-04-14T21:09:39,-3,-1238,19619,6999,6999,12000,1021,1044,0,0,0,0,9132,0,7200,7200,7200,7200,-3
2026-04-14T21:09:44,-3,-1205,19646,7002,7002,12000,1040,1062,0,0,0,0,9132,0,7200,7200,7200,7200,-3
2026-04-14T21:09:50,-3,-1167,19674,7005,7005,12000,1035,1042,0,0,0,0,9132,0,7200,7200,7200,7200,-3
2026-04-14T21:09:55,-3,-1131,19701,7007,7007,12000,1012,1044,0,0,0,0,9132,0,7200,7200,7200,7200,-3
2026-04-14T21:10:00,-3,-1099,19726,7010,7010,12000,1033,1056,0,0,0,0,9132,0,7200,7200,7200,7200,-3
2026-04-14T21:10:05,-3,-1067,19751,7012,7012,12000,1015,1054,0,0,0,0,9132,0,7200,7200,7200,7200,-3
2026-04-14T21:10:09,-3,-1034,19778,7014,7014,12000,1022,1045,0,0,0,0,9132,0,7200,7200,7200,7200,-3
2026-04-14T21:10:14,-3,-998,19805,7017,7017,12000,1020,1067,0,0,0,0,9132,0,7200,7200,7200,7200,-3
2026-04-14T21:10:19,-3,-964,19830,7019,7019,12000,1031,1054,0,0,0,0,9132,0,7200,7200,7200,7200,-3
2026-04-14T21:10:24,-3,-933,19856,7022,7022,12000,1017,1046,0,0,0,0,9132,0,7200,7200,7200,7200,-3
2026-04-14T21:10:29,-3,-897,19883,7024,7024,12000,1024,1054,0,0,0,0,9132,0,7200,7200,7200,7200,-3
2026-04-14T21:10:34,-3,-862,19910,7027,7027,12000,1045,1061,0,0,0,0,9132,0,7200,7200,7200,7200,-3
2026-04-14T21:10:39,-3,-827,19936,7030,7030,12000,1008,1045,0,0,0,0,9132,0,7200,7200,7200,7200,-3
2026-04-14T21:10:44,-3,-797,19962,7032,7032,12000,1022,1056,0,0,0,0,9132,0,7200,7200,7200,7200,-3
2026-04-14T21:10:49,-3,-761,19989,7034,7034,12000,1048,1071,0,0,0,0,9132,0,7200,7200,7200,7200,-3
2026-04-14T21:10:54,-3,-726,20015,7037,7037,12000,1033,1056,0,0,0,0,9132,0,7200,7200,7200,7200,-3
2026-04-14T21:10:59,-3,-693,20041,7039,7039,12000,1041,1064,0,0,0,0,9132,0,7200,7200,7200,7200,-3
2026-04-14T21:11:04,-3,-661,20068,7042,7042,12000,1025,1046,0,0,0,0,9132,0,7200,7200,7200,7200,-3
2026-04-14T21:11:09,-3,-625,20094,7044,7044,12000,1040,1046,0,0,0,0,9132,0,7200,7200,7200,7200,-3
2026-04-14T21:11:14,-3,-589,20120,7047,7047,12000,1040,1063,0,0,0,0,9132,0,7200,7200,7200,7200,-3
2026-04-14T21:11:20,-3,-556,20148,7050,7050,12000,1040,1071,0,0,0,0,9132,0,7200,7200,7200,7200,-3
2026-04-14T21:11:24,-3,-525,20173,7052,7052,12000,1048,1071,0,0,0,0,9132,0,7200,7200,7200,7200,-3
2026-04-14T21:11:29,-3,-487,20199,7054,7054,12000,1074,1097,0,0,0,0,9132,0,7200,7200,7200,7200,-3
2026-04-14T21:11:34,-3,-454,20225,7057,7057,12000,1075,1098,0,0,0,0,9132,0,7200,7200,7200,7200,-3
2026-04-14T21:11:40,-3,-414,20254,7060,7060,12000,1042,1089,0,0,0,0,9132,0,7200,7200,7200,7200,-3
2026-04-14T21:11:44,-3,-388,20278,7062,7062,12000,1074,1097,0,0,0,0,9132,0,7200,7200,7200,7200,-3
2026-04-14T21:11:50,-3,-349,20306,7065,7065,12000,1066,1096,0,0,0,0,9132,0,7200,7200,7200,7200,-3
2026-04-14T21:11:54,-3,-319,20330,7067,7067,12000,1056,1086,0,0,0,0,9132,0,7200,7200,7200,7200,-3
2026-04-14T21:11:59,-3,-284,20358,7069,7069,12000,1061,1098,0,0,0,0,9132,0,7200,7200,7200,7200,-3
2026-04-14T21:12:04,-3,-250,20384,7072,7072,12000,1058,1098,0,0,0,0,9132,0,7200,7200,7200,7200,-3
2026-04-14T21:12:10,-3,-212,20410,7075,7075,12000,1073,1095,0,0,0,0,9132,0,7200,7200,7200,7200,-3
2026-04-14T21:12:15,-3,-180,20432,7077,7077,12000,1075,1098,0,0,0,0,9132,0,7200,7200,7200,7200,-3
2026-04-14T21:12:20,-3,-143,20459,7080,7080,12000,1066,1114,0,0,0,0,9132,0,7200,7200,7200,7200,-3
2026-04-14T21:12:25,-3,-112,20485,7082,7082,12000,1083,1114,0,0,0,0,9132,0,7200,7200,7200,7200,-3
2026-04-14T21:12:32,NaN,-62,20526,7086,7086,12000,1075,1113,NaN,NaN,0,0,9132,0,7200,7200,7200,7200,-3
2026-04-14T21:12:34,-3,-46,20537,7087,7087,12000,1073,1097,0,0,0,0,9132,0,7200,7200,7200,7200,-3
2026-04-14T21:12:40,-3,-7,20565,7090,7090,12000,1084,1114,0,0,0,0,9132,0,7200,7200,7200,7200,-3
2026-04-14T21:12:44,-3,23,20590,7092,7092,12000,1083,1113,0,0,0,0,9132,0,7200,7200,7200,7200,-3
2026-04-14T21:12:50,-3,59,20618,7095,7095,12000,1090,1113,0,0,0,0,9132,0,7200,7200,7200,7200,-3
2026-04-14T21:12:54,-3,89,20642,7097,7097,12000,1063,1111,0,0,0,0,9132,0,7200,7200,7200,7200,-3
2026-04-14T21:13:00,-3,130,20670,7100,7100,12000,2930,2973,0,0,0,0,9132,0,7200,7200,7200,7200,-3
2026-04-14T21:13:04,-3,158,20695,7102,7102,12000,2998,3020,0,0,0,0,9132,0,7200,7200,7200,7200,-3
2026-04-14T21:13:10,-3,196,20722,7105,7105,12000,3002,3013,0,0,0,0,9132,0,7200,7200,7200,7200,-3
2026-04-14T21:13:14,-3,226,20747,7107,7107,12000,2971,2984,0,0,0,0,9132,0,7200,7200,7200,7200,-4
2026-04-14T21:13:20,-4,266,20775,7110,7110,12000,2979,2999,0,0,0,0,9132,0,7200,7200,7200,7200,-3
2026-04-14T21:13:24,-3,293,20800,7112,7112,12000,2950,2966,0,0,0,0,9132,0,7200,7200,7200,7200,-3
2026-04-14T21:13:29,-3,328,20827,7114,7114,12000,301,331,0,0,0,0,9132,0,7200,7200,7200,7200,-3
2026-04-14T21:13:34,-3,364,20849,7117,7117,12000,1141,1164,0,0,0,0,9132,0,7200,7200,7200,7200,-3
2026-04-14T21:13:39,-3,397,20875,7119,7119,12000,1100,1121,0,0,0,0,9132,0,7200,7200,7200,7200,-3
2026-04-14T21:13:44,-3,431,20901,7122,7122,12000,1064,1088,0,0,0,0,9132,0,7200,7200,7200,7200,-3
2026-04-14T21:13:50,-3,468,20929,7125,7125,12000,1068,1107,0,0,0,0,9132,0,7200,7200,7200,7200,-3
2026-04-14T21:13:55,-3,503,20956,7127,7127,12000,1075,1098,0,0,0,0,9132,0,7200,7200,7200,7200,-3
2026-04-14T21:13:59,-4,536,20981,7129,7129,12000,3972,3990,0,0,0,0,9132,0,7200,7200,7200,7200,-3
2026-04-14T21:14:04,-3,567,21007,7132,7132,12000,3143,3165,0,0,0,0,9132,0,7200,7200,7200,7200,-3
2026-04-14T21:14:09,-3,605,21034,7135,7135,12000,3160,3183,0,0,0,0,9132,0,7200,7200,7200,7200,-3
2026-04-14T21:14:15,-3,638,21060,7137,7137,12000,3150,3189,0,0,0,0,9132,0,7200,7200,7200,7200,-3
2026-04-14T21:14:20,-4,672,21086,7140,7140,12000,3164,3186,0,0,0,0,9132,0,7200,7200,7200,7200,-3
2026-04-14T21:14:24,-4,704,21113,7142,7142,12000,3155,3198,0,0,0,0,9132,0,7200,7200,7200,7200,-3
2026-04-14T21:14:30,-3,739,21138,7144,7144,12000,3007,3037,0,0,0,0,9132,0,7200,7200,7200,7200,-3
2026-04-14T21:14:34,-3,773,21165,7147,7147,12000,1219,1245,0,0,0,0,9132,0,7200,7200,7200,7200,-3
2026-04-14T21:14:39,-3,808,21192,7149,7149,12000,1249,1294,0,0,0,0,9132,0,7200,7200,7200,7200,-3
2026-04-14T21:14:44,-3,839,21218,7152,7152,12000,1262,1285,0,0,0,0,9132,0,7200,7200,7200,7200,-3
2026-04-14T21:14:49,-3,875,21244,7154,7154,12000,1269,1293,0,0,0,0,9132,0,7200,7200,7200,7200,-3
2026-04-14T21:14:55,-3,913,21272,7157,7157,12000,1240,1272,0,0,0,0,9132,0,7200,7200,7200,7200,-3
2026-04-14T21:15:00,-3,944,21297,7160,7160,12000,1264,1294,0,0,0,0,9132,0,7200,7200,7200,7200,-3
2026-04-14T21:15:04,-3,977,21324,7162,7162,12000,1232,1261,0,0,0,0,9132,0,7200,7200,7200,7200,-3
2026-04-14T21:15:09,-3,1013,21350,7165,7165,12000,1246,1269,0,0,0,0,9132,0,7200,7200,7200,7200,-3
2026-04-14T21:15:14,-3,1045,21375,7167,7167,12000,1233,1271,0,0,0,0,9132,0,7200,7200,7200,7200,-3
2026-04-14T21:15:19,-4,1078,21402,7169,7169,12000,3320,3331,0,0,0,0,9132,0,7200,7200,7200,7200,-3
2026-04-14T21:15:24,-3,1115,21429,7172,7172,12000,3113,3145,0,0,0,0,9132,0,7200,7200,7200,7200,-4
2026-04-14T21:15:29,-3,1148,21454,7174,7174,12000,1145,1167,0,0,0,0,9132,0,7200,7200,7200,7200,-3
2026-04-14T21:15:35,-3,1183,21482,7177,7177,12000,1240,1270,0,0,0,0,9132,0,7200,7200,7200,7200,-3
2026-04-14T21:15:40,-3,1218,21508,7180,7180,12000,1246,1270,0,0,0,0,9132,0,7200,7200,7200,7200,-3
2026-04-14T21:15:45,-3,1251,21533,7182,7182,12000,1252,1268,0,0,0,0,9132,0,7200,7200,7200,7200,-3
2026-04-14T21:15:49,-3,1286,21560,7185,7185,12000,1248,1271,0,0,0,0,9132,0,7200,7200,7200,7200,-3
2026-04-14T21:15:54,-3,1318,21587,7187,7187,12000,1248,1277,0,0,0,0,9132,0,7200,7200,7200,7200,-3
2026-04-14T21:15:59,-3,1349,21612,7189,7189,12000,1246,1270,0,0,0,0,9132,0,7200,7200,7200,7200,-3
2026-04-14T21:16:05,-4,1392,21641,7192,7192,12000,3044,2922,0,0,0,0,9132,0,7200,7200,7200,7200,-3
2026-04-14T21:16:09,-3,1421,21665,7194,7194,12000,3070,3109,0,0,0,0,9132,0,7200,7200,7200,7200,-3
2026-04-14T21:16:15,-3,1458,21693,7197,7197,12000,1239,1268,0,0,0,0,9132,0,7200,7200,7200,7200,-3
2026-04-14T21:16:19,-3,1487,21717,7199,7199,12000,1238,1268,0,0,0,0,9132,0,7200,7200,7200,7200,-3
2026-04-14T21:16:25,-3,1527,21746,7202,7202,12000,1245,1277,0,0,0,0,9132,0,7200,7200,7200,7200,-3
2026-04-14T21:16:30,-3,1559,21771,7205,7205,12000,1260,1276,0,0,0,0,9132,0,7200,7200,7200,7200,-3
2026-04-14T21:16:35,-3,1591,21797,7207,7207,12000,1255,1276,0,0,0,0,9132,0,7200,7200,7200,7200,-3
2026-04-14T21:16:39,-3,1624,21823,7209,7209,12000,1254,1284,0,0,0,0,9132,0,7200,7200,7200,7200,-3
2026-04-14T21:16:44,-3,1662,21852,7212,7212,12000,1229,1243,0,0,0,0,9132,0,7200,7200,7200,7200,-3
2026-04-14T21:16:49,-3,1693,21876,7214,7214,12000,1246,1277,0,0,0,0,9132,0,7200,7200,7200,7200,-3
2026-04-14T21:16:54,-4,1730,21903,7217,7217,12000,1339,1370,0,0,0,0,9132,0,7200,7200,7200,7200,-3
2026-04-14T21:17:00,-3,1766,21930,7220,7220,12000,1238,1268,0,0,0,0,9132,0,7200,7200,7200,7200,-3
2026-04-14T21:17:05,-3,1799,21957,7222,7222,12000,1209,1232,0,0,0,0,9132,0,7200,7200,7200,7200,-3
2026-04-14T21:17:09,-3,1828,21981,7224,7224,12000,1193,1216,0,0,0,0,9132,0,7200,7200,7200,7200,-3
2026-04-14T21:17:14,-3,1864,22008,7227,7227,12000,3230,3253,0,0,0,0,9132,0,7200,7200,7200,7200,-3
2026-04-14T21:17:20,-3,1902,22035,7230,7230,12000,3077,3080,0,0,0,0,9132,0,7200,7200,7200,7200,-3
2026-04-14T21:17:24,-3,1932,22060,7232,7232,12000,1152,1190,0,0,0,0,9132,0,7200,7200,7200,7200,-3
2026-04-14T21:17:30,-3,1972,22088,7235,7235,12000,1246,1269,0,0,0,0,9132,0,7200,7200,7200,7200,-3
2026-04-14T21:17:35,-3,2003,22113,7237,7237,12000,1244,1261,0,0,0,0,9132,0,7200,7200,7200,7200,-3
2026-04-14T21:17:40,-3,2038,22140,7240,7240,12000,1210,1223,0,0,0,0,9132,0,7200,7200,7200,7200,-3
2026-04-14T21:17:44,-3,2068,22166,7242,7242,12000,1227,1243,0,0,0,0,9132,0,7200,7200,7200,7200,-3
2026-04-14T21:17:50,-3,2107,22193,7245,7245,12000,1186,1216,0,0,0,0,9132,0,7200,7200,7200,7200,-3
2026-04-14T21:17:54,-3,2136,22217,7247,7247,12000,1210,1243,0,0,0,0,9132,0,7200,7200,7200,7200,-3
2026-04-14T21:17:59,-3,2171,22244,7249,7249,12000,1220,1243,0,0,0,0,9132,0,7200,7200,7200,7200,-3
2026-04-14T21:18:04,-3,2204,22271,7252,7252,12000,1229,1245,0,0,0,0,9132,0,7200,7200,7200,7200,-3
2026-04-14T21:18:09,-3,2237,22297,7254,7254,12000,1232,1236,0,0,0,0,9132,0,7200,7200,7200,7200,-3
2026-04-14T21:18:15,-3,2278,22325,7257,7257,12000,1229,1243,0,0,0,0,9132,0,7200,7200,7200,7200,-3
2026-04-14T21:18:19,-3,2307,22349,7259,7259,12000,1203,1234,0,0,0,0,9132,0,7200,7200,7200,7200,-3
2026-04-14T21:18:25,-3,2347,22378,7262,7262,12000,1228,1242,0,0,0,0,9132,0,7200,7200,7200,7200,-3
2026-04-14T21:18:29,-3,2374,22402,7264,7264,12000,1230,1262,0,0,0,0,9132,0,7200,7200,7200,7200,-3
2026-04-14T21:18:34,-3,2409,22429,7267,7267,12000,1216,1246,0,0,0,0,9132,0,7200,7200,7200,7200,-3
2026-04-14T21:18:39,-3,2442,22455,7269,7269,12000,1222,1245,0,0,0,0,9132,0,7200,7200,7200,7200,-3
2026-04-14T21:18:44,-3,2477,22482,7272,7272,12000,1221,1244,0,0,0,0,9132,0,7200,7200,7200,7200,-4
2026-04-14T21:18:49,-3,2510,22503,7274,7274,12000,4416,3018,0,0,0,0,9132,0,7200,7200,7200,7200,-3
2026-04-14T21:18:54,-3,2546,22530,7277,7277,12000,3109,3135,0,0,0,0,9132,0,7200,7200,7200,7200,-4
2026-04-14T21:19:00,-3,2583,22558,7280,7280,12000,1093,1135,0,0,0,0,9132,0,7200,7200,7200,7200,-3
2026-04-14T21:19:04,-3,2615,22583,7282,7282,12000,1244,1274,0,0,0,0,9132,0,7200,7200,7200,7200,-3
2026-04-14T21:19:10,-3,2652,22610,7285,7285,12000,1203,1226,0,0,0,0,9132,0,7200,7200,7200,7200,-3
2026-04-14T21:19:14,-3,2682,22636,7287,7287,12000,1187,1237,0,0,0,0,9132,0,7200,7200,7200,7200,-3
2026-04-14T21:19:19,-3,2714,22661,7289,7289,12000,1230,1236,0,0,0,0,9132,0,7200,7200,7200,7200,-3
2026-04-14T21:19:24,-3,2753,22690,7292,7292,12000,1205,1218,0,0,0,0,9132,0,7200,7200,7200,7200,-3
2026-04-14T21:19:29,-3,2784,22715,7294,7294,12000,1197,1227,0,0,0,0,9132,0,7200,7200,7200,7200,-3
2026-04-14T21:19:34,-3,2818,22740,7297,7297,12000,1216,1236,0,0,0,0,9132,0,7200,7200,7200,7200,-3
2026-04-14T21:19:40,-3,2856,22768,7300,7300,12000,1223,1236,0,0,0,0,9132,0,7200,7200,7200,7200,-3
2026-04-14T21:19:44,-3,2887,22794,7302,7302,12000,1226,1247,0,0,0,0,9132,0,7200,7200,7200,7200,-3
2026-04-14T21:19:49,-3,2919,22819,7304,7304,12000,1244,1248,0,0,0,0,9132,0,7200,7200,7200,7200,-3
2026-04-14T21:19:55,-3,2961,22848,7307,7307,12000,1237,1267,0,0,0,0,9132,0,7200,7200,7200,7200,-3
2026-04-14T21:20:00,-3,2993,22873,7310,7310,12000,1225,1249,0,0,0,0,9132,0,7200,7200,7200,7200,-3
2026-04-14T21:20:04,-3,3022,22898,7312,7312,12000,1219,1249,0,0,0,0,9132,0,7200,7200,7200,7200,-3
2026-04-14T21:20:10,-3,3058,22926,7315,7315,12000,1236,1267,0,0,0,0,9132,0,7200,7200,7200,7200,-3
2026-04-14T21:20:14,-3,3090,22952,7317,7317,12000,1217,1239,0,0,0,0,9132,0,7200,7200,7200,7200,-3
2026-04-14T21:20:19,-4,3126,22977,7319,7319,12000,4001,4061,0,0,0,0,9132,0,7200,7200,7200,7200,-4
2026-04-14T21:20:24,-3,3161,23004,7322,7322,12000,3147,3178,0,0,0,0,9132,0,7200,7200,7200,7200,-3
2026-04-14T21:20:29,-3,3192,23030,7324,7324,12000,1122,1169,0,0,0,0,9132,0,7200,7200,7200,7200,-3
2026-04-14T21:20:34,-3,3229,23057,7327,7327,12000,1190,1219,0,0,0,0,9132,0,7200,7200,7200,7200,-3
2026-04-14T21:20:39,-3,3262,23083,7329,7329,12000,1235,1254,0,0,0,0,9132,0,7200,7200,7200,7200,-3
2026-04-14T21:20:45,-3,3297,23109,7332,7332,12000,1224,1247,0,0,0,0,9132,0,7200,7200,7200,7200,-3
2026-04-14T21:20:49,-3,3328,23135,7334,7334,12000,1218,1247,0,0,0,0,9132,0,7200,7200,7200,7200,-3
2026-04-14T21:20:55,-3,3367,23162,7337,7337,12000,1232,1256,0,0,0,0,9132,0,7200,7200,7200,7200,-3
2026-04-14T21:20:59,-3,3397,23188,7339,7339,12000,1230,1253,0,0,0,0,9132,0,7200,7200,7200,7200,-3
2026-04-14T21:21:04,-3,3432,23214,7342,7342,12000,1248,1271,0,0,0,0,9132,0,7200,7200,7200,7200,-3
2026-04-14T21:21:10,-3,3466,23241,7345,7345,12000,2294,2315,0,0,0,0,9132,0,7200,7200,7200,7200,-4
2026-04-14T21:21:15,-3,3504,23268,7347,7347,12000,1156,1185,0,0,0,0,9132,0,7200,7200,7200,7200,-3
2026-04-14T21:21:20,-3,3537,23294,7350,7350,12000,1293,1305,0,0,0,0,9132,0,7200,7200,7200,7200,-3
2026-04-14T21:21:25,-3,3568,23319,7352,7352,12000,1320,1334,0,0,0,0,9132,0,7200,7200,7200,7200,-3
2026-04-14T21:21:29,-3,3600,23346,7354,7354,12000,1296,1327,0,0,0,0,9132,0,7200,7200,7200,7200,-3
2026-04-14T21:21:34,-3,3638,23373,7357,7357,12000,1303,1326,0,0,0,0,9132,0,7200,7200,7200,7200,-3
2026-04-14T21:21:40,-3,3673,23400,7360,7360,12000,3752,3781,0,0,0,0,9132,0,7200,7200,7200,7200,-3
2026-04-14T21:21:45,-3,3709,23427,7362,7362,12000,1212,1218,0,0,0,0,9132,0,7200,7200,7200,7200,-3
2026-04-14T21:21:49,-3,3740,23452,7364,7364,12000,1296,1326,0,0,0,0,9132,0,7200,7200,7200,7200,-3
2026-04-14T21:21:54,-3,3774,23478,7367,7367,12000,1337,1353,0,0,0,0,9132,0,7200,7200,7200,7200,-3
2026-04-14T21:21:59,-3,3808,23505,7370,7370,12000,1284,1326,0,0,0,0,9132,0,7200,7200,7200,7200,-3
2026-04-14T21:22:05,-3,3844,23532,7372,7372,12000,1250,1272,0,0,0,0,9132,0,7200,7200,7200,7200,-3
2026-04-14T21:22:09,-3,3875,23556,7374,7374,12000,1233,1255,0,0,0,0,9132,0,7200,7200,7200,7200,-3
2026-04-14T21:22:15,-3,3913,23585,7377,7377,12000,1223,1264,0,0,0,0,9132,0,7200,7200,7200,7200,-3
2026-04-14T21:22:19,-3,3944,23610,7380,7380,12000,1236,1249,0,0,0,0,9132,0,7200,7200,7200,7200,-3
2026-04-14T21:22:24,-3,3976,23636,7382,7382,12000,1236,1272,0,0,0,0,9132,0,7200,7200,7200,7200,-3
2026-04-14T21:22:30,-3,4016,23663,7385,7385,12000,1250,1273,0,0,0,0,9132,0,7200,7200,7200,7200,-3
2026-04-14T21:22:35,-3,4049,23690,7387,7387,12000,1246,1259,0,0,0,0,9132,0,7200,7200,7200,7200,-3
2026-04-14T21:22:39,-3,4080,23715,7390,7390,12000,1212,1248,0,0,0,0,9132,0,7200,7200,7200,7200,-3
2026-04-14T21:22:45,-3,4119,23742,7392,7392,12000,1241,1273,0,0,0,0,9132,0,7200,7200,7200,7200,-3
2026-04-14T21:22:49,-3,4149,23768,7395,7395,12000,1234,1257,0,0,0,0,9132,0,7200,7200,7200,7200,-3
2026-04-14T21:22:55,-3,4185,23795,7397,7397,12000,1250,1272,0,0,0,0,9132,0,7200,7200,7200,7200,-3
2026-04-14T21:22:59,-3,4214,23820,7399,7399,12000,1212,1249,0,0,0,0,9132,0,7200,7200,7200,7200,-3
2026-04-14T21:23:04,-3,4251,23846,7402,7402,12000,1217,1247,0,0,0,0,9132,0,7200,7200,7200,7200,-3
2026-04-14T21:23:10,-3,4286,23873,7405,7405,12000,1245,1259,0,0,0,0,9132,0,7200,7200,7200,7200,-3
2026-04-14T21:23:15,-3,4321,23899,7407,7407,12000,1234,1264,0,0,0,0,9132,0,7200,7200,7200,7200,-3
2026-04-14T21:23:19,-3,4350,23925,7409,7409,12000,1243,1273,0,0,0,0,9132,0,7200,7200,7200,7200,-3
2026-04-14T21:23:24,-3,4387,23952,7412,7412,12000,1235,1258,0,0,0,0,9132,0,7200,7200,7200,7200,-3
2026-04-14T21:23:29,-3,4421,23978,7414,7414,12000,1243,1259,0,0,0,0,9132,0,7200,7200,7200,7200,-3
2026-04-14T21:23:34,-3,4454,24004,7417,7417,12000,1243,1274,0,0,0,0,9132,0,7200,7200,7200,7200,-3
2026-04-14T21:23:39,-3,4489,24030,7420,7420,12000,1245,1249,0,0,0,0,9132,0,7200,7200,7200,7200,-3
2026-04-14T21:23:45,-3,4523,24057,7422,7422,12000,1235,1258,0,0,0,0,9132,0,7200,7200,7200,7200,-3
2026-04-14T21:23:50,-3,4560,24085,7425,7425,12000,1238,1259,0,0,0,0,9132,0,7200,7200,7200,7200,-3
2026-04-14T21:23:55,-3,4597,24112,7427,7427,12000,1233,1249,0,0,0,0,9132,0,7200,7200,7200,7200,-3
2026-04-14T21:23:59,-3,4626,24136,7429,7429,12000,1252,1268,0,0,0,0,9132,0,7200,7200,7200,7200,-3
2026-04-14T21:24:04,-3,4659,24162,7432,7432,12000,1226,1256,0,0,0,0,9132,0,7200,7200,7200,7200,-3
2026-04-14T21:24:10,-3,4695,24189,7435,7435,12000,1226,1257,0,0,0,0,9132,0,7200,7200,7200,7200,-3
2026-04-14T21:24:15,-3,4731,24213,7437,7437,12000,1219,1248,0,0,0,0,9132,0,7200,7200,7200,7200,-3
2026-04-14T21:24:19,-3,4764,24238,7440,7440,12000,1208,1249,0,0,0,0,9132,0,7200,7200,7200,7200,-3
2026-04-14T21:24:25,-3,4799,24265,7442,7442,12000,1243,1273,0,0,0,0,9132,0,7200,7200,7200,7200,-3
2026-04-14T21:24:29,-3,4828,24290,7444,7444,12000,1249,1274,0,0,0,0,9132,0,7200,7200,7200,7200,-3
2026-04-14T21:24:35,-3,4869,24314,7447,7447,12000,1242,1258,0,0,0,0,9132,0,7200,7200,7200,7200,-3
2026-04-14T21:24:40,-3,4900,24339,7450,7450,12000,1229,1246,0,0,0,0,9132,0,7200,7200,7200,7200,-3
2026-04-14T21:24:45,-3,4933,24366,7452,7452,12000,1235,1245,0,0,0,0,9132,0,7200,7200,7200,7200,-3
2026-04-14T21:24:50,-3,4970,24392,7455,7455,12000,1227,1264,0,0,0,0,9132,0,7200,7200,7200,7200,-3
2026-04-14T21:24:54,-3,5000,24417,7457,7457,12000,1243,1273,0,0,0,0,9132,0,7200,7200,7200,7200,-3
2026-04-14T21:25:00,-3,5037,24445,7460,7460,12000,1243,1250,0,0,0,0,9132,0,7200,7200,7200,7200,-3
2026-04-14T21:25:05,-3,5071,24472,7462,7462,12000,1236,1266,0,0,0,0,9132,0,7200,7200,7200,7200,-3
2026-04-14T21:25:10,-3,5105,24497,7465,7465,12000,1236,1273,0,0,0,0,9132,0,7200,7200,7200,7200,-3
2026-04-14T21:25:15,-3,5138,24523,7467,7467,12000,1251,1267,0,0,0,0,9132,0,7200,7200,7200,7200,-3
2026-04-14T21:25:19,-3,5170,24549,7469,7469,12000,1227,1248,0,0,0,0,9132,0,7200,7200,7200,7200,-3
2026-04-14T21:25:24,-3,5203,24575,7472,7472,12000,1218,1255,0,0,0,0,9132,0,7200,7200,7200,7200,-3
2026-04-14T21:25:29,-3,5239,24602,7474,7474,12000,1242,1272,0,0,0,0,9132,0,7200,7200,7200,7200,-3
2026-04-14T21:25:34,-3,5272,24628,7477,7477,12000,1242,1266,0,0,0,0,9132,0,7200,7200,7200,7200,-3
2026-04-14T21:25:40,-3,5308,24655,7480,7480,12000,1216,1248,0,0,0,0,9132,0,7200,7200,7200,7200,-3
2026-04-14T21:25:44,-3,5339,24681,7482,7482,12000,1211,1248,0,0,0,0,9132,0,7200,7200,7200,7200,-3
2026-04-14T21:25:49,-3,5375,24707,7484,7484,12000,1245,1265,0,0,0,0,9132,0,7200,7200,7200,7200,-3
2026-04-14T21:25:55,-3,5410,24734,7487,7487,12000,1218,1274,0,0,0,0,9132,0,7200,7200,7200,7200,-3
2026-04-14T21:25:59,-3,5443,24759,7489,7489,12000,1244,1267,0,0,0,0,9132,0,7200,7200,7200,7200,-3
2026-04-14T21:26:05,-3,5477,24786,7492,7492,12000,1235,1249,0,0,0,0,9132,0,7200,7200,7200,7200,-3
2026-04-14T21:26:09,-3,5512,24812,7495,7495,12000,1220,1250,0,0,0,0,9132,0,7200,7200,7200,7200,-3
2026-04-14T21:26:14,-3,5546,24838,7497,7497,12000,1231,1274,0,0,0,0,9132,0,7200,7200,7200,7200,-3
2026-04-14T21:26:19,-3,5578,24864,7499,7499,12000,1219,1265,0,0,0,0,9132,0,7200,7200,7200,7200,-3
2026-04-14T21:26:26,-3,5620,24893,7502,7502,12000,1228,1257,0,0,0,0,9132,0,7200,7200,7200,7200,-3
2026-04-14T21:26:29,-3,5648,24918,7505,7504,12000,1236,1273,0,0,0,0,9132,0,7200,7200,7200,7200,-3
2026-04-14T21:26:35,-3,5685,24945,7507,7507,12000,1252,1248,0,0,0,0,9132,0,7200,7200,7200,7200,-3
2026-04-14T21:26:39,-3,5716,24970,7510,7510,12000,1258,1274,0,0,0,0,9132,0,7200,7200,7200,7200,-3
2026-04-14T21:26:44,-3,5749,24996,7512,7512,12000,1251,1268,0,0,0,0,9132,0,7200,7200,7200,7200,-3
2026-04-14T21:26:50,-3,5785,25023,7515,7515,12000,1252,1275,0,0,0,0,9132,0,7200,7200,7200,7200,-3
2026-04-14T21:26:54,-3,5818,25050,7517,7517,12000,1211,1227,0,0,0,0,9132,0,7200,7200,7200,7200,-3
2026-04-14T21:26:59,-3,5851,25076,7519,7519,12000,1224,1237,0,0,0,0,9132,0,7200,7200,7200,7200,-3
2026-04-14T21:27:04,-3,5888,25102,7522,7522,12000,1201,1247,0,0,0,0,9132,0,7200,7200,7200,7200,-3
2026-04-14T21:27:10,-3,5923,25129,7525,7525,12000,1225,1249,0,0,0,0,9132,0,7200,7200,7200,7200,-3
2026-04-14T21:27:15,-3,5956,25155,7527,7527,12000,1209,1248,0,0,0,0,9132,0,7200,7200,7200,7200,-3
2026-04-14T21:27:19,-3,5990,25182,7530,7530,12000,1225,1247,0,0,0,0,9132,0,7200,7200,7200,7200,-3
2026-04-14T21:27:24,-3,6025,25208,7532,7532,12000,1241,1257,0,0,0,0,9132,0,7200,7200,7200,7200,-3
2026-04-14T21:27:33,NaN,6083,25253,7536,7536,12000,1139,1169,NaN,NaN,0,0,9132,NaN,7200,7200,7200,7200,-3
2026-04-14T21:27:36,-3,6098,25264,7537,7537,12000,1147,1170,0,0,0,0,9132,0,7200,7200,7200,7200,-3
2026-04-14T21:27:40,-3,6131,25291,7540,7540,12000,1208,1247,0,0,0,0,9132,0,7200,7200,7200,7200,-3
2026-04-14T21:27:46,-3,6165,25317,7543,7543,12000,1216,1246,0,0,0,0,9132,0,7200,7200,7200,7200,-3
2026-04-14T21:27:50,-3,6201,25344,7545,7545,12000,1236,1256,0,0,0,0,9132,0,7200,7200,7200,7200,-3
2026-04-14T21:27:55,-3,6233,25370,7547,7547,12000,1216,1247,0,0,0,0,9132,0,7200,7200,7200,7200,-3
2026-04-14T21:28:01,-3,6271,25397,7550,7550,12000,1198,1248,0,0,0,0,9132,0,7200,7200,7200,7200,-3
2026-04-14T21:28:06,-3,6306,25424,7553,7553,12000,1203,1228,0,0,0,0,9132,0,7200,7200,7200,7200,-3
2026-04-14T21:28:11,-3,6340,25449,7555,7555,12000,1233,1245,0,0,0,0,9132,0,7200,7200,7200,7200,-3
2026-04-14T21:28:16,-3,6374,25477,7558,7558,12000,1235,1263,0,0,0,0,9132,0,7200,7200,7200,7200,-3
2026-04-14T21:28:21,-3,6408,25502,7560,7560,12000,1240,1263,0,0,0,0,9132,0,7200,7200,7200,7200,-3
2026-04-14T21:28:25,-3,6434,25527,7562,7562,12000,1233,1264,0,0,0,0,9132,0,7200,7200,7200,7200,-3
2026-04-14T21:28:30,-3,6472,25553,7565,7565,12000,1239,1271,0,0,0,0,9132,0,7200,7200,7200,7200,-3
2026-04-14T21:28:36,-3,6508,25582,7568,7568,12000,1240,1272,0,0,0,0,9132,0,7200,7200,7200,7200,-3
2026-04-14T21:28:40,-3,6538,25605,7570,7570,12000,1243,1273,0,0,0,0,9132,0,7200,7200,7200,7200,-3
2026-04-14T21:28:46,-3,6579,25634,7573,7573,12000,1234,1256,0,0,0,0,9132,0,7200,7200,7200,7200,-3
2026-04-14T21:28:51,-3,6611,25659,7575,7575,12000,1224,1247,0,0,0,0,9132,0,7200,7200,7200,7200,-3
2026-04-14T21:28:56,-3,6644,25686,7578,7578,12000,1235,1264,0,0,0,0,9132,0,7200,7200,7200,7200,-3
2026-04-14T21:29:00,-4,6673,25711,7580,7580,12000,4170,4215,0,0,0,0,9132,0,7200,7200,7200,7200,-4
2026-04-14T21:29:06,-3,6713,25739,7583,7583,12000,3136,3132,0,0,0,0,9132,0,7200,7200,7200,7200,-3
2026-04-14T21:29:11,-3,6747,25764,7585,7585,12000,3138,3132,0,0,0,0,9132,0,7200,7200,7200,7200,-3
2026-04-14T21:29:15,-3,6777,25790,7587,7587,12000,3135,3165,0,0,0,0,9132,0,7200,7200,7200,7200,-3
2026-04-14T21:29:21,-4,6816,25817,7590,7590,12000,3107,3140,0,0,0,0,9132,0,7200,7200,7200,7200,-3
2026-04-14T21:29:26,-3,6848,25842,7593,7593,12000,1268,1196,0,0,0,0,9132,0,7200,7200,7200,7200,-3
2026-04-14T21:29:31,-3,6882,25870,7595,7595,12000,1252,1274,0,0,0,0,9132,0,7200,7200,7200,7200,-3
2026-04-14T21:29:35,-3,6913,25895,7597,7597,12000,1226,1249,0,0,0,0,9132,0,7200,7200,7200,7200,-3
2026-04-14T21:29:40,-3,6949,25918,7600,7600,12000,1234,1250,0,0,0,0,9132,0,7200,7200,7200,7200,-3
2026-04-14T21:29:45,-3,6982,25944,7602,7602,12000,1227,1249,0,0,0,0,9132,0,7200,7200,7200,7200,-3
2026-04-14T21:29:50,-3,7017,25971,7605,7605,12000,1250,1266,0,0,0,0,9132,0,7200,7200,7200,7200,-3
2026-04-14T21:29:55,-3,7050,25997,7607,7608,12000,1217,1248,0,0,0,0,9132,0,7200,7200,7200,7200,-3
2026-04-14T21:30:01,-3,7089,26025,7610,7610,12000,1224,1247,0,0,0,0,9132,0,7200,7200,7200,7200,-3
2026-04-14T21:30:06,-3,7123,26051,7613,7613,12000,1216,1245,0,0,0,0,9132,0,7200,7200,7200,7200,-3
2026-04-14T21:30:11,-3,7153,26077,7615,7615,12000,1213,1246,0,0,0,0,9132,0,7200,7200,7200,7200,-3
2026-04-14T21:30:15,-3,7185,26102,7617,7617,12000,3123,3147,0,0,0,0,9132,0,7200,7200,7200,7200,-3
2026-04-14T21:30:20,-3,7222,26124,7620,7620,12000,2664,2700,0,0,0,0,9132,0,7200,7200,7200,7200,-3
2026-04-14T21:30:25,-3,7256,26151,7622,7622,12000,1188,1217,0,0,0,0,9132,0,7200,7200,7200,7200,-3
2026-04-14T21:30:30,-3,7289,26178,7625,7625,12000,1242,1273,0,0,0,0,9132,0,7200,7200,7200,7200,-3
2026-04-14T21:30:35,-3,7323,26204,7627,7627,12000,1232,1246,0,0,0,0,9132,0,7200,7200,7200,7200,-3
2026-04-14T21:30:40,-3,7358,26230,7630,7630,12000,1216,1246,0,0,0,0,9132,0,7200,7200,7200,7200,-3
2026-04-14T21:30:45,-3,7391,26256,7632,7632,12000,1224,1263,0,0,0,0,9132,0,7200,7200,7200,7200,-3
2026-04-14T21:30:51,-3,7429,26283,7635,7635,12000,1252,1272,0,0,0,0,9132,0,7200,7200,7200,7200,-3
2026-04-14T21:30:55,-3,7458,26308,7637,7637,12000,1226,1266,0,0,0,0,9132,0,7200,7200,7200,7200,-3
2026-04-14T21:31:00,-3,7496,26336,7640,7640,12000,1240,1264,0,0,0,0,9132,0,7200,7200,7200,7200,-3
2026-04-14T21:31:06,-4,7528,26361,7643,7643,12000,3158,3181,0,0,0,0,9132,0,7200,7200,7200,7200,-3
2026-04-14T21:31:11,-3,7566,26388,7645,7645,12000,1171,1195,0,0,0,0,9132,0,7200,7200,7200,7200,-3
2026-04-14T21:31:16,-3,7599,26415,7648,7648,12000,1233,1249,0,0,0,0,9132,0,7200,7200,7200,7200,-3
2026-04-14T21:31:20,-3,7632,26440,7650,7650,12000,1233,1272,0,0,0,0,9132,0,7200,7200,7200,7200,-3
2026-04-14T21:31:26,-3,7666,26468,7653,7653,12000,1217,1247,0,0,0,0,9132,0,7200,7200,7200,7200,-3
2026-04-14T21:31:31,-3,7702,26493,7655,7655,12000,1216,1255,0,0,0,0,9132,0,7200,7200,7200,7200,-3
2026-04-14T21:31:36,-3,7737,26521,7658,7658,12000,1224,1247,0,0,0,0,9132,0,7200,7200,7200,7200,-3
2026-04-14T21:31:40,-3,7766,26545,7660,7660,12000,1241,1264,0,0,0,0,9132,0,7200,7200,7200,7200,-3
2026-04-14T21:31:45,-3,7799,26572,7662,7662,12000,1227,1258,0,0,0,0,9132,0,7200,7200,7200,7200,-3
2026-04-14T21:31:50,-3,7834,26598,7665,7665,12000,1226,1248,0,0,0,0,9132,0,7200,7200,7200,7200,-3
2026-04-14T21:31:55,-3,7871,26625,7668,7668,12000,4523,4556,0,0,0,0,9132,0,7200,7200,7200,7200,-4
2026-04-14T21:32:00,-3,7902,26650,7670,7670,12000,3114,3137,0,0,0,0,9132,0,7200,7200,7200,7200,-3
2026-04-14T21:32:05,-3,7936,26678,7672,7672,12000,1353,1353,0,0,0,0,9132,0,7200,7200,7200,7200,-3
2026-04-14T21:32:10,-3,7972,26704,7675,7675,12000,1210,1257,0,0,0,0,9132,0,7200,7200,7200,7200,-3
2026-04-14T21:32:15,-3,8007,26730,7678,7677,12000,1234,1248,0,0,0,0,9132,0,7200,7200,7200,7200,-3
2026-04-14T21:32:21,-3,8042,26757,7680,7680,12000,1216,1247,0,0,0,0,9132,0,7200,7200,7200,7200,-3
2026-04-14T21:32:26,-3,8077,26784,7683,7683,12000,1218,1248,0,0,0,0,9132,0,7200,7200,7200,7200,-3
2026-04-14T21:32:30,-3,8107,26808,7685,7685,12000,1218,1248,0,0,0,0,9132,0,7200,7200,7200,7200,-3
2026-04-14T21:32:36,-3,8143,26836,7687,7687,12000,1222,1268,0,0,0,0,9132,0,7200,7200,7200,7200,-3
2026-04-14T21:32:41,-3,8179,26862,7690,7690,12000,1232,1271,0,0,0,0,9132,0,7200,7200,7200,7200,-3
2026-04-14T21:32:46,-3,8213,26888,7693,7693,12000,1227,1259,0,0,0,0,9132,0,7200,7200,7200,7200,-3
2026-04-14T21:32:50,-3,8244,26915,7695,7695,12000,1244,1274,0,0,0,0,9132,0,7200,7200,7200,7200,-3
2026-04-14T21:32:56,-4,8282,26942,7698,7698,12000,3070,3101,0,0,0,0,9132,0,7200,7200,7200,7200,-3
2026-04-14T21:33:00,-3,8310,26966,7700,7700,12000,1153,1197,0,0,0,0,9132,0,7200,7200,7200,7200,-3
2026-04-14T21:33:05,-3,8348,26993,7703,7702,12000,1253,1299,0,0,0,0,9132,0,7200,7200,7200,7200,-3
2026-04-14T21:33:11,-3,8383,27020,7705,7705,12000,1234,1268,0,0,0,0,9132,0,7200,7200,7200,7200,-3
2026-04-14T21:33:15,-3,8413,27046,7707,7707,12000,1219,1248,0,0,0,0,9132,0,7200,7200,7200,7200,-3
2026-04-14T21:33:20,-3,8447,27072,7710,7710,12000,1224,1247,0,0,0,0,9132,0,7200,7200,7200,7200,-3
2026-04-14T21:33:26,-3,8486,27099,7713,7713,12000,1218,1257,0,0,0,0,9132,0,7200,7200,7200,7200,-3
2026-04-14T21:33:30,-3,8517,27125,7715,7715,12000,1217,1247,0,0,0,0,9132,0,7200,7200,7200,7200,-3
2026-04-14T21:33:36,-3,8553,27153,7718,7718,12000,1217,1247,0,0,0,0,9132,0,7200,7200,7200,7200,-3
2026-04-14T21:33:41,-3,8588,27178,7720,7720,12000,1218,1248,0,0,0,0,9132,0,7200,7200,7200,7200,-3
2026-04-14T21:33:45,-3,8621,27200,7723,7723,12000,1225,1249,0,0,0,0,9132,0,7200,7200,7200,7200,-3
2026-04-14T21:33:50,-3,8652,27226,7725,7725,12000,1230,1248,0,0,0,0,9132,0,7200,7200,7200,7200,-3
2026-04-14T21:33:55,-3,8688,27253,7728,7728,12000,1225,1248,0,0,0,0,9132,0,7200,7200,7200,7200,-3
2026-04-14T21:34:01,-3,8724,27279,7730,7730,12000,1224,1248,0,0,0,0,9132,0,7200,7200,7200,7200,-3
2026-04-14T21:34:05,-3,8754,27305,7732,7732,12000,1225,1248,0,0,0,0,9132,0,7200,7200,7200,7200,-3
2026-04-14T21:34:11,-3,8790,27332,7735,7735,12000,1216,1249,0,0,0,0,9132,0,7200,7200,7200,7200,-3
2026-04-14T21:34:16,-3,8828,27359,7738,7738,12000,1217,1248,0,0,0,0,9132,0,7200,7200,7200,7200,-3
2026-04-14T21:34:21,-3,8861,27385,7740,7740,12000,1226,1249,0,0,0,0,9132,0,7200,7200,7200,7200,-3
2026-04-14T21:34:26,-3,8894,27411,7743,7743,12000,1224,1247,0,0,0,0,9132,0,7200,7200,7200,7200,-3
2026-04-14T21:34:31,-3,8928,27437,7745,7745,12000,1217,1248,0,0,0,0,9132,0,7200,7200,7200,7200,-3
2026-04-14T21:34:36,-3,8963,27463,7748,7748,12000,1225,1248,0,0,0,0,9132,0,7200,7200,7200,7200,-3
2026-04-14T21:34:40,-3,8993,27489,7750,7750,12000,1215,1248,0,0,0,0,9132,0,7200,7200,7200,7200,-3
2026-04-14T21:34:45,-3,9028,27513,7752,7752,12000,1227,1250,0,0,0,0,9132,0,7200,7200,7200,7200,-3
2026-04-14T21:34:50,-3,9059,27537,7755,7755,12000,1211,1241,0,0,0,0,9132,0,7200,7200,7200,7200,-3
2026-04-14T21:34:56,-3,9102,27566,7758,7758,12000,1226,1249,0,0,0,0,9132,0,7200,7200,7200,7200,-3
2026-04-14T21:35:01,-3,9132,27592,7760,7760,12000,1226,1249,0,0,0,0,9132,0,7200,7200,7200,7200,-3
2026-04-14T21:35:05,-3,9163,27612,7762,7762,12000,1232,1249,0,0,0,0,9132,0,7200,7200,7200,7200,-3
2026-04-14T21:35:10,-3,9199,27640,7765,7765,12000,1218,1247,0,0,0,0,9132,0,7200,7200,7200,7200,-3
2026-04-14T21:35:15,-3,9232,27665,7767,7767,12000,1235,1249,0,0,0,0,9132,0,7200,7200,7200,7200,-3
2026-04-14T21:35:20,-3,9266,27692,7770,7770,12000,1228,1250,0,0,0,0,9132,0,7200,7200,7200,7200,-3
2026-04-14T21:35:25,-3,9299,27718,7772,7772,12000,1227,1250,0,0,0,0,9132,0,7200,7200,7200,7200,-3
2026-04-14T21:35:30,-3,9335,27744,7775,7775,12000,1209,1249,0,0,0,0,9132,0,7200,7200,7200,7200,-3
2026-04-14T21:35:36,-3,9371,27771,7778,7778,12000,1217,1268,0,0,0,0,9132,0,7200,7200,7200,7200,-3
2026-04-14T21:35:40,-3,9403,27797,7780,7780,12000,1226,1250,0,0,0,0,9132,0,7200,7200,7200,7200,-3
2026-04-14T21:35:46,-3,9440,27824,7783,7783,12000,1237,1251,0,0,0,0,9132,0,7200,7200,7200,7200,-3
2026-04-14T21:35:50,-3,9473,27850,7785,7785,12000,1219,1249,0,0,0,0,9132,0,7200,7200,7200,7200,-3
2026-04-14T21:35:56,-3,9508,27878,7788,7788,12000,1235,1257,0,0,0,0,9132,0,7200,7200,7200,7200,-3
2026-04-14T21:36:00,-3,9538,27903,7790,7790,12000,1219,1250,0,0,0,0,9132,0,7200,7200,7200,7200,-3
2026-04-14T21:36:06,-3,9577,27930,7793,7793,12000,1226,1239,0,0,0,0,9132,0,7200,7200,7200,7200,-3
2026-04-14T21:36:10,-3,9607,27955,7795,7795,12000,1219,1249,0,0,0,0,9132,0,7200,7200,7200,7200,-3
2026-04-14T21:36:15,-3,9642,27982,7797,7797,12000,1225,1249,0,0,0,0,9132,0,7200,7200,7200,7200,-3
2026-04-14T21:36:20,-3,9676,28008,7800,7800,12000,1226,1257,0,0,0,0,9132,0,7200,7200,7200,7200,-3
2026-04-14T21:36:25,-3,9712,28031,7803,7803,12000,1322,1345,0,0,0,0,9132,0,7200,7200,7200,7200,-3
2026-04-14T21:36:31,-3,9748,28058,7805,7805,12000,1260,1299,0,0,0,0,9132,0,7200,7200,7200,7200,-3
2026-04-14T21:36:36,-3,9778,28083,7808,7808,12000,1293,1316,0,0,0,0,9132,0,7200,7200,7200,7200,-3
2026-04-14T21:36:41,-3,9812,28110,7810,7810,12000,1276,1299,0,0,0,0,9132,0,7200,7200,7200,7200,-3
2026-04-14T21:36:46,-3,9849,28137,7813,7813,12000,1299,1328,0,0,0,0,9132,0,7200,7200,7200,7200,-3
2026-04-14T21:36:50,-3,9879,28161,7815,7815,12000,1297,1327,0,0,0,0,9132,0,7200,7200,7200,7200,-3
2026-04-14T21:36:56,-3,9919,28189,7818,7818,12000,1248,1278,0,0,0,0,9132,0,7200,7200,7200,7200,-3
2026-04-14T21:37:00,-3,9947,28214,7820,7820,12000,1192,1222,0,0,0,0,9132,0,7200,7200,7200,7200,-3
2026-04-14T21:37:06,-3,9987,28241,7823,7823,12000,1187,1234,0,0,0,0,9132,0,7200,7200,7200,7200,-3
2026-04-14T21:37:10,-3,10016,28267,7825,7825,12000,1202,1224,0,0,0,0,9132,0,7200,7200,7200,7200,-3
2026-04-14T21:37:15,-3,10052,28294,7828,7828,12000,1177,1235,0,0,0,0,9132,0,7200,7200,7200,7200,-3
2026-04-14T21:37:21,-3,10088,28321,7830,7830,12000,1194,1234,0,0,0,0,9132,0,7200,7200,7200,7200,-3
2026-04-14T21:37:25,-3,10119,28346,7832,7832,12000,1202,1225,0,0,0,0,9132,0,7200,7200,7200,7200,-3
2026-04-14T21:37:31,-3,10155,28373,7835,7835,12000,1193,1224,0,0,0,0,9132,0,7200,7200,7200,7200,-3
2026-04-14T21:37:36,-3,10192,28400,7838,7838,12000,1204,1236,0,0,0,0,9132,0,7200,7200,7200,7200,-3
2026-04-14T21:37:41,-3,10225,28425,7840,7840,12000,1195,1233,0,0,0,0,9132,0,7200,7200,7200,7200,-3
2026-04-14T21:37:46,-3,10256,28452,7842,7843,12000,1204,1233,0,0,0,0,9132,0,7200,7200,7200,7200,-3
2026-04-14T21:37:51,-3,10291,28478,7845,7845,12000,1210,1233,0,0,0,0,9132,0,7200,7200,7200,7200,-3
2026-04-14T21:37:56,-3,10324,28504,7848,7848,12000,1202,1251,0,0,0,0,9132,0,7200,7200,7200,7200,-3
2026-04-14T21:38:01,-3,10362,28531,7850,7850,12000,1201,1233,0,0,0,0,9132,0,7200,7200,7200,7200,-3
2026-04-14T21:38:05,-3,10392,28557,7853,7853,12000,1213,1234,0,0,0,0,9132,0,7200,7200,7200,7200,-3
2026-04-14T21:38:11,-3,10429,28584,7855,7855,12000,1203,1226,0,0,0,0,9132,0,7200,7200,7200,7200,-3
2026-04-14T21:38:15,-3,10460,28609,7857,7857,12000,1216,1236,0,0,0,0,9132,0,7200,7200,7200,7200,-3
2026-04-14T21:38:20,-3,10495,28636,7860,7860,12000,1192,1215,0,0,0,0,9132,0,7200,7200,7200,7200,-3
2026-04-14T21:38:25,-3,10528,28662,7863,7863,12000,1212,1214,0,0,0,0,9132,0,7200,7200,7200,7200,-3
2026-04-14T21:38:30,-3,10559,28688,7865,7865,12000,1195,1225,0,0,0,0,9132,0,7200,7200,7200,7200,-3
2026-04-14T21:38:36,-3,10597,28715,7868,7868,12000,1196,1235,0,0,0,0,9132,0,7200,7200,7200,7200,-3
2026-04-14T21:38:41,-3,10633,28742,7870,7870,12000,1177,1216,0,0,0,0,9132,0,7200,7200,7200,7200,-3
2026-04-14T21:38:45,-3,10663,28767,7872,7872,12000,1202,1216,0,0,0,0,9132,0,7200,7200,7200,7200,-3
2026-04-14T21:38:51,-3,10702,28794,7875,7875,12000,1213,1243,0,0,0,0,9132,0,7200,7200,7200,7200,-3
2026-04-14T21:38:56,-3,10736,28820,7878,7878,12000,1195,1216,0,0,0,0,9132,0,7200,7200,7200,7200,-3
2026-04-14T21:39:00,-3,10766,28846,7880,7880,12000,1196,1226,0,0,0,0,9132,0,7200,7200,7200,7200,-3
2026-04-14T21:39:05,-3,10799,28873,7882,7882,12000,1193,1225,0,0,0,0,9132,0,7200,7200,7200,7200,-3
2026-04-14T21:39:10,-3,10834,28899,7885,7885,12000,1206,1236,0,0,0,0,9132,0,7200,7200,7200,7200,-3
2026-04-14T21:39:16,-3,10873,28927,7888,7888,12000,1195,1225,0,0,0,0,9132,0,7200,7200,7200,7200,-3
2026-04-14T21:39:20,-3,10902,28951,7890,7890,12000,1204,1244,0,0,0,0,9132,0,7200,7200,7200,7200,-3
2026-04-14T21:39:26,-3,10935,28977,7893,7893,12000,1203,1243,0,0,0,0,9132,0,7200,7200,7200,7200,-3
2026-04-14T21:39:30,-3,10972,29005,7895,7895,12000,1213,1234,0,0,0,0,9132,0,7200,7200,7200,7200,-3
2026-04-14T21:39:36,-3,11007,29031,7898,7898,12000,1204,1243,0,0,0,0,9132,0,7200,7200,7200,7200,-3
2026-04-14T21:39:41,-3,11042,29058,7900,7900,12000,1187,1224,0,0,0,0,9132,0,7200,7200,7200,7200,-3
2026-04-14T21:39:46,-3,11076,29083,7903,7903,12000,1192,1215,0,0,0,0,9132,0,7200,7200,7200,7200,-3
2026-04-14T21:39:51,-3,11108,29110,7905,7905,12000,1209,1240,0,0,0,0,9132,0,7200,7200,7200,7200,-3
2026-04-14T21:39:56,-3,11145,29137,7908,7908,12000,1182,1231,0,0,0,0,9132,0,7200,7200,7200,7200,-3
2026-04-14T21:40:00,-3,11174,29162,7910,7910,12000,1203,1242,0,0,0,0,9132,0,7200,7200,7200,7200,-3
2026-04-14T21:40:06,-3,11214,29189,7913,7913,12000,1214,1243,0,0,0,0,9132,0,7200,7200,7200,7200,-3
2026-04-14T21:40:11,-3,11247,29216,7915,7915,12000,1226,1242,0,0,0,0,9132,0,7200,7200,7200,7200,-3
2026-04-14T21:40:15,-3,11278,29241,7918,7918,12000,1203,1234,0,0,0,0,9132,0,7200,7200,7200,7200,-3
2026-04-14T21:40:20,-3,11311,29267,7920,7920,12000,1220,1243,0,0,0,0,9132,0,7200,7200,7200,7200,-3
2026-04-14T21:40:25,-3,11346,29294,7922,7922,12000,1210,1233,0,0,0,0,9132,0,7200,7200,7200,7200,-3
2026-04-14T21:40:31,-3,11383,29321,7925,7925,12000,1215,1235,0,0,0,0,9132,0,7200,7200,7200,7200,-3
2026-04-14T21:40:40,NaN,11447,29366,7930,7930,12000,1221,1244,NaN,NaN,0,0,9132,NaN,7200,7200,7200,7200,NaN
2026-04-14T21:40:42,-3,11462,29379,7931,7931,12000,1201,1225,0,0,0,0,9132,0,7200,7200,7200,7200,-3
2026-04-14T21:40:47,-3,11496,29405,7933,7934,12000,1194,1224,0,0,0,0,9132,0,7200,7200,7200,7200,-3
2026-04-14T21:40:52,-3,11528,29431,7936,7936,12000,1221,1244,0,0,0,0,9132,0,7200,7200,7200,7200,-3
2026-04-14T21:40:57,-3,11563,29458,7938,7938,12000,1220,1224,0,0,0,0,9132,0,7200,7200,7200,7200,-3
2026-04-14T21:41:02,-3,11597,29484,7941,7941,12000,1192,1215,0,0,0,0,9132,0,7200,7200,7200,7200,-3
2026-04-14T21:41:07,-3,11632,29510,7943,7944,12000,1214,1245,0,0,0,0,9132,0,7200,7200,7200,7200,-3
2026-04-14T21:41:13,-3,11669,29537,7946,7946,12000,1195,1234,0,0,0,0,9132,0,7200,7200,7200,7200,-3
2026-04-14T21:41:17,-3,11698,29558,7948,7948,12000,1205,1234,0,0,0,0,9132,0,7200,7200,7200,7200,-3
2026-04-14T21:41:22,-3,11733,29585,7951,7951,12000,1211,1244,0,0,0,0,9132,0,7200,7200,7200,7200,-3
2026-04-14T21:41:27,-3,11768,29611,7953,7953,12000,1194,1224,0,0,0,0,9132,0,7200,7200,7200,7200,-3
2026-04-14T21:41:33,-3,11803,29637,7956,7956,12000,1200,1232,0,0,0,0,9132,0,7200,7200,7200,7200,-3
2026-04-14T21:41:37,-3,11833,29663,7958,7958,12000,1194,1224,0,0,0,0,9132,0,7200,7200,7200,7200,-3
2026-04-14T21:41:42,-3,11871,29690,7961,7961,12000,1186,1223,0,0,0,0,9132,0,7200,7200,7200,7200,-3
2026-04-14T21:41:47,-3,11903,29716,7963,7963,12000,1208,1241,0,0,0,0,9132,0,7200,7200,7200,7200,-3
2026-04-14T21:41:53,-3,11943,29745,7966,7966,12000,1198,1221,0,0,0,0,9132,0,7200,7200,7200,7200,-3
2026-04-14T21:41:57,-3,11974,29770,7969,7969,12000,1210,1233,0,0,0,0,9132,0,7200,7200,7200,7200,-3
2026-04-14T21:42:03,-3,12011,29796,7971,7971,12000,1212,1241,0,0,0,0,9132,0,7200,7200,7200,7200,-3
2026-04-14T21:42:08,-3,12043,29822,7974,7974,12000,1197,1243,0,0,0,0,9132,0,7200,7200,7200,7200,-3
2026-04-14T21:42:12,-3,12074,29848,7976,7976,12000,1191,1221,0,0,0,0,9132,0,7200,7200,7200,7200,-3
2026-04-14T21:42:17,-3,12108,29874,7978,7978,12000,1176,1232,0,0,0,0,9132,0,7200,7200,7200,7200,-3
2026-04-14T21:42:22,-3,12143,29901,7981,7981,12000,1201,1231,0,0,0,0,9132,0,7200,7200,7200,7200,-3
2026-04-14T21:42:30,NaN,12193,29941,7985,7985,12000,1159,1182,NaN,NaN,0,0,9132,0,7200,7200,7200,7200,-3
2026-04-14T21:42:32,-3,12208,29953,7986,7986,12000,1176,1204,0,0,0,0,9132,0,7200,7200,7200,7200,-3
2026-04-14T21:42:38,-3,12249,29981,7989,7989,12000,1193,1233,0,0,0,0,9132,0,7200,7200,7200,7200,-3
2026-04-14T21:42:43,-3,12283,30008,7991,7991,12000,1190,1213,0,0,0,0,9132,0,7200,7200,7200,7200,-3
2026-04-14T21:42:48,-3,12317,30033,7994,7994,12000,1194,1232,0,0,0,0,9132,0,7200,7200,7200,7200,-3
2026-04-14T21:42:53,-3,12347,30059,7996,7996,12000,1201,1204,0,0,0,0,9132,0,7200,7200,7200,7200,-3
2026-04-14T21:42:57,-3,12380,30084,7998,7998,12000,1194,1231,0,0,0,0,9132,0,7200,7200,7200,7200,-3
2026-04-14T21:43:03,-3,12420,30114,8001,8001,12000,1193,1222,0,0,0,0,9132,0,7200,7200,7200,7200,-3
2026-04-14T21:43:07,-3,12449,30138,8004,8004,12000,1198,1231,0,0,0,0,9132,0,7200,7200,7200,7200,-3
2026-04-14T21:43:12,-3,12484,30164,8006,8006,12000,1217,1233,0,0,0,0,9132,0,7200,7200,7200,7200,-3
2026-04-14T21:43:17,-3,12517,30190,8008,8008,12000,1201,1223,0,0,0,0,9132,0,7200,7200,7200,7200,-3
2026-04-14T21:43:22,-3,12552,30216,8011,8011,12000,1190,1213,0,0,0,0,9132,0,7200,7200,7200,7200,-3
2026-04-14T21:43:27,-3,12583,30243,8013,8013,12000,1194,1222,0,0,0,0,9132,0,7200,7200,7200,7200,-3
2026-04-14T21:43:33,-3,12625,30271,8016,8016,12000,1208,1230,0,0,0,0,9132,0,7200,7200,7200,7200,-3
2026-04-14T21:43:37,-3,12653,30296,8018,8018,12000,1197,1213,0,0,0,0,9132,0,7200,7200,7200,7200,-3
2026-04-14T21:43:43,-3,12688,30322,8021,8021,12000,1188,1221,0,0,0,0,9132,0,7200,7200,7200,7200,-3
2026-04-14T21:43:48,-3,12724,30348,8024,8024,12000,1181,1213,0,0,0,0,9132,0,7200,7200,7200,7200,-3
2026-04-14T21:43:53,-3,12760,30375,8026,8026,12000,1175,1213,0,0,0,0,9132,0,7200,7200,7200,7200,-3
2026-04-14T21:43:57,-3,12789,30400,8028,8028,12000,1190,1212,0,0,0,0,9132,0,7200,7200,7200,7200,-3
2026-04-14T21:44:02,-3,12825,30428,8031,8031,12000,1175,1232,0,0,0,0,9132,0,7200,7200,7200,7200,-3
2026-04-14T21:44:08,-3,12862,30454,8034,8034,12000,1155,1184,0,0,0,0,9132,0,7200,7200,7200,7200,-3
2026-04-14T21:44:13,-3,12896,30480,8036,8036,12000,1168,1191,0,0,0,0,9132,0,7200,7200,7200,7200,-3
2026-04-14T21:44:17,-3,12927,30507,8038,8038,12000,1171,1178,0,0,0,0,9132,0,7200,7200,7200,7200,-3
2026-04-14T21:44:22,-3,12959,30532,8041,8041,12000,1177,1186,0,0,0,0,9132,0,7200,7200,7200,7200,-3
2026-04-14T21:44:27,-3,12994,30558,8043,8043,12000,1180,1202,0,0,0,0,9132,0,7200,7200,7200,7200,-3
2026-04-14T21:44:32,-3,13030,30586,8046,8046,12000,1172,1202,0,0,0,0,9132,0,7200,7200,7200,7200,-3
2026-04-14T21:44:37,-3,13063,30612,8049,8049,12000,1179,1202,0,0,0,0,9132,0,7200,7200,7200,7200,-3
2026-04-14T21:44:43,-3,13097,30638,8051,8051,12000,1182,1211,0,0,0,0,9132,0,7200,7200,7200,7200,-3
2026-04-14T21:44:47,-3,13129,30663,8053,8053,12000,1180,1202,0,0,0,0,9132,0,7200,7200,7200,7200,-3
2026-04-14T21:44:53,-3,13166,30691,8056,8056,12000,1213,1233,0,0,0,0,9132,0,7200,7200,7200,7200,-3
2026-04-14T21:44:57,-3,13198,30717,8058,8058,12000,1251,1256,0,0,0,0,9132,0,7200,7200,7200,7200,-3
2026-04-14T21:45:02,-3,13231,30743,8061,8061,12000,1227,1257,0,0,0,0,9132,0,7200,7200,7200,7200,-3
2026-04-14T21:45:08,-3,13272,30770,8064,8064,12000,1243,1262,0,0,0,0,9132,0,7200,7200,7200,7200,-3
2026-04-14T21:45:12,-3,13303,30796,8066,8066,12000,1236,1256,0,0,0,0,9132,0,7200,7200,7200,7200,-3
2026-04-14T21:45:17,-3,13335,30822,8069,8069,12000,1184,1203,0,0,0,0,9132,0,7200,7200,7200,7200,-3
2026-04-14T21:45:22,-3,13371,30849,8071,8071,12000,1184,1203,0,0,0,0,9132,0,7200,7200,7200,7200,-3
2026-04-14T21:45:28,-3,13405,30874,8074,8074,12000,1180,1203,0,0,0,0,9132,0,7200,7200,7200,7200,-3
2026-04-14T21:45:32,-3,13437,30900,8076,8076,12000,1174,1203,0,0,0,0,9132,0,7200,7200,7200,7200,-3
2026-04-14T21:45:37,-3,13474,30928,8079,8079,12000,1188,1202,0,0,0,0,9132,0,7200,7200,7200,7200,-3
2026-04-14T21:45:42,-3,13506,30953,8081,8081,12000,1179,1201,0,0,0,0,9132,0,7200,7200,7200,7200,-3
2026-04-14T21:45:47,-3,13541,30981,8084,8083,12000,1173,1203,0,0,0,0,9132,0,7200,7200,7200,7200,-3
2026-04-14T21:45:53,-3,13577,31007,8086,8086,12000,1165,1203,0,0,0,0,9132,0,7200,7200,7200,7200,-3
2026-04-14T21:45:57,-3,13607,31032,8088,8088,12000,1172,1200,0,0,0,0,9132,0,7200,7200,7200,7200,-3
2026-04-14T21:46:02,-3,13642,31059,8091,8091,12000,1180,1192,0,0,0,0,9132,0,7200,7200,7200,7200,-3
2026-04-14T21:46:08,-3,13678,31086,8094,8094,12000,1180,1203,0,0,0,0,9132,0,7200,7200,7200,7200,-3
2026-04-14T21:46:12,-3,13709,31111,8096,8096,12000,1172,1194,0,0,0,0,9132,0,7200,7200,7200,7200,-3
2026-04-14T21:46:17,-3,13746,31137,8099,8099,12000,1178,1200,0,0,0,0,9132,0,7200,7200,7200,7200,-3
2026-04-14T21:46:23,-3,13783,31165,8101,8101,12000,1185,1201,0,0,0,0,9132,0,7200,7200,7200,7200,-3
2026-04-14T21:46:27,-3,13813,31190,8103,8103,12000,1184,1200,0,0,0,0,9132,0,7200,7200,7200,7200,-3
2026-04-14T21:46:33,-3,13852,31218,8106,8106,12000,1184,1199,0,0,0,0,9132,0,7200,7200,7200,7200,-3
2026-04-14T21:46:38,-3,13882,31243,8109,8109,12000,1174,1190,0,0,0,0,9132,0,7200,7200,7200,7200,-3
2026-04-14T21:46:42,-3,13916,31270,8111,8111,12000,1162,1191,0,0,0,0,9132,0,7200,7200,7200,7200,-3
2026-04-14T21:46:47,-3,13948,31296,8113,8113,12000,1171,1201,0,0,0,0,9132,0,7200,7200,7200,7200,-3
2026-04-14T21:46:52,-3,13983,31322,8116,8116,12000,1178,1200,0,0,0,0,9132,0,7200,7200,7200,7200,-3
2026-04-14T21:46:57,-3,14018,31348,8118,8118,12000,1171,1209,0,0,0,0,9132,0,7200,7200,7200,7200,-3
2026-04-14T21:47:02,-3,14053,31376,8121,8121,12000,1172,1191,0,0,0,0,9132,0,7200,7200,7200,7200,-3
2026-04-14T21:47:08,-3,14088,31402,8124,8124,12000,1165,1199,0,0,0,0,9132,0,7200,7200,7200,7200,-3
2026-04-14T21:47:13,-3,14126,31429,8126,8126,12000,1172,1199,0,0,0,0,9132,0,7200,7200,7200,7200,-3
2026-04-14T21:47:18,-3,14157,31454,8129,8129,12000,1177,1199,0,0,0,0,9132,0,7200,7200,7200,7200,-3
2026-04-14T21:47:23,-3,14191,31481,8131,8131,12000,1171,1200,0,0,0,0,9132,0,7200,7200,7200,7200,-3
2026-04-14T21:47:28,-3,14225,31507,8134,8134,12000,1172,1193,0,0,0,0,9132,0,7200,7200,7200,7200,-3
2026-04-14T21:47:33,-3,14261,31534,8136,8136,12000,1166,1185,0,0,0,0,9132,0,7200,7200,7200,7200,-3
2026-04-14T21:47:37,-3,14291,31559,8138,8138,12000,1181,1194,0,0,0,0,9132,0,7200,7200,7200,7200,-3
2026-04-14T21:47:43,-3,14329,31587,8141,8141,12000,1114,1129,0,0,0,0,9132,0,7200,7200,7200,7200,-3
2026-04-14T21:47:47,-3,14358,31612,8143,8143,12000,1130,1152,0,0,0,0,9132,0,7200,7200,7200,7200,-3
2026-04-14T21:47:53,-3,14397,31639,8146,8146,12000,1123,1152,0,0,0,0,9132,0,7200,7200,7200,7200,-3
2026-04-14T21:47:58,-3,14429,31665,8149,8149,12000,1134,1162,0,0,0,0,9132,0,7200,7200,7200,7200,-3
2026-04-14T21:48:03,-3,14462,31691,8151,8151,12000,1125,1148,0,0,0,0,9132,0,7200,7200,7200,7200,-3
2026-04-14T21:48:08,-3,14497,31717,8154,8154,12000,1126,1155,0,0,0,0,9132,0,7200,7200,7200,7200,-3
2026-04-14T21:48:12,-3,14528,31743,8156,8156,12000,1121,1150,0,0,0,0,9132,0,7200,7200,7200,7200,-3
2026-04-14T21:48:18,-3,14567,31771,8159,8159,12000,1123,1153,0,0,0,0,9132,0,7200,7200,7200,7200,-3
2026-04-14T21:48:23,-3,14600,31797,8161,8161,12000,1149,1179,0,0,0,0,9132,0,7200,7200,7200,7200,-3
2026-04-14T21:48:28,-3,14633,31823,8164,8164,12000,1141,1169,0,0,0,0,9132,0,7200,7200,7200,7200,-3
2026-04-14T21:48:32,-3,14666,31849,8166,8166,12000,1124,1163,0,0,0,0,9132,0,7200,7200,7200,7200,-3
2026-04-14T21:48:38,-3,14701,31875,8169,8169,12000,1132,1152,0,0,0,0,9132,0,7200,7200,7200,7200,-3
2026-04-14T21:48:43,-3,14738,31903,8171,8171,12000,1133,1168,0,0,0,0,9132,0,7200,7200,7200,7200,-3
2026-04-14T21:48:48,-3,14769,31929,8174,8174,12000,1134,1162,0,0,0,0,9132,0,7200,7200,7200,7200,-3
2026-04-14T21:48:53,-3,14803,31954,8176,8176,12000,1159,1179,0,0,0,0,9132,0,7200,7200,7200,7200,-3
2026-04-14T21:48:58,-3,14834,31980,8179,8179,12000,1147,1170,0,0,0,0,9132,0,7200,7200,7200,7200,-3
2026-04-14T21:49:02,-3,14870,32007,8181,8181,12000,1123,1153,0,0,0,0,9132,0,7200,7200,7200,7200,-3
2026-04-14T21:49:07,-3,14903,32033,8183,8183,12000,1126,1172,0,0,0,0,9132,0,7200,7200,7200,7200,-3
2026-04-14T21:49:13,-3,14938,32059,8186,8186,12000,1148,1171,0,0,0,0,9132,0,7200,7200,7200,7200,-3
2026-04-14T21:49:17,-3,14970,32085,8189,8188,12000,1135,1171,0,0,0,0,9132,0,7200,7200,7200,7200,-3
2026-04-14T21:49:24,-3,15012,32114,8191,8191,12000,1148,1179,0,0,0,0,9132,0,7200,7200,7200,7200,-3
2026-04-14T21:49:28,-3,15041,32138,8194,8194,12000,1139,1179,0,0,0,0,9132,0,7200,7200,7200,7200,-3
2026-04-14T21:49:33,-3,15078,32165,8196,8196,12000,1150,1180,0,0,0,0,9132,0,7200,7200,7200,7200,-3
2026-04-14T21:49:38,-3,15111,32191,8199,8199,12000,1150,1180,0,0,0,0,9132,0,7200,7200,7200,7200,-3
2026-04-14T21:49:43,-3,15142,32217,8201,8201,12000,1141,1171,0,0,0,0,9132,0,7200,7200,7200,7200,-3
2026-04-14T21:49:47,-3,15177,32244,8204,8203,12000,1124,1170,0,0,0,0,9132,0,7200,7200,7200,7200,-3
2026-04-14T21:49:53,-3,15212,32271,8206,8206,12000,1131,1154,0,0,0,0,9132,0,7200,7200,7200,7200,-3
2026-04-14T21:49:57,-3,15246,32297,8209,8209,12000,1108,1138,0,0,0,0,9132,0,7200,7200,7200,7200,-3
2026-04-14T21:50:03,-3,15282,32323,8211,8211,12000,1121,1144,0,0,0,0,9132,0,7200,7200,7200,7200,-3
2026-04-14T21:50:08,-3,15313,32345,8214,8214,12000,1101,1140,0,0,0,0,9132,0,7200,7200,7200,7200,-3
2026-04-14T21:50:13,-3,15348,32372,8216,8216,12000,1111,1146,0,0,0,0,9132,0,7200,7200,7200,7200,-3
2026-04-14T21:50:17,-3,15382,32398,8219,8219,12000,1119,1156,0,0,0,0,9132,0,7200,7200,7200,7200,-3
2026-04-14T21:50:23,-3,15416,32424,8221,8221,12000,1118,1155,0,0,0,0,9132,0,7200,7200,7200,7200,-3
2026-04-14T21:50:27,-3,15448,32450,8224,8224,12000,1117,1141,0,0,0,0,9132,0,7200,7200,7200,7200,-3
2026-04-14T21:50:33,-3,15486,32477,8226,8226,12000,1117,1139,0,0,0,0,9132,0,7200,7200,7200,7200,-3
2026-04-14T21:50:37,-3,15517,32503,8228,8228,12000,1118,1146,0,0,0,0,9132,0,7200,7200,7200,7200,-3
2026-04-14T21:50:43,-3,15553,32530,8231,8231,12000,1136,1156,0,0,0,0,9132,0,7200,7200,7200,7200,-3
2026-04-14T21:50:47,-3,15584,32555,8233,8233,12000,1127,1156,0,0,0,0,9132,0,7200,7200,7200,7200,-3
2026-04-14T21:50:53,-3,15625,32583,8236,8236,12000,1115,1154,0,0,0,0,9132,0,7200,7200,7200,7200,-3
2026-04-14T21:50:57,-3,15654,32608,8239,8239,12000,1116,1163,0,0,0,0,9132,0,7200,7200,7200,7200,-3
2026-04-14T21:51:03,-3,15687,32634,8241,8241,12000,1131,1165,0,0,0,0,9132,0,7200,7200,7200,7200,-3
2026-04-14T21:51:08,-3,15722,32660,8244,8244,12000,1125,1163,0,0,0,0,9132,0,7200,7200,7200,7200,-3
2026-04-14T21:51:13,-3,15757,32686,8246,8246,12000,1133,1156,0,0,0,0,9132,0,7200,7200,7200,7200,-3
2026-04-14T21:51:17,-3,15790,32713,8248,8248,12000,1110,1156,0,0,0,0,9132,0,7200,7200,7200,7200,-3
2026-04-14T21:51:23,-3,15829,32741,8251,8251,12000,1115,1154,0,0,0,0,9132,0,7200,7200,7200,7200,-3
2026-04-14T21:51:27,-3,15858,32766,8254,8254,12000,1120,1146,0,0,0,0,9132,0,7200,7200,7200,7200,-3
2026-04-14T21:51:32,-3,15893,-32744,8256,8256,12000,1104,1153,0,0,0,0,9132,0,7200,7200,7200,7200,-3
2026-04-14T21:51:38,-3,15929,-32716,8259,8259,12000,1123,1154,0,0,0,0,9132,0,7200,7200,7200,7200,-3
2026-04-14T21:51:43,-3,15960,-32691,8261,8261,12000,1125,1154,0,0,0,0,9132,0,7200,7200,7200,7200,-3
2026-04-14T21:51:47,-3,15994,-32665,8263,8263,12000,1117,1153,0,0,0,0,9132,0,7200,7200,7200,7200,-3
2026-04-14T21:51:52,-3,16031,-32638,8266,8266,12000,1105,1143,0,0,0,0,9132,0,7200,7200,7200,7200,-3
2026-04-14T21:51:57,-3,16062,-32613,8268,8268,12000,1117,1154,0,0,0,0,9132,0,7200,7200,7200,7200,-3
2026-04-14T21:52:02,-3,16095,-32586,8271,8271,12000,1105,1153,0,0,0,0,9132,0,7200,7200,7200,7200,-3
2026-04-14T21:52:07,-3,16132,-32559,8274,8274,12000,1132,1145,0,0,0,0,9132,0,7200,7200,7200,7200,-3
2026-04-14T21:52:13,-3,16169,-32536,8276,8276,12000,1127,1165,0,0,0,0,9132,0,7200,7200,7200,7200,-3
2026-04-14T21:52:17,-3,16199,-32511,8279,8279,12000,1133,1156,0,0,0,0,9132,0,7200,7200,7200,7200,-3
2026-04-14T21:52:22,-3,16233,-32484,8281,8281,12000,1125,1146,0,0,0,0,9132,0,7200,7200,7200,7200,-3
2026-04-14T21:52:28,-3,16271,-32458,8284,8284,12000,1116,1146,0,0,0,0,9132,0,7200,7200,7200,7200,-3
2026-04-14T21:52:33,-3,16304,-32431,8286,8286,12000,1126,1156,0,0,0,0,9132,0,7200,7200,7200,7200,-3
2026-04-14T21:52:38,-3,16339,-32405,8289,8289,12000,1123,1155,0,0,0,0,9132,0,7200,7200,7200,7200,-3
2026-04-14T21:52:44,-3,16376,-32377,8291,8291,12000,1115,1144,0,0,0,0,9132,0,7200,7200,7200,7200,-3
2026-04-14T21:52:48,-3,16407,-32352,8294,8294,12000,1116,1136,0,0,0,0,9132,0,7200,7200,7200,7200,-3
2026-04-14T21:52:52,-3,16437,-32329,8296,8296,12000,1115,1153,0,0,0,0,9132,0,7200,7200,7200,7200,-3
2026-04-14T21:52:58,-3,16477,-32303,8299,8299,12000,1115,1144,0,0,0,0,9132,0,7200,7200,7200,7200,-3
2026-04-14T21:53:03,-3,16507,-32278,8301,8301,12000,1108,1145,0,0,0,0,9132,0,7200,7200,7200,7200,-3
2026-04-14T21:53:08,-3,16544,-32251,8304,8304,12000,1120,1156,0,0,0,0,9132,0,7200,7200,7200,7200,-3
2026-04-14T21:53:14,-3,16580,-32224,8306,8306,12000,1134,1162,0,0,0,0,9132,0,7200,7200,7200,7200,-3
2026-04-14T21:53:18,-3,16612,-32198,8309,8309,12000,1106,1153,0,0,0,0,9132,0,7200,7200,7200,7200,-3
2026-04-14T21:53:23,-3,16643,-32173,8311,8311,12000,1138,1161,0,0,0,0,9132,0,7200,7200,7200,7200,-3
2026-04-14T21:53:27,-3,16676,-32146,8313,8314,12000,1124,1153,0,0,0,0,9132,0,7200,7200,7200,7200,-3
2026-04-14T21:53:33,-3,16710,-32119,8316,8316,12000,1130,1153,0,0,0,0,9132,0,7200,7200,7200,7200,-3
2026-04-14T21:53:38,-3,16745,-32093,8319,8319,12000,1130,1153,0,0,0,0,9132,0,7200,7200,7200,7200,-3
2026-04-14T21:53:44,-3,16783,-32066,8321,8321,12000,1130,1154,0,0,0,0,9132,0,7200,7200,7200,7200,-3
2026-04-14T21:53:47,-3,16812,-32041,8323,8323,12000,1124,1153,0,0,0,0,9132,0,7200,7200,7200,7200,-3
2026-04-14T21:53:53,-3,16850,-32014,8326,8326,12000,1131,1143,0,0,0,0,9132,0,7200,7200,7200,7200,-3
2026-04-14T21:53:58,-3,16884,-31988,8329,8329,12000,1125,1153,0,0,0,0,9132,0,7200,7200,7200,7200,-3
2026-04-14T21:54:04,-3,16919,-31960,8331,8332,12000,1149,1163,0,0,0,0,9132,0,7200,7200,7200,7200,-3
2026-04-14T21:54:08,-3,16949,-31935,8334,8334,12000,1123,1155,0,0,0,0,9132,0,7200,7200,7200,7200,-3
2026-04-14T21:54:13,-3,16988,-31908,8336,8336,12000,1117,1155,0,0,0,0,9132,0,7200,7200,7200,7200,-3
2026-04-14T21:54:17,-3,17017,-31884,8338,8338,12000,1124,1156,0,0,0,0,9132,0,7200,7200,7200,7200,-3
2026-04-14T21:54:23,-3,17055,-31855,8341,8341,12000,1133,1156,0,0,0,0,9132,0,7200,7200,7200,7200,-3
2026-04-14T21:54:28,-3,17084,-31830,8344,8344,12000,1142,1165,0,0,0,0,9132,0,7200,7200,7200,7200,-3
2026-04-14T21:54:34,-3,17125,-31803,8346,8346,12000,1119,1155,0,0,0,0,9132,0,7200,7200,7200,7200,-3
2026-04-14T21:54:38,-3,17153,-31778,8349,8349,12000,1126,1155,0,0,0,0,9132,0,7200,7200,7200,7200,-3
2026-04-14T21:54:42,-3,17188,-31751,8351,8351,12000,1125,1155,0,0,0,0,9132,0,7200,7200,7200,7200,-3
2026-04-14T21:54:48,-3,17224,-31725,8354,8354,12000,1132,1156,0,0,0,0,9132,0,7200,7200,7200,7200,-3
2026-04-14T21:54:53,-3,17258,-31699,8356,8356,12000,1137,1157,0,0,0,0,9132,0,7200,7200,7200,7200,-3
2026-04-14T21:54:58,-3,17292,-31672,8359,8359,12000,1134,1165,0,0,0,0,9132,0,7200,7200,7200,7200,-3
2026-04-14T21:55:04,-3,17329,-31644,8361,8362,12000,1138,1154,0,0,0,0,9132,0,7200,7200,7200,7200,-3
2026-04-14T21:55:08,-3,17359,-31619,8364,8364,12000,1127,1156,0,0,0,0,9132,0,7200,7200,7200,7200,-3
2026-04-14T21:55:13,-3,17393,-31593,8366,8366,12000,1119,1156,0,0,0,0,9132,0,7200,7200,7200,7200,-3
2026-04-14T21:55:17,-3,17426,-31567,8369,8368,12000,1143,1156,0,0,0,0,9132,0,7200,7200,7200,7200,-3
2026-04-14T21:55:22,-3,17459,-31541,8371,8371,12000,1117,1140,0,0,0,0,9132,0,7200,7200,7200,7200,-3
2026-04-14T21:55:28,-3,17496,-31515,8374,8374,12000,1126,1157,0,0,0,0,9132,0,7200,7200,7200,7200,-3
2026-04-14T21:55:32,-3,17528,-31488,8376,8376,12000,1141,1157,0,0,0,0,9132,0,7200,7200,7200,7200,-3
2026-04-14T21:55:37,-3,17562,-31462,8379,8379,12000,1120,1157,0,0,0,0,9132,0,7200,7200,7200,7200,-3
2026-04-14T21:55:42,-3,17596,-31436,8381,8381,12000,1127,1147,0,0,0,0,9132,0,7200,7200,7200,7200,-3
2026-04-14T21:55:48,-3,17632,-31409,8384,8384,12000,1133,1156,0,0,0,0,9132,0,7200,7200,7200,7200,-3
2026-04-14T21:55:54,-3,17668,-31382,8386,8386,12000,1142,1155,0,0,0,0,9132,0,7200,7200,7200,7200,-3
2026-04-14T21:55:57,-3,17698,-31356,8389,8389,12000,1230,1259,0,0,0,0,9132,0,7200,7200,7200,7200,-3
2026-04-14T21:56:03,-3,17738,-31329,8391,8391,12000,1237,1254,0,0,0,0,9132,0,7200,7200,7200,7200,-3
2026-04-14T21:56:08,-3,17771,-31303,8394,8394,12000,1232,1262,0,0,0,0,9132,0,7200,7200,7200,7200,-3
2026-04-14T21:56:13,-3,17804,-31281,8396,8396,12000,1317,1345,0,0,0,0,9132,0,7200,7200,7200,7200,-3
2026-04-14T21:56:17,-3,17834,-31255,8399,8399,12000,1350,1379,0,0,0,0,9132,0,7200,7200,7200,7200,-3
2026-04-14T21:56:23,-3,17870,-31228,8401,8401,12000,1348,1389,0,0,0,0,9132,0,7200,7200,7200,7200,-3
2026-04-14T21:56:28,-3,17905,-31202,8404,8404,12000,1375,1416,0,0,0,0,9132,0,7200,7200,7200,7200,-3
2026-04-14T21:56:33,-3,17938,-31176,8406,8406,12000,1425,1429,0,0,0,0,9132,0,7200,7200,7200,7200,-3
2026-04-14T21:56:38,-3,17975,-31150,8409,8409,12000,1413,1438,0,0,0,0,9132,0,7200,7200,7200,7200,-3
2026-04-14T21:56:44,-3,18011,-31122,8411,8411,12000,1414,1430,0,0,0,0,9132,0,7200,7200,7200,7200,-3
2026-04-14T21:56:48,-3,18043,-31097,8414,8414,12000,1406,1438,0,0,0,0,9132,0,7200,7200,7200,7200,-3
2026-04-14T21:56:52,-3,18073,-31071,8416,8416,12000,1364,1387,0,0,0,0,9132,0,7200,7200,7200,7200,-3
2026-04-14T21:56:57,-3,18107,-31045,8419,8418,12000,1402,1439,0,0,0,0,9132,0,7200,7200,7200,7200,-3
2026-04-14T21:57:03,-3,18145,-31017,8421,8421,12000,1391,1421,0,0,0,0,9132,0,7200,7200,7200,7200,-3
2026-04-14T21:57:08,-3,18178,-30992,8424,8424,12000,1238,1274,0,0,0,0,9132,0,7200,7200,7200,7200,-3
2026-04-14T21:57:13,-3,18212,-30965,8426,8426,12000,1617,1640,0,0,0,0,9132,0,7200,7200,7200,7200,-3
2026-04-14T21:57:17,-3,18244,-30940,8428,8428,12000,1517,1540,0,0,0,0,9132,0,7200,7200,7200,7200,-3
2026-04-14T21:57:23,-3,18282,-30911,8431,8431,12000,1605,1642,0,0,0,0,9132,0,7200,7200,7200,7200,-3
2026-04-14T21:57:32,-3,18345,NaN,8436,8436,12000,1612,1642,NaN,NaN,0,0,9132,NaN,7200,7200,7200,7200,NaN
2026-04-14T21:57:35,-3,18360,-30850,8437,8437,12000,1623,1653,0,0,0,0,9132,0,7200,7200,7200,7200,-3
2026-04-14T21:57:40,-3,18395,-30824,8440,8440,12000,1628,1658,0,0,0,0,9132,0,7200,7200,7200,7200,-3
2026-04-14T21:57:44,-3,18429,-30797,8442,8442,12000,1603,1642,0,0,0,0,9132,0,7200,7200,7200,7200,-3
2026-04-14T21:57:49,-3,18462,-30772,8445,8445,12000,1644,1651,0,0,0,0,9132,0,7200,7200,7200,7200,-3
2026-04-14T21:57:55,-3,18497,-30745,8447,8447,12000,1638,1667,0,0,0,0,9132,0,7200,7200,7200,7200,-3
2026-04-14T21:57:59,-3,18530,-30719,8449,8449,12000,1630,1676,0,0,0,0,9132,0,7200,7200,7200,7200,-3
2026-04-14T21:58:04,-3,18564,-30693,8452,8452,12000,1639,1669,0,0,0,0,9132,0,7200,7200,7200,7200,-3
2026-04-14T21:58:09,-3,18598,-30666,8455,8455,12000,1644,1683,0,0,0,0,9132,0,7200,7200,7200,7200,-3
2026-04-14T21:58:15,-3,18637,-30639,8457,8457,12000,1644,1666,0,0,0,0,9132,0,7200,7200,7200,7200,-3
2026-04-14T21:58:20,-3,18670,-30613,8460,8460,12000,1655,1675,0,0,0,0,9132,0,7200,7200,7200,7200,-3
2026-04-14T21:58:25,-3,18703,-30586,8462,8462,12000,1644,1666,0,0,0,0,9132,0,7200,7200,7200,7200,-3
2026-04-14T21:58:30,-3,18736,-30559,8465,8465,12000,1661,1693,0,0,0,0,9132,0,7200,7200,7200,7200,-3
2026-04-14T21:58:35,-3,18772,-30534,8467,8467,12000,1668,1700,0,0,0,0,9132,0,7200,7200,7200,7200,-3
2026-04-14T21:58:40,-3,18806,-30508,8470,8470,12000,1648,1677,0,0,0,0,9132,0,7200,7200,7200,7200,-3
2026-04-14T21:58:44,-3,18836,-30483,8472,8472,12000,1640,1670,0,0,0,0,9132,0,7200,7200,7200,7200,-3
2026-04-14T21:58:50,-3,18877,-30454,8475,8475,12000,1660,1689,0,0,0,0,9132,0,7200,7200,7200,7200,-3
2026-04-14T21:58:55,-3,18908,-30428,8477,8477,12000,1678,1693,0,0,0,0,9132,0,7200,7200,7200,7200,-3
2026-04-14T21:58:59,-3,18940,-30403,8480,8480,12000,1678,1701,0,0,0,0,9132,0,7200,7200,7200,7200,-3
2026-04-14T21:59:04,-3,18972,-30377,8482,8482,12000,1681,1703,0,0,0,0,9132,0,7200,7200,7200,7200,-3
2026-04-14T21:59:11,-3,19013,-30348,8485,8485,12000,1664,1683,0,0,0,0,9132,0,7200,7200,7200,7200,-3
2026-04-14T21:59:14,-3,19042,-30324,8487,8487,12000,1664,1694,0,0,0,0,9132,0,7200,7200,7200,7200,-3
2026-04-14T21:59:20,-3,19078,-30297,8490,8490,12000,1657,1694,0,0,0,0,9132,0,7200,7200,7200,7200,-3
2026-04-14T21:59:25,-3,19111,-30271,8492,8492,12000,1682,1721,0,0,0,0,9132,0,7200,7200,7200,7200,-3
2026-04-14T21:59:30,-3,19142,-30245,8494,8495,12000,1681,1694,0,0,0,0,9132,0,7200,7200,7200,7200,-3
2026-04-14T21:59:34,-3,19177,-30219,8497,8497,12000,1638,1674,0,0,0,0,9132,0,7200,7200,7200,7200,-3
2026-04-14T21:59:40,-3,19213,-30191,8500,8500,12000,1640,1687,0,0,0,0,9132,0,7200,7200,7200,7200,-3
2026-04-14T21:59:45,-3,19250,-30165,8502,8502,12000,1674,1694,0,0,0,0,9132,0,7200,7200,7200,7200,-3
2026-04-14T21:59:50,-3,19285,-30139,8505,8505,12000,1674,1713,0,0,0,0,9132,0,7200,7200,7200,7200,-3
2026-04-14T21:59:55,-3,19316,-30113,8507,8507,12000,1680,1721,0,0,0,0,9132,0,7200,7200,7200,7200,-3
2026-04-14T22:00:00,-3,19351,-30086,8510,8510,12000,1689,1702,0,0,0,0,9132,0,7200,7200,7200,7200,-3
2026-04-14T22:00:05,-3,19384,-30060,8512,8512,12000,1685,1712,0,0,0,0,9132,0,7200,7200,7200,7200,-3
2026-04-14T22:00:10,-3,19418,-30034,8515,8515,12000,1666,1703,0,0,0,0,9132,0,7200,7200,7200,7200,-3
2026-04-14T22:00:14,-3,19451,-30008,8517,8517,12000,1657,1710,0,0,0,0,9132,0,7200,7200,7200,7200,-3
2026-04-14T22:00:20,-3,19484,-29982,8520,8520,12000,1714,1735,0,0,0,0,9132,0,7200,7200,7200,7200,-3
2026-04-14T22:00:25,-3,19521,-29955,8522,8522,12000,1721,1758,0,0,0,0,9132,0,7200,7200,7200,7200,-3
2026-04-14T22:00:30,-3,19556,-29929,8525,8525,12000,1724,1748,0,0,0,0,9132,0,7200,7200,7200,7200,-3
2026-04-14T22:00:34,-3,19587,-29903,8527,8527,12000,1729,1758,0,0,0,0,9132,0,7200,7200,7200,7200,-3
2026-04-14T22:00:39,-3,19619,-29876,8530,8530,12000,1720,1743,0,0,0,0,9132,0,7200,7200,7200,7200,-3
2026-04-14T22:00:45,-3,19654,-29851,8532,8532,12000,1726,1749,0,0,0,0,9132,0,7200,7200,7200,7200,-3
2026-04-14T22:00:50,-3,19692,-29822,8535,8535,12000,1721,1751,0,0,0,0,9132,0,7200,7200,7200,7200,-3
2026-04-14T22:00:55,-3,19723,-29797,8537,8537,12000,1719,1749,0,0,0,0,9132,0,7200,7200,7200,7200,-3
2026-04-14T22:01:00,-3,19761,-29770,8540,8540,12000,1727,1743,0,0,0,0,9132,0,7200,7200,7200,7200,-3
2026-04-14T22:01:04,-3,19792,-29745,8542,8542,12000,1739,1751,0,0,0,0,9132,0,7200,7200,7200,7200,-3
2026-04-14T22:01:09,-3,19825,-29719,8544,8544,12000,1731,1760,0,0,0,0,9132,0,7200,7200,7200,7200,-3
2026-04-14T22:01:14,-3,19858,-29692,8547,8547,12000,1707,1745,0,0,0,0,9132,0,7200,7200,7200,7200,-3
2026-04-14T22:01:19,-3,19893,-29666,8550,8549,12000,1728,1751,0,0,0,0,9132,0,7200,7200,7200,7200,-3
2026-04-14T22:01:24,-3,19927,-29640,8552,8552,12000,1713,1742,0,0,0,0,9132,0,7200,7200,7200,7200,-3
2026-04-14T22:01:30,-3,19963,-29612,8555,8555,12000,1712,1757,0,0,0,0,9132,0,7200,7200,7200,7200,-3
2026-04-14T22:01:34,-3,19995,-29587,8557,8557,12000,1719,1748,0,0,0,0,9132,0,7200,7200,7200,7200,-3
2026-04-14T22:01:40,-3,20029,-29561,8560,8560,12000,1720,1749,0,0,0,0,9132,0,7200,7200,7200,7200,-3
2026-04-14T22:01:45,-3,20068,-29534,8562,8562,12000,1719,1748,0,0,0,0,9132,0,7200,7200,7200,7200,-3
2026-04-14T22:01:50,-3,20099,-29507,8565,8565,12000,1715,1751,0,0,0,0,9132,0,7200,7200,7200,7200,-3
2026-04-14T22:01:55,-3,20133,-29482,8567,8567,12000,1736,1750,0,0,0,0,9132,0,7200,7200,7200,7200,-3
2026-04-14T22:02:00,-3,20171,-29454,8570,8570,12000,1727,1766,0,0,0,0,9132,0,7200,7200,7200,7200,-3
2026-04-14T22:02:04,-3,20201,-29429,8572,8572,12000,1716,1752,0,0,0,0,9132,0,7200,7200,7200,7200,-3
2026-04-14T22:02:10,-3,20237,-29401,8575,8575,12000,1722,1751,0,0,0,0,9132,0,7200,7200,7200,7200,-3
2026-04-14T22:02:14,-3,20268,-29376,8577,8577,12000,1721,1767,0,0,0,0,9132,0,7200,7200,7200,7200,-3
2026-04-14T22:02:20,-3,20306,-29349,8580,8580,12000,1756,1785,0,0,0,0,9132,0,7200,7200,7200,7200,-3
2026-04-14T22:02:24,-3,20336,-29324,8582,8582,12000,1756,1785,0,0,0,0,9132,0,7200,7200,7200,7200,-3
2026-04-14T22:02:30,-3,20372,-29297,8585,8585,12000,1765,1787,0,0,0,0,9132,0,7200,7200,7200,7200,-3
2026-04-14T22:02:34,-3,20404,-29272,8587,8587,12000,1766,1795,0,0,0,0,9132,0,7200,7200,7200,7200,-3
2026-04-14T22:02:40,-3,20443,-29243,8590,8590,12000,1756,1781,0,0,0,0,9132,0,7200,7200,7200,7200,-3
2026-04-14T22:02:45,-3,20473,-29219,8592,8592,12000,1774,1785,0,0,0,0,9132,0,7200,7200,7200,7200,-3
2026-04-14T22:02:50,-3,20512,-29191,8595,8595,12000,1759,1776,0,0,0,0,9132,0,7200,7200,7200,7200,-3
2026-04-14T22:02:55,-3,20545,-29165,8597,8597,12000,1755,1778,0,0,0,0,9132,0,7200,7200,7200,7200,-3
2026-04-14T22:02:59,-3,20575,-29140,8599,8599,12000,1763,1794,0,0,0,0,9132,0,7200,7200,7200,7200,-3
2026-04-14T22:03:05,-3,20610,-29113,8602,8602,12000,1750,1778,0,0,0,0,9132,0,7200,7200,7200,7200,-3
2026-04-14T22:03:09,-3,20643,-29087,8605,8605,12000,1740,1776,0,0,0,0,9132,0,7200,7200,7200,7200,-3
2026-04-14T22:03:15,-3,20679,-29061,8607,8607,12000,1764,1778,0,0,0,0,9132,0,7200,7200,7200,7200,-3
2026-04-14T22:03:20,-3,20715,-29034,8610,8610,12000,1773,1786,0,0,0,0,9132,0,7200,7200,7200,7200,-3
2026-04-14T22:03:25,-3,20744,-29008,8612,8612,12000,1764,1793,0,0,0,0,9132,0,7200,7200,7200,7200,-3
2026-04-14T22:03:30,-3,20779,-28982,8615,8615,12000,1780,1803,0,0,0,0,9132,0,7200,7200,7200,7200,-3
2026-04-14T22:03:34,-3,20813,-28956,8617,8617,12000,1782,1805,0,0,0,0,9132,0,7200,7200,7200,7200,-3
2026-04-14T22:03:39,-3,20848,-28929,8620,8620,12000,1771,1801,0,0,0,0,9132,0,7200,7200,7200,7200,-3
2026-04-14T22:03:44,-3,20881,-28902,8622,8622,12000,1763,1776,0,0,0,0,9132,0,7200,7200,7200,7200,-3
2026-04-14T22:03:49,-3,20917,-28876,8625,8625,12000,1769,1792,0,0,0,0,9132,0,7200,7200,7200,7200,-3
2026-04-14T22:03:55,-3,20953,-28849,8627,8627,12000,1758,1808,0,0,0,0,9132,0,7200,7200,7200,7200,-3
2026-04-14T22:04:00,-3,20983,-28824,8630,8630,12000,1766,1790,0,0,0,0,9132,0,7200,7200,7200,7200,-3
2026-04-14T22:04:05,-3,21023,-28796,8632,8632,12000,1759,1793,0,0,0,0,9132,0,7200,7200,7200,7200,-3
2026-04-14T22:04:10,-3,21057,-28770,8635,8635,12000,1755,1795,0,0,0,0,9132,0,7200,7200,7200,7200,-3
2026-04-14T22:04:15,-3,21088,-28744,8637,8637,12000,1767,1796,0,0,0,0,9132,0,7200,7200,7200,7200,-3
2026-04-14T22:04:20,-3,21125,-28717,8640,8640,12000,1756,1778,0,0,0,0,9132,0,7200,7200,7200,7200,-3
2026-04-14T22:04:25,-3,21158,-28692,8642,8642,12000,1764,1800,0,0,0,0,9132,0,7200,7200,7200,7200,-3
2026-04-14T22:04:30,-3,21189,-28666,8645,8645,12000,1770,1793,0,0,0,0,9132,0,7200,7200,7200,7200,-3
2026-04-14T22:04:35,-3,21222,-28639,8647,8647,12000,1790,1826,0,0,0,0,9132,0,7200,7200,7200,7200,-3
2026-04-14T22:04:41,-3,21262,-28612,8650,8650,12000,1777,1799,0,0,0,0,9132,0,7200,7200,7200,7200,-3
2026-04-14T22:04:44,-3,21291,-28587,8652,8652,12000,1784,1800,0,0,0,0,9132,0,7200,7200,7200,7200,-3
2026-04-14T22:04:50,-3,21327,-28560,8655,8655,12000,1775,1802,0,0,0,0,9132,0,7200,7200,7200,7200,-3
2026-04-14T22:04:55,-3,21362,-28534,8657,8657,12000,1784,1801,0,0,0,0,9132,0,7200,7200,7200,7200,-3
2026-04-14T22:05:00,-3,21396,-28507,8660,8660,12000,1780,1801,0,0,0,0,9132,0,7200,7200,7200,7200,-3
2026-04-14T22:05:05,-3,21429,-28481,8662,8662,12000,1784,1801,0,0,0,0,9132,0,7200,7200,7200,7200,-3
2026-04-14T22:05:09,-3,21462,-28454,8665,8665,12000,1784,1820,0,0,0,0,9132,0,7200,7200,7200,7200,-3
2026-04-14T22:05:15,-3,21496,-28428,8667,8667,12000,1772,1802,0,0,0,0,9132,0,7200,7200,7200,7200,-3
2026-04-14T22:05:20,-3,21533,-28401,8670,8670,12000,1849,1878,0,0,0,0,9132,0,7200,7200,7200,7200,-3
2026-04-14T22:05:25,-3,21566,-28376,8672,8672,12000,1865,1887,0,0,0,0,9132,0,7200,7200,7200,7200,-3
2026-04-14T22:05:29,-3,21597,-28350,8675,8675,12000,1858,1888,0,0,0,0,9132,0,7200,7200,7200,7200,-3
2026-04-14T22:05:34,-3,21631,-28327,8677,8677,12000,1877,1893,0,0,0,0,9132,0,7200,7200,7200,7200,-3
2026-04-14T22:05:39,-3,21666,-28301,8679,8679,12000,1863,1876,0,0,0,0,9132,0,7200,7200,7200,7200,-3
2026-04-14T22:05:45,-3,21702,-28274,8682,8682,12000,2797,2826,0,0,0,0,9132,0,7200,7200,7200,7200,-3
2026-04-14T22:05:49,-3,21733,-28249,8685,8685,12000,3152,3184,0,0,0,0,9132,0,7200,7200,7200,7200,-3
2026-04-14T22:05:55,-3,21771,-28222,8687,8687,12000,3240,3271,0,0,0,0,9132,0,7200,7200,7200,7200,-3
2026-04-14T22:06:00,-3,21806,-28195,8690,8690,12000,3272,3299,0,0,0,0,9132,0,7200,7200,7200,7200,-3
2026-04-14T22:06:05,-3,21837,-28170,8692,8692,12000,3299,3319,0,0,0,0,9132,0,7200,7200,7200,7200,-3
2026-04-14T22:06:10,-3,21873,-28142,8695,8695,12000,3310,3325,0,0,0,0,9132,0,7200,7200,7200,7200,-3
2026-04-14T22:06:14,-3,21904,-28117,8697,8697,12000,3301,3330,0,0,0,0,9132,0,7200,7200,7200,7200,-3
2026-04-14T22:06:20,-3,21943,-28089,8700,8700,12000,3294,3332,0,0,0,0,9132,0,7200,7200,7200,7200,-3
2026-04-14T22:06:25,-3,21973,-28065,8702,8702,12000,3326,3352,0,0,0,0,9132,0,7200,7200,7200,7200,-3
2026-04-14T22:06:31,-3,22012,-28037,8705,8705,12000,3330,3352,0,0,0,0,9132,0,7200,7200,7200,7200,-3
2026-04-14T22:06:35,-3,22044,-28011,8707,8707,12000,3316,3349,0,0,0,0,9132,0,7200,7200,7200,7200,-3
2026-04-14T22:06:40,-3,22076,-27985,8710,8710,12000,3299,3322,0,0,0,0,9132,0,7200,7200,7200,7200,-3
2026-04-14T22:06:45,-3,22113,-27958,8712,8712,12000,3289,3310,0,0,0,0,9132,0,7200,7200,7200,7200,-3
2026-04-14T22:06:50,-3,22143,-27933,8715,8715,12000,3321,3328,0,0,0,0,9132,0,7200,7200,7200,7200,-3
2026-04-14T22:06:55,-3,22182,-27906,8717,8717,12000,3332,3352,0,0,0,0,9132,0,7200,7200,7200,7200,-3
2026-04-14T22:07:00,-3,22214,-27879,8720,8720,12000,3332,3355,0,0,0,0,9132,0,7200,7200,7200,7200,-3
2026-04-14T22:07:05,-3,22249,-27853,8722,8722,12000,3329,3332,0,0,0,0,9132,0,7200,7200,7200,7200,-3
2026-04-14T22:07:10,-3,22282,-27828,8725,8725,12000,3333,3334,0,0,0,0,9132,0,7200,7200,7200,7200,-3
2026-04-14T22:07:15,-3,22314,-27801,8727,8727,12000,3291,3314,0,0,0,0,9132,0,7200,7200,7200,7200,-3
2026-04-14T22:07:19,-3,22348,-27775,8730,8730,12000,3379,3392,0,0,0,0,9132,0,7200,7200,7200,7200,-3
2026-04-14T22:07:25,-3,22385,-27748,8732,8732,12000,3322,3341,0,0,0,0,9132,0,7200,7200,7200,7200,-3
2026-04-14T22:07:31,-3,22422,-27720,8735,8735,12000,3253,3271,0,0,0,0,9132,0,7200,7200,7200,7200,-3
2026-04-14T22:07:34,-3,22451,-27696,8737,8737,12000,3340,3354,0,0,0,0,9132,0,7200,7200,7200,7200,-3
2026-04-14T22:07:40,-3,22487,-27669,8740,8740,12000,3347,3370,0,0,0,0,9132,0,7200,7200,7200,7200,-3
2026-04-14T22:07:45,-3,22522,-27643,8742,8742,12000,3353,3360,0,0,0,0,9132,0,7200,7200,7200,7200,-3
2026-04-14T22:07:50,-3,22552,-27617,8745,8745,12000,3346,3371,0,0,0,0,9132,0,7200,7200,7200,7200,-3
2026-04-14T22:07:55,-3,22589,-27590,8747,8747,12000,3330,3368,0,0,0,0,9132,0,7200,7200,7200,7200,-3
2026-04-14T22:08:00,-3,22620,-27565,8750,8750,12000,3367,3377,0,0,0,0,9132,0,7200,7200,7200,7200,-3
2026-04-14T22:08:05,-3,22655,-27538,8752,8752,12000,3344,3367,0,0,0,0,9132,0,7200,7200,7200,7200,-3
2026-04-14T22:08:10,-3,22690,-27512,8755,8755,12000,3367,3379,0,0,0,0,9132,0,7200,7200,7200,7200,-3
2026-04-14T22:08:14,-3,22723,-27486,8757,8757,12000,3358,3386,0,0,0,0,9132,0,7200,7200,7200,7200,-3
2026-04-14T22:08:21,-3,22763,-27457,8760,8760,12000,3391,3391,0,0,0,0,9132,0,7200,7200,7200,7200,-3
2026-04-14T22:08:24,-3,22791,-27432,8762,8762,12000,3370,3390,0,0,0,0,9132,0,7200,7200,7200,7200,-3
2026-04-14T22:08:31,-3,22828,-27405,8765,8765,12000,3344,3372,0,0,0,0,9132,0,7200,7200,7200,7200,-3
2026-04-14T22:08:35,-3,22861,-27379,8767,8767,12000,3360,3362,0,0,0,0,9132,0,7200,7200,7200,7200,-3
2026-04-14T22:08:41,-3,22897,-27353,8770,8770,12000,3334,3367,0,0,0,0,9132,0,7200,7200,7200,7200,-3
2026-04-14T22:08:44,-3,22927,-27328,8772,8772,12000,3293,3323,0,0,0,0,9132,0,7200,7200,7200,7200,-3
2026-04-14T22:08:50,-3,22962,-27300,8775,8775,12000,3265,3280,0,0,0,0,9132,0,7200,7200,7200,7200,-3
2026-04-14T22:08:55,-3,23000,-27273,8777,8777,12000,3279,3287,0,0,0,0,9132,0,7200,7200,7200,7200,-3
2026-04-14T22:09:00,-3,23032,-27248,8780,8780,12000,3266,3304,0,0,0,0,9132,0,7200,7200,7200,7200,-3
2026-04-14T22:09:05,-3,23064,-27222,8782,8782,12000,3244,3266,0,0,0,0,9132,0,7200,7200,7200,7200,-3
2026-04-14T22:09:10,-3,23097,-27196,8785,8785,12000,3299,3328,0,0,0,0,9132,0,7200,7200,7200,7200,-3
2026-04-14T22:09:14,-3,23129,-27170,8787,8787,12000,3304,3336,0,0,0,0,9132,0,7200,7200,7200,7200,-3
2026-04-14T22:09:20,-3,23167,-27142,8790,8790,12000,3298,3327,0,0,0,0,9132,0,7200,7200,7200,7200,-3
2026-04-14T22:09:25,-3,23201,-27116,8792,8792,12000,3302,3333,0,0,0,0,9132,0,7200,7200,7200,7200,-3
2026-04-14T22:09:29,-3,23233,-27090,8795,8795,12000,3324,3361,0,0,0,0,9132,0,7200,7200,7200,7200,-3
2026-04-14T22:09:35,-3,23273,-27063,8797,8797,12000,3308,3337,0,0,0,0,9132,0,7200,7200,7200,7200,-3
2026-04-14T22:09:40,-3,23306,-27037,8800,8800,12000,3331,3353,0,0,0,0,9132,0,7200,7200,7200,7200,-3
2026-04-14T22:09:44,-3,23337,-27016,8802,8802,12000,3328,3343,0,0,0,0,9132,0,7200,7200,7200,7200,-3
2026-04-14T22:09:50,-3,23371,-26988,8805,8805,12000,3326,3340,0,0,0,0,9132,0,7200,7200,7200,7200,-3
2026-04-14T22:09:55,-3,23407,-26962,8807,8807,12000,3307,3336,0,0,0,0,9132,0,7200,7200,7200,7200,-3
2026-04-14T22:09:59,-3,23438,-26937,8810,8810,12000,3316,3338,0,0,0,0,9132,0,7200,7200,7200,7200,-3
2026-04-14T22:10:05,-3,23473,-26909,8812,8812,12000,3309,3339,0,0,0,0,9132,0,7200,7200,7200,7200,-3
2026-04-14T22:10:09,-3,23505,-26888,8815,8815,12000,3326,3346,0,0,0,0,9132,0,7200,7200,7200,7200,-3
2026-04-14T22:10:15,-3,23543,-26861,8817,8817,12000,3310,3339,0,0,0,0,9132,0,7200,7200,7200,7200,-3
2026-04-14T22:10:19,-3,23575,-26835,8820,8820,12000,3323,3338,0,0,0,0,9132,0,7200,7200,7200,7200,-3
2026-04-14T22:10:25,-3,23609,-26808,8822,8822,12000,3322,3331,0,0,0,0,9132,0,7200,7200,7200,7200,-3
2026-04-14T22:10:29,-3,23643,-26787,8825,8825,12000,3315,3337,0,0,0,0,9132,0,7200,7200,7200,7200,-3
2026-04-14T22:10:35,-3,23679,-26760,8827,8827,12000,3273,3296,0,0,0,0,9132,0,7200,7200,7200,7200,-3
2026-04-14T22:10:39,-3,23711,-26734,8830,8830,12000,3292,3343,0,0,0,0,9132,0,7200,7200,7200,7200,-3
2026-04-14T22:10:44,-3,23744,-26712,8832,8832,12000,3125,3155,0,0,0,0,9132,0,7200,7200,7200,7200,-3
2026-04-14T22:10:50,-3,23784,-26684,8835,8835,12000,3355,3402,0,0,0,0,9132,0,7200,7200,7200,7200,-3
2026-04-14T22:10:55,-3,23816,-26659,8837,8837,12000,3359,3376,0,0,0,0,9132,0,7200,7200,7200,7200,-3
2026-04-14T22:10:59,-3,23848,-26633,8840,8840,12000,3373,3401,0,0,0,0,9132,0,7200,7200,7200,7200,-3
2026-04-14T22:11:05,-3,23885,-26606,8842,8842,12000,3390,3402,0,0,0,0,9132,0,7200,7200,7200,7200,-3
2026-04-14T22:11:10,-3,23921,-26579,8845,8845,12000,3389,3426,0,0,0,0,9132,0,7200,7200,7200,7200,-3
2026-04-14T22:11:15,-3,23953,-26553,8847,8847,12000,3382,3395,0,0,0,0,9132,0,7200,7200,7200,7200,-3
2026-04-14T22:11:19,-3,23983,-26528,8849,8850,12000,3389,3403,0,0,0,0,9132,0,7200,7200,7200,7200,-3
2026-04-14T22:11:24,-3,24017,-26501,8852,8852,12000,3380,3412,0,0,0,0,9132,0,7200,7200,7200,7200,-3
2026-04-14T22:11:30,-3,24055,-26474,8855,8855,12000,3381,3404,0,0,0,0,9132,0,7200,7200,7200,7200,-3
2026-04-14T22:11:35,-3,24089,-26447,8857,8857,12000,3387,3408,0,0,0,0,9132,0,7200,7200,7200,7200,-3
2026-04-14T22:11:40,-3,24122,-26422,8860,8860,12000,3367,3408,0,0,0,0,9132,0,7200,7200,7200,7200,-3
2026-04-14T22:11:45,-3,24157,-26395,8862,8862,12000,3397,3422,0,0,0,0,9132,0,7200,7200,7200,7200,-3
2026-04-14T22:11:51,-3,24193,-26368,8865,8865,12000,3397,3396,0,0,0,0,9132,0,7200,7200,7200,7200,-3
2026-04-14T22:11:55,-3,24223,-26343,8867,8867,12000,3383,3412,0,0,0,0,9132,0,7200,7200,7200,7200,-3
2026-04-14T22:11:59,-3,24255,-26317,8870,8870,12000,3381,3417,0,0,0,0,9132,0,7200,7200,7200,7200,-3
2026-04-14T22:12:05,-3,24296,-26293,8872,8872,12000,3401,3424,0,0,0,0,9132,0,7200,7200,7200,7200,-3
2026-04-14T22:12:10,-3,24327,-26269,8875,8875,12000,3408,3417,0,0,0,0,9132,0,7200,7200,7200,7200,-3
2026-04-14T22:12:15,-3,24361,-26242,8877,8877,12000,3421,3418,0,0,0,0,9132,0,7200,7200,7200,7200,-3
2026-04-14T22:12:20,-3,24397,-26215,8880,8880,12000,3414,3434,0,0,0,0,9132,0,7200,7200,7200,7200,-3
2026-04-14T22:12:25,-3,24428,-26193,8882,8882,12000,3397,3420,0,0,0,0,9132,0,7200,7200,7200,7200,-3
2026-04-14T22:12:31,-3,24466,-26165,8885,8885,12000,3388,3412,0,0,0,0,9132,0,7200,7200,7200,7200,-3
2026-04-14T22:12:35,-3,24499,-26140,8887,8887,12000,3413,3419,0,0,0,0,9132,0,7200,7200,7200,7200,-3
2026-04-14T22:12:40,-3,24529,-26119,8890,8890,12000,3390,3442,0,0,0,0,9132,0,7200,7200,7200,7200,-3
2026-04-14T22:12:45,-3,24567,-26091,8892,8892,12000,3382,3412,0,0,0,0,9132,0,7200,7200,7200,7200,-3
2026-04-14T22:12:51,-3,24601,-26069,8895,8895,12000,3434,3443,0,0,0,0,9132,0,7200,7200,7200,7200,-3
2026-04-14T22:12:54,-3,24630,-26043,8897,8897,12000,3421,3451,0,0,0,0,9132,0,7200,7200,7200,7200,-3
2026-04-14T22:13:01,-3,24671,-26015,8900,8900,12000,3426,3457,0,0,0,0,9132,0,7200,7200,7200,7200,-3
2026-04-14T22:13:05,-3,24702,-25991,8902,8902,12000,3424,3455,0,0,0,0,9132,0,7200,7200,7200,7200,-3
2026-04-14T22:13:10,-3,24739,-25963,8905,8905,12000,3451,3457,0,0,0,0,9132,0,7200,7200,7200,7200,-3
2026-04-14T22:13:15,-3,24771,-25938,8907,8907,12000,3429,3452,0,0,0,0,9132,0,7200,7200,7200,7200,-3
2026-04-14T22:13:22,NaN,24821,-25897,8911,8911,12000,3414,3464,NaN,NaN,0,0,9132,0,7200,7200,7200,7200,-3
2026-04-14T22:13:25,-3,24836,-25886,8912,8912,12000,3396,3418,0,0,0,0,9132,0,7200,7200,7200,7200,-3
2026-04-14T22:13:30,-3,24870,-25858,8915,8915,12000,3407,3443,0,0,0,0,9132,0,7200,7200,7200,7200,-3
2026-04-14T22:13:34,-3,24903,-25833,8917,8917,12000,3453,3491,0,0,0,0,9132,0,7200,7200,7200,7200,-3
2026-04-14T22:13:40,-3,24940,-25806,8920,8920,12000,3475,3496,0,0,0,0,9132,0,7200,7200,7200,7200,-3
2026-04-14T22:13:45,-3,24974,-25780,8922,8922,12000,3437,3473,0,0,0,0,9132,0,7200,7200,7200,7200,-3
2026-04-14T22:13:50,-3,25011,-25752,8925,8925,12000,3446,3467,0,0,0,0,9132,0,7200,7200,7200,7200,-3
2026-04-14T22:13:55,-3,25043,-25727,8927,8927,12000,3449,3464,0,0,0,0,9132,0,7200,7200,7200,7200,-3
2026-04-14T22:14:00,-3,25076,-25701,8930,8930,12000,3455,3478,0,0,0,0,9132,0,7200,7200,7200,7200,-3
2026-04-14T22:14:05,-3,25108,-25674,8932,8932,12000,3202,3238,0,0,0,0,9132,0,7200,7200,7200,7200,-3
2026-04-14T22:14:09,-3,25141,-25649,8935,8935,12000,3236,3238,0,0,0,0,9132,0,7200,7200,7200,7200,-3
2026-04-14T22:14:15,-3,25177,-25622,8937,8937,12000,3233,3255,0,0,0,0,9132,0,7200,7200,7200,7200,-3
2026-04-14T22:14:21,-3,25214,-25594,8940,8940,12000,3417,3523,0,0,0,0,9132,0,7200,7200,7200,7200,-3
2026-04-14T22:14:25,-3,25247,-25569,8942,8942,12000,3418,3442,0,0,0,0,9132,0,7200,7200,7200,7200,-3
2026-04-14T22:14:30,-3,25282,-25547,8945,8945,12000,3387,3424,0,0,0,0,9132,0,7200,7200,7200,7200,-3
2026-04-14T22:14:34,-3,25313,-25521,8947,8947,12000,3287,3310,0,0,0,0,9132,0,7200,7200,7200,7200,-3
2026-04-14T22:14:40,-3,25348,-25494,8950,8950,12000,3241,3263,0,0,0,0,9132,0,7200,7200,7200,7200,-3
2026-04-14T22:14:44,-3,25379,-25469,8952,8952,12000,3463,3486,0,0,0,0,9132,0,7200,7200,7200,7200,-3
2026-04-14T22:14:51,-3,25421,-25440,8955,8955,12000,3588,3610,0,0,0,0,9132,0,7200,7200,7200,7200,-3
2026-04-14T22:14:55,-3,25451,-25415,8957,8957,12000,3543,3583,0,0,0,0,9132,0,7200,7200,7200,7200,-3
2026-04-14T22:15:00,-3,25483,-25390,8960,8960,12000,3480,3509,0,0,0,0,9132,0,7200,7200,7200,7200,-3
2026-04-14T22:15:05,-3,25520,-25363,8962,8962,12000,3211,3233,0,0,0,0,9132,0,7200,7200,7200,7200,-3
2026-04-14T22:15:10,-3,25553,-25336,8965,8965,12000,3259,3288,0,0,0,0,9132,0,7200,7200,7200,7200,-3
2026-04-14T22:15:14,-3,25586,-25310,8967,8967,12000,3230,3272,0,0,0,0,9132,0,7200,7200,7200,7200,-3
2026-04-14T22:15:19,-3,25618,-25285,8970,8970,12000,3258,3280,0,0,0,0,9132,0,7200,7200,7200,7200,-3
2026-04-14T22:15:24,-3,25654,-25258,8972,8972,12000,3261,3267,0,0,0,0,9132,0,7200,7200,7200,7200,-3
2026-04-14T22:15:29,-3,25688,-25236,8975,8975,12000,3243,3265,0,0,0,0,9132,0,7200,7200,7200,7200,-3
2026-04-14T22:15:35,-3,25722,-25210,8977,8977,12000,3529,3550,0,0,0,0,9132,0,7200,7200,7200,7200,-3
2026-04-14T22:15:40,-3,25761,-25182,8980,8980,12000,3354,3393,0,0,0,0,9132,0,7200,7200,7200,7200,-3
2026-04-14T22:15:44,-3,25791,-25156,8982,8982,12000,3310,3329,0,0,0,0,9132,0,7200,7200,7200,7200,-3
2026-04-14T22:15:50,-3,25828,-25129,8985,8985,12000,3516,3547,0,0,0,0,9132,0,7200,7200,7200,7200,-3
2026-04-14T22:15:54,-3,25858,-25103,8987,8987,12000,3417,3454,0,0,0,0,9132,0,7200,7200,7200,7200,-3
2026-04-14T22:16:00,-3,25892,-25078,8990,8990,12000,3577,3599,0,0,0,0,9132,0,7200,7200,7200,7200,-3
2026-04-14T22:16:05,-3,25927,-25051,8992,8992,12000,3275,3286,0,0,0,0,9132,0,7200,7200,7200,7200,-3
2026-04-14T22:16:10,-3,25961,-25025,8995,8995,12000,3282,3304,0,0,0,0,9132,0,7200,7200,7200,7200,-3
2026-04-14T22:16:15,-3,25994,-24999,8997,8997,12000,3290,3316,0,0,0,0,9132,0,7200,7200,7200,7200,-3
2026-04-14T22:16:21,-3,26034,-24971,9000,9000,12000,3280,3296,0,0,0,0,9132,0,7200,7200,7200,7200,-3
2026-04-14T22:16:24,-3,26063,-24946,9002,9002,12000,3283,3305,0,0,0,0,9132,0,7200,7200,7200,7200,-3
2026-04-14T22:16:30,-3,26098,-24919,9005,9005,12000,3291,3307,0,0,0,0,9132,0,7200,7200,7200,7200,-3
2026-04-14T22:16:35,-3,26131,-24893,9007,9007,12000,3266,3289,0,0,0,0,9132,0,7200,7200,7200,7200,-3
2026-04-14T22:16:40,-3,26168,-24865,9010,9010,12000,3296,3326,0,0,0,0,9132,0,7200,7200,7200,7200,-3
2026-04-14T22:16:45,-3,26203,-24840,9012,9012,12000,3293,3327,0,0,0,0,9132,0,7200,7200,7200,7200,-3
2026-04-14T22:16:49,-3,26233,-24815,9015,9015,12000,3305,3334,0,0,0,0,9132,0,7200,7200,7200,7200,-3
2026-04-14T22:16:55,-3,26268,-24788,9017,9017,12000,3386,3410,0,0,0,0,9132,0,7200,7200,7200,7200,-3
2026-04-14T22:16:59,-3,26302,-24762,9020,9020,12000,3275,3312,0,0,0,0,9132,0,7200,7200,7200,7200,-3
2026-04-14T22:17:06,-3,26339,-24735,9022,9022,12000,3309,3330,0,0,0,0,9132,0,7200,7200,7200,7200,-3
2026-04-14T22:17:11,-3,26375,-24708,9025,9025,12000,3292,3348,0,0,0,0,9132,0,7200,7200,7200,7200,-3
2026-04-14T22:17:15,-3,26406,-24682,9027,9027,12000,3343,3364,0,0,0,0,9132,0,7200,7200,7200,7200,-3
2026-04-14T22:17:20,-3,26443,-24655,9030,9030,12000,3324,3322,0,0,0,0,9132,0,7200,7200,7200,7200,-3
2026-04-14T22:17:24,-3,26472,-24630,9032,9032,12000,3293,3307,0,0,0,0,9132,0,7200,7200,7200,7200,-3
2026-04-14T22:17:29,-3,26504,-24604,9035,9035,12000,3332,3337,0,0,0,0,9132,0,7200,7200,7200,7200,-3
2026-04-14T22:17:35,-3,26543,-24577,9037,9037,12000,3315,3345,0,0,0,0,9132,0,7200,7200,7200,7200,-3
2026-04-14T22:17:40,-3,26575,-24551,9040,9040,12000,3308,3328,0,0,0,0,9132,0,7200,7200,7200,7200,-3
2026-04-14T22:17:45,-3,26608,-24524,9042,9042,12000,3306,3337,0,0,0,0,9132,0,7200,7200,7200,7200,-3
2026-04-14T22:17:50,-3,26647,-24497,9045,9045,12000,3296,3334,0,0,0,0,9132,0,7200,7200,7200,7200,-3
2026-04-14T22:17:55,-3,26677,-24472,9047,9047,12000,3650,3678,0,0,0,0,9132,0,7200,7200,7200,7200,-3
2026-04-14T22:18:00,-3,26712,-24446,9050,9050,12000,3523,3547,0,0,0,0,9132,0,7200,7200,7200,7200,-3
2026-04-14T22:18:05,-3,26744,-24419,9052,9052,12000,3524,3545,0,0,0,0,9132,0,7200,7200,7200,7200,-3
2026-04-14T22:18:10,-3,26781,-24393,9055,9055,12000,3321,3360,0,0,0,0,9132,0,7200,7200,7200,7200,-3
2026-04-14T22:18:15,-3,26815,-24370,9057,9057,12000,3389,3418,0,0,0,0,9132,0,7200,7200,7200,7200,-3
2026-04-14T22:18:20,-3,26848,-24344,9060,9060,12000,3526,3543,0,0,0,0,9132,0,7200,7200,7200,7200,-3
2026-04-14T22:18:25,-3,26886,-24317,9062,9062,12000,3446,3489,0,0,0,0,9132,0,7200,7200,7200,7200,-3
2026-04-14T22:18:30,-3,26914,-24292,9065,9065,12000,3340,3362,0,0,0,0,9132,0,7200,7200,7200,7200,-3
2026-04-14T22:18:35,-3,26953,-24265,9067,9067,12000,3338,3345,0,0,0,0,9132,0,7200,7200,7200,7200,-3
2026-04-14T22:18:40,-3,26983,-24239,9070,9070,12000,3392,3415,0,0,0,0,9132,0,7200,7200,7200,7200,-3
2026-04-14T22:18:45,-3,27020,-24213,9072,9072,12000,3452,3474,0,0,0,0,9132,0,7200,7200,7200,7200,-3
2026-04-14T22:18:51,-3,27056,-24185,9075,9075,12000,3404,3419,0,0,0,0,9132,0,7200,7200,7200,7200,-3
2026-04-14T22:18:55,-3,27088,-24160,9077,9077,12000,3572,3612,0,0,0,0,9132,0,7200,7200,7200,7200,-3
2026-04-14T22:19:00,-3,27121,-24132,9080,9080,12000,3322,3361,0,0,0,0,9132,0,7200,7200,7200,7200,-3
2026-04-14T22:19:05,-3,27158,-24107,9082,9082,12000,3325,3359,0,0,0,0,9132,0,7200,7200,7200,7200,-3
2026-04-14T22:19:10,-3,27188,-24081,9085,9085,12000,3342,3371,0,0,0,0,9132,0,7200,7200,7200,7200,-3
2026-04-14T22:19:15,-3,27222,-24055,9087,9087,12000,3350,3386,0,0,0,0,9132,0,7200,7200,7200,7200,-3
2026-04-14T22:19:20,-3,27255,-24028,9090,9090,12000,3352,3390,0,0,0,0,9132,0,7200,7200,7200,7200,-3
2026-04-14T22:19:26,-3,27295,-24005,9093,9093,12000,3349,3360,0,0,0,0,9132,0,7200,7200,7200,7200,-3
2026-04-14T22:19:31,-3,27329,-23978,9095,9095,12000,3337,3366,0,0,0,0,9132,0,7200,7200,7200,7200,-3
2026-04-14T22:19:35,-3,27361,-23953,9097,9097,12000,3373,3413,0,0,0,0,9132,0,7200,7200,7200,7200,-3
2026-04-14T22:19:40,-3,27394,-23926,9100,9100,12000,3382,3414,0,0,0,0,9132,0,7200,7200,7200,7200,-3
2026-04-14T22:19:45,-3,27432,-23899,9103,9103,12000,3382,3397,0,0,0,0,9132,0,7200,7200,7200,7200,-3
2026-04-14T22:19:50,-3,27462,-23879,9105,9105,12000,3388,3418,0,0,0,0,9132,0,7200,7200,7200,7200,-3
2026-04-14T22:19:55,-3,27499,-23851,9107,9107,12000,3371,3432,0,0,0,0,9132,0,7200,7200,7200,7200,-3
2026-04-14T22:20:00,-3,27529,-23830,9110,9110,12000,3393,3415,0,0,0,0,9132,0,7200,7200,7200,7200,-3
2026-04-14T22:20:05,-3,27566,-23803,9112,9112,12000,3364,3393,0,0,0,0,9132,0,7200,7200,7200,7200,-3
2026-04-14T22:20:10,-3,27598,-23776,9115,9115,12000,3355,3384,0,0,0,0,9132,0,7200,7200,7200,7200,-3
2026-04-14T22:20:15,-3,27634,-23750,9117,9117,12000,3363,3393,0,0,0,0,9132,0,7200,7200,7200,7200,-3
2026-04-14T22:20:19,-3,27664,-23725,9120,9120,12000,3377,3406,0,0,0,0,9132,0,7200,7200,7200,7200,-3
2026-04-14T22:20:25,-3,27701,-23697,9122,9122,12000,3370,3399,0,0,0,0,9132,0,7200,7200,7200,7200,-3
2026-04-14T22:20:30,-3,27733,-23671,9125,9125,12000,3371,3383,0,0,0,0,9132,0,7200,7200,7200,7200,-3
2026-04-14T22:20:35,-3,27766,-23646,9127,9127,12000,3378,3406,0,0,0,0,9132,0,7200,7200,7200,7200,-3
2026-04-14T22:20:39,-3,27802,-23619,9130,9130,12000,3400,3403,0,0,0,0,9132,0,7200,7200,7200,7200,-3
2026-04-14T22:20:44,-3,27836,-23594,9132,9132,12000,3396,3425,0,0,0,0,9132,0,7200,7200,7200,7200,-3
2026-04-14T22:20:50,-3,27870,-23566,9135,9135,12000,3384,3413,0,0,0,0,9132,0,7200,7200,7200,7200,-3
2026-04-14T22:20:56,-3,27908,-23540,9138,9138,12000,3401,3417,0,0,0,0,9132,0,7200,7200,7200,7200,-3
2026-04-14T22:21:00,-3,27942,-23513,9140,9140,12000,3388,3414,0,0,0,0,9132,0,7200,7200,7200,7200,-3
2026-04-14T22:21:04,-3,27971,-23488,9142,9142,12000,3404,3424,0,0,0,0,9132,0,7200,7200,7200,7200,-3
2026-04-14T22:21:10,-3,28009,-23460,9145,9145,12000,3394,3418,0,0,0,0,9132,0,7200,7200,7200,7200,-3
2026-04-14T22:21:15,-3,28045,-23434,9148,9148,12000,3392,3413,0,0,0,0,9132,0,7200,7200,7200,7200,-3
2026-04-14T22:21:20,-3,28076,-23408,9150,9150,12000,3395,3409,0,0,0,0,9132,0,7200,7200,7200,7200,-3
2026-04-14T22:21:26,-3,28110,-23382,9152,9152,12000,3386,3399,0,0,0,0,9132,0,7200,7200,7200,7200,-3
2026-04-14T22:21:30,-3,28142,-23356,9155,9155,12000,3386,3407,0,0,0,0,9132,0,7200,7200,7200,7200,-3
2026-04-14T22:21:35,-3,28178,-23330,9157,9157,12000,3406,3408,0,0,0,0,9132,0,7200,7200,7200,7200,-3
2026-04-14T22:21:41,-3,28215,-23302,9160,9160,12000,3406,3437,0,0,0,0,9132,0,7200,7200,7200,7200,-3
2026-04-14T22:21:44,-3,28243,-23278,9162,9162,12000,3405,3419,0,0,0,0,9132,0,7200,7200,7200,7200,-3
2026-04-14T22:21:50,-3,28280,-23251,9165,9165,12000,3400,3435,0,0,0,0,9132,0,7200,7200,7200,7200,-3
2026-04-14T22:21:55,-3,28313,-23225,9167,9167,12000,3390,3419,0,0,0,0,9132,0,7200,7200,7200,7200,-3
2026-04-14T22:22:00,-3,28347,-23198,9170,9170,12000,3386,3409,0,0,0,0,9132,0,7200,7200,7200,7200,-3
2026-04-14T22:22:06,-3,28386,-23175,9172,9172,12000,3659,3678,0,0,0,0,9132,0,7200,7200,7200,7200,-3
2026-04-14T22:22:10,-3,28417,-23150,9175,9175,12000,3613,3634,0,0,0,0,9132,0,7200,7200,7200,7200,-3
2026-04-14T22:22:15,-3,28451,-23123,9177,9177,12000,3618,3647,0,0,0,0,9132,0,7200,7200,7200,7200,-3
2026-04-14T22:22:20,-3,28484,-23097,9180,9180,12000,3623,3636,0,0,0,0,9132,0,7200,7200,7200,7200,-3
2026-04-14T22:22:26,-3,28522,-23070,9182,9183,12000,3599,3631,0,0,0,0,9132,0,7200,7200,7200,7200,-3
2026-04-14T22:22:30,-3,28553,-23045,9185,9185,12000,3611,3640,0,0,0,0,9132,0,7200,7200,7200,7200,-3
2026-04-14T22:22:35,-3,28586,-23018,9187,9187,12000,3626,3649,0,0,0,0,9132,0,7200,7200,7200,7200,-3
2026-04-14T22:22:40,-3,28620,-22992,9190,9190,12000,3606,3641,0,0,0,0,9132,0,7200,7200,7200,7200,-3
2026-04-14T22:22:44,-3,28652,-22966,9192,9192,12000,3613,3642,0,0,0,0,9132,0,7200,7200,7200,7200,-3
2026-04-14T22:22:50,-3,28690,-22939,9195,9195,12000,3614,3644,0,0,0,0,9132,0,7200,7200,7200,7200,-3
2026-04-14T22:22:55,-3,28722,-22913,9197,9197,12000,3600,3643,0,0,0,0,9132,0,7200,7200,7200,7200,-3
2026-04-14T22:23:01,-3,28762,-22885,9200,9200,12000,3611,3643,0,0,0,0,9132,0,7200,7200,7200,7200,-3
2026-04-14T22:23:05,-3,28796,-22859,9203,9203,12000,3610,3647,0,0,0,0,9132,0,7200,7200,7200,7200,-3
2026-04-14T22:23:10,-3,28826,-22833,9205,9205,12000,3621,3650,0,0,0,0,9132,0,7200,7200,7200,7200,-3
2026-04-14T22:23:15,-3,28858,-22808,9207,9207,12000,3610,3653,0,0,0,0,9132,0,7200,7200,7200,7200,-3
2026-04-14T22:23:20,-3,28893,-22781,9210,9210,12000,4593,4625,0,0,0,0,9132,0,7200,7200,7200,7200,-3
2026-04-14T22:23:25,-3,28926,-22755,9212,9212,12000,3665,3718,0,0,0,0,9132,0,7200,7200,7200,7200,-3
2026-04-14T22:23:30,-3,28963,-22728,9215,9215,12000,3692,3695,0,0,0,0,9132,0,7200,7200,7200,7200,-3
2026-04-14T22:23:34,-3,28993,-22703,9217,9217,12000,3709,3731,0,0,0,0,9132,0,7200,7200,7200,7200,-3
2026-04-14T22:23:40,-3,29032,-22674,9220,9220,12000,3696,3719,0,0,0,0,9132,0,7200,7200,7200,7200,-3
2026-04-14T22:23:44,-3,29062,-22650,9222,9222,12000,3679,3709,0,0,0,0,9132,0,7200,7200,7200,7200,-3
2026-04-14T22:23:50,-3,29097,-22624,9225,9225,12000,3691,3721,0,0,0,0,9132,0,7200,7200,7200,7200,-3
2026-04-14T22:23:55,-3,29129,-22597,9227,9227,12000,3686,3712,0,0,0,0,9132,0,7200,7200,7200,7200,-3
2026-04-14T22:24:00,-3,29167,-22570,9230,9230,12000,3689,3702,0,0,0,0,9132,0,7200,7200,7200,7200,-3
2026-04-14T22:24:05,-3,29202,-22544,9232,9232,12000,3698,3739,0,0,0,0,9132,0,7200,7200,7200,7200,-3
2026-04-14T22:24:09,-3,29232,-22518,9235,9235,12000,3706,3736,0,0,0,0,9132,0,7200,7200,7200,7200,-3
2026-04-14T22:24:15,-3,29270,-22490,9237,9237,12000,3689,3720,0,0,0,0,9132,0,7200,7200,7200,7200,-3
2026-04-14T22:24:20,-3,29302,-22465,9240,9240,12000,3704,3731,0,0,0,0,9132,0,7200,7200,7200,7200,-3
2026-04-14T22:24:25,-3,29336,-22439,9242,9242,12000,3699,3728,0,0,0,0,9132,0,7200,7200,7200,7200,-3
2026-04-14T22:24:31,-3,29375,-22411,9245,9245,12000,3698,3739,0,0,0,0,9132,0,7200,7200,7200,7200,-3
2026-04-14T22:24:35,-3,29402,-22387,9247,9247,12000,3696,3726,0,0,0,0,9132,0,7200,7200,7200,7200,-3
2026-04-14T22:24:40,-3,29437,-22360,9250,9250,12000,3691,3721,0,0,0,0,9132,0,7200,7200,7200,7200,-3
2026-04-14T22:24:44,-3,29472,-22338,9252,9252,12000,3690,3725,0,0,0,0,9132,0,7200,7200,7200,7200,-3
2026-04-14T22:24:50,-3,29507,-22311,9255,9255,12000,3717,3737,0,0,0,0,9132,0,7200,7200,7200,7200,-3
2026-04-14T22:24:55,-3,29542,-22284,9257,9257,12000,3697,3727,0,0,0,0,9132,0,7200,7200,7200,7200,-3
2026-04-14T22:25:01,-3,29578,-22257,9260,9260,12000,3696,3691,0,0,0,0,9132,0,7200,7200,7200,7200,-3
2026-04-14T22:25:05,-3,29608,-22232,9262,9262,12000,3704,3732,0,0,0,0,9132,0,7200,7200,7200,7200,-3
2026-04-14T22:25:10,-3,29645,-22205,9265,9265,12000,3709,3725,0,0,0,0,9132,0,7200,7200,7200,7200,-3
2026-04-14T22:25:15,-3,29677,-22180,9267,9267,12000,3724,3730,0,0,0,0,9132,0,7200,7200,7200,7200,-3
2026-04-14T22:25:20,-3,29712,-22153,9270,9270,12000,3733,3746,0,0,0,0,9132,0,7200,7200,7200,7200,-3
2026-04-14T22:25:25,-3,29744,-22127,9272,9272,12000,3709,3739,0,0,0,0,9132,0,7200,7200,7200,7200,-3
2026-04-14T22:25:29,-3,29777,-22101,9275,9275,12000,3672,3703,0,0,0,0,9132,0,7200,7200,7200,7200,-3
2026-04-14T22:25:35,-3,29816,-22074,9277,9277,12000,3688,3717,0,0,0,0,9132,0,7200,7200,7200,7200,-3
2026-04-14T22:25:40,-3,29848,-22048,9280,9280,12000,3682,3721,0,0,0,0,9132,0,7200,7200,7200,7200,-3
2026-04-14T22:25:45,-3,29884,-22021,9282,9282,12000,3730,3734,0,0,0,0,9132,0,7200,7200,7200,7200,-3
2026-04-14T22:25:51,-3,29919,-21995,9285,9285,12000,3708,3734,0,0,0,0,9132,0,7200,7200,7200,7200,-3
2026-04-14T22:25:55,-3,29948,-21969,9287,9287,12000,3683,3723,0,0,0,0,9132,0,7200,7200,7200,7200,-3
2026-04-14T22:26:01,-3,29988,-21941,9290,9290,12000,3703,3735,0,0,0,0,9132,0,7200,7200,7200,7200,-3
2026-04-14T22:26:05,-3,30016,-21917,9292,9292,12000,3713,3727,0,0,0,0,9132,0,7200,7200,7200,7200,-3
2026-04-14T22:26:10,-3,30054,-21889,9295,9295,12000,3721,3751,0,0,0,0,9132,0,7200,7200,7200,7200,-3
2026-04-14T22:26:16,-3,30089,-21863,9298,9298,12000,3735,3740,0,0,0,0,9132,0,7200,7200,7200,7200,-3
2026-04-14T22:26:21,-3,30125,-21836,9300,9300,12000,3690,3744,0,0,0,0,9132,0,7200,7200,7200,7200,-3
2026-04-14T22:26:25,-3,30157,-21811,9302,9302,12000,3708,3729,0,0,0,0,9132,0,7200,7200,7200,7200,-3
2026-04-14T22:26:31,-3,30193,-21783,9305,9305,12000,3712,3759,0,0,0,0,9132,0,7200,7200,7200,7200,-3
2026-04-14T22:26:35,-3,30222,-21758,9307,9307,12000,3706,3740,0,0,0,0,9132,0,7200,7200,7200,7200,-3
2026-04-14T22:26:40,-3,30259,-21731,9310,9310,12000,3714,3752,0,0,0,0,9132,0,7200,7200,7200,7200,-3
2026-04-14T22:26:46,-3,30295,-21705,9313,9313,12000,3731,3761,0,0,0,0,9132,0,7200,7200,7200,7200,-3
2026-04-14T22:26:51,-3,30328,-21683,9315,9315,12000,3739,3750,0,0,0,0,9132,0,7200,7200,7200,7200,-3
2026-04-14T22:26:54,-3,30357,-21658,9317,9317,12000,3718,3740,0,0,0,0,9132,0,7200,7200,7200,7200,-3
2026-04-14T22:27:01,-3,30396,-21631,9320,9320,12000,3748,3748,0,0,0,0,9132,0,7200,7200,7200,7200,-3
2026-04-14T22:27:05,-3,30428,-21604,9322,9322,12000,3707,3737,0,0,0,0,9132,0,7200,7200,7200,7200,-3
2026-04-14T22:27:10,-3,30461,-21579,9325,9325,12000,3741,3780,0,0,0,0,9132,0,7200,7200,7200,7200,-3
2026-04-14T22:27:15,-3,30498,-21554,9327,9327,12000,3735,3745,0,0,0,0,9132,0,7200,7200,7200,7200,-3
2026-04-14T22:27:20,-3,30530,-21529,9330,9330,12000,3745,3767,0,0,0,0,9132,0,7200,7200,7200,7200,-3
2026-04-14T22:27:25,-3,30566,-21502,9332,9332,12000,3737,3755,0,0,0,0,9132,0,7200,7200,7200,7200,-3
2026-04-14T22:27:32,NaN,30615,-21462,9336,9336,12000,3722,3752,NaN,NaN,0,0,9132,0,7200,7200,7200,7200,-3
2026-04-14T22:27:35,-3,30629,-21451,9337,9337,12000,3712,3749,0,0,0,0,9132,0,7200,7200,7200,7200,-3
2026-04-14T22:27:40,-3,30669,-21423,9340,9340,12000,3738,3769,0,0,0,0,9132,0,7200,7200,7200,7200,-3
2026-04-14T22:27:45,-3,30699,-21398,9342,9342,12000,3721,3759,0,0,0,0,9132,0,7200,7200,7200,7200,-3
2026-04-14T22:27:50,-3,30733,-21371,9345,9345,12000,3717,3747,0,0,0,0,9132,0,7200,7200,7200,7200,-3
2026-04-14T22:27:55,-3,30768,-21345,9347,9347,12000,3725,3755,0,0,0,0,9132,0,7200,7200,7200,7200,-3
2026-04-14T22:28:00,-3,30803,-21319,9350,9350,12000,3725,3764,0,0,0,0,9132,0,7200,7200,7200,7200,-3
2026-04-14T22:28:05,-3,30839,-21291,9353,9353,12000,3724,3760,0,0,0,0,9132,0,7200,7200,7200,7200,-3
2026-04-14T22:28:10,-3,30869,-21267,9355,9355,12000,4304,4327,0,0,0,0,9132,0,7200,7200,7200,7200,-3
2026-04-14T22:28:15,-3,30908,-21240,9357,9358,12000,4260,4280,0,0,0,0,9132,0,7200,7200,7200,7200,-3
2026-04-14T22:28:20,-3,30941,-21213,9360,9360,12000,4271,4305,0,0,0,0,9132,0,7200,7200,7200,7200,-3
2026-04-14T22:28:25,-3,30972,-21187,9362,9362,12000,4357,4377,0,0,0,0,9132,0,7200,7200,7200,7200,-3
2026-04-14T22:28:30,-3,31004,-21162,9365,9365,12000,4314,4361,0,0,0,0,9132,0,7200,7200,7200,7200,-3
2026-04-14T22:28:35,-3,31039,-21139,9367,9367,12000,4339,4353,0,0,0,0,9132,0,7200,7200,7200,7200,-3
2026-04-14T22:28:41,-3,31077,-21112,9370,9370,12000,4339,4354,0,0,0,0,9132,0,7200,7200,7200,7200,-3
2026-04-14T22:28:44,-3,31107,-21087,9372,9372,12000,4340,4369,0,0,0,0,9132,0,7200,7200,7200,7200,-3
2026-04-14T22:28:50,-3,31141,-21060,9375,9375,12000,4346,4380,0,0,0,0,9132,0,7200,7200,7200,7200,-3
2026-04-14T22:28:55,-3,31175,-21034,9377,9377,12000,4348,4381,0,0,0,0,9132,0,7200,7200,7200,7200,-3
2026-04-14T22:29:00,-3,31210,-21007,9380,9380,12000,4339,4363,0,0,0,0,9132,0,7200,7200,7200,7200,-3
2026-04-14T22:29:04,-3,31243,-20981,9382,9382,12000,4332,4361,0,0,0,0,9132,0,7200,7200,7200,7200,-3
2026-04-14T22:29:10,-3,31281,-20953,9385,9385,12000,4340,4361,0,0,0,0,9132,0,7200,7200,7200,7200,-3
2026-04-14T22:29:16,-3,31316,-20928,9387,9387,12000,4360,4383,0,0,0,0,9132,0,7200,7200,7200,7200,-3
2026-04-14T22:29:21,-3,31348,-20902,9390,9390,12000,4353,4381,0,0,0,0,9132,0,7200,7200,7200,7200,-3
2026-04-14T22:29:25,-3,31379,-20875,9392,9392,12000,4343,4363,0,0,0,0,9132,0,7200,7200,7200,7200,-3
2026-04-14T22:29:30,-3,31414,-20849,9395,9395,12000,4385,4414,0,0,0,0,9132,0,7200,7200,7200,7200,-3
2026-04-14T22:29:34,-3,31448,-20823,9397,9397,12000,4393,4429,0,0,0,0,9132,0,7200,7200,7200,7200,-3
2026-04-14T22:29:41,-3,31484,-20797,9400,9400,12000,4331,4369,0,0,0,0,9132,0,7200,7200,7200,7200,-3
2026-04-14T22:29:44,-3,31514,-20771,9402,9402,12000,4310,4342,0,0,0,0,9132,0,7200,7200,7200,7200,-3
2026-04-14T22:29:51,-3,31556,-20743,9405,9405,12000,4315,4343,0,0,0,0,9132,0,7200,7200,7200,7200,-3
2026-04-14T22:29:55,-3,31586,-20717,9407,9407,12000,4274,4304,0,0,0,0,9132,0,7200,7200,7200,7200,-3
2026-04-14T22:30:00,-3,31618,-20691,9410,9410,12000,4336,4365,0,0,0,0,9132,0,7200,7200,7200,7200,-3
2026-04-14T22:30:05,-3,31656,-20664,9412,9412,12000,4440,4459,0,0,0,0,9132,0,7200,7200,7200,7200,-3
2026-04-14T22:30:10,-3,31687,-20639,9415,9415,12000,4550,4573,0,0,0,0,9132,0,7200,7200,7200,7200,-3
2026-04-14T22:30:15,-3,31722,-20612,9417,9417,12000,4582,4635,0,0,0,0,9132,0,7200,7200,7200,7200,-3
2026-04-14T22:30:20,-3,31754,-20586,9420,9420,12000,4680,4708,0,0,0,0,9132,0,7200,7200,7200,7200,-3
2026-04-14T22:30:25,-3,31789,-20560,9422,9422,12000,4685,4714,0,0,0,0,9132,0,7200,7200,7200,7200,-3
2026-04-14T22:30:30,-3,31825,-20533,9425,9425,12000,4784,4813,0,0,0,0,9132,0,7200,7200,7200,7200,-3
2026-04-14T22:30:35,-3,31859,-20506,9427,9427,12000,4840,4880,0,0,0,0,9132,0,7200,7200,7200,7200,-3
2026-04-14T22:30:40,-3,31891,-20480,9430,9430,12000,4871,4911,0,0,0,0,9132,0,7200,7200,7200,7200,-3
2026-04-14T22:30:45,-3,31927,-20455,9432,9432,12000,4930,4958,0,0,0,0,9132,0,7200,7200,7200,7200,-3
2026-04-14T22:30:50,-3,31959,-20429,9435,9435,12000,4926,4962,0,0,0,0,9132,0,7200,7200,7200,7200,-3
2026-04-14T22:30:56,-3,31997,-20400,9438,9438,12000,5003,5036,0,0,0,0,9132,0,7200,7200,7200,7200,-3
2026-04-14T22:31:00,-3,32032,-20375,9440,9440,12000,5085,5093,0,0,0,0,9132,0,7200,7200,7200,7200,-3
2026-04-14T22:31:05,-3,32062,-20349,9442,9442,12000,5091,5115,0,0,0,0,9132,0,7200,7200,7200,7200,-3
2026-04-14T22:31:10,-3,32097,-20323,9445,9445,12000,5118,5150,0,0,0,0,9132,0,7200,7200,7200,7200,-3
2026-04-14T22:31:15,-3,32130,-20296,9447,9447,12000,5154,5191,0,0,0,0,9132,0,7200,7200,7200,7200,-3
2026-04-14T22:31:20,-3,32164,-20270,9450,9450,12000,5190,5208,0,0,0,0,9132,0,7200,7200,7200,7200,-3
2026-04-14T22:31:26,-3,32203,-20242,9453,9453,12000,5177,5221,0,0,0,0,9132,0,7200,7200,7200,7200,-3
2026-04-14T22:31:31,-3,32234,-20221,9455,9455,12000,5196,5225,0,0,0,0,9132,0,7200,7200,7200,7200,-3
2026-04-14T22:31:36,-3,32271,-20195,9458,9458,12000,5168,5217,0,0,0,0,9132,0,7200,7200,7200,7200,-3
2026-04-14T22:31:40,-3,32301,-20169,9460,9460,12000,5215,5235,0,0,0,0,9132,0,7200,7200,7200,7200,-3
2026-04-14T22:31:46,-3,32339,-20141,9463,9463,12000,5233,5253,0,0,0,0,9132,0,7200,7200,7200,7200,-3
2026-04-14T22:31:51,-3,32372,-20116,9465,9465,12000,5216,5243,0,0,0,0,9132,0,7200,7200,7200,7200,-3
2026-04-14T22:31:55,-3,32404,-20090,9467,9467,12000,5181,5198,0,0,0,0,9132,0,7200,7200,7200,7200,-3
2026-04-14T22:32:01,-3,32441,-20067,9470,9470,12000,5165,5214,0,0,0,0,9132,0,7200,7200,7200,7200,-3
2026-04-14T22:32:06,-3,32474,-20040,9473,9473,12000,5161,5196,0,0,0,0,9132,0,7200,7200,7200,7200,-3
2026-04-14T22:32:11,-3,32510,-20014,9475,9475,12000,5156,5178,0,0,0,0,9132,0,7200,7200,7200,7200,-3
2026-04-14T22:32:15,-3,32541,-19988,9477,9477,12000,5157,5203,0,0,0,0,9132,0,7200,7200,7200,7200,-3
2026-04-14T22:32:20,-3,32575,-19963,9480,9480,12000,5151,5175,0,0,0,0,9132,0,7200,7200,7200,7200,-3
2026-04-14T22:32:26,-3,32613,-19934,9483,9483,12000,5121,5135,0,0,0,0,9132,0,7200,7200,7200,7200,-3
2026-04-14T22:32:31,-3,32647,-19909,9485,9485,12000,5121,5176,0,0,0,0,9132,0,7200,7200,7200,7200,-3
2026-04-14T22:32:35,-3,32678,-19882,9487,9487,12000,5084,5097,0,0,0,0,9132,0,7200,7200,7200,7200,-3
2026-04-14T22:32:40,-3,32713,-19857,9490,9490,12000,5107,5126,0,0,0,0,9132,0,7200,7200,7200,7200,-3
2026-04-14T22:32:46,-3,32750,-19829,9493,9493,12000,5103,5125,0,0,0,0,9132,0,7200,7200,7200,7200,-3
2026-04-14T22:32:50,-3,-32759,-19805,9495,9495,12000,5083,5113,0,0,0,0,9132,0,7200,7200,7200,7200,-3
2026-04-14T22:32:55,-3,-32723,-19783,9497,9497,12000,5067,5113,0,0,0,0,9132,0,7200,7200,7200,7200,-3
2026-04-14T22:33:00,-3,-32689,-19756,9500,9500,12000,5102,5124,0,0,0,0,9132,0,7200,7200,7200,7200,-3
2026-04-14T22:33:05,-3,-32656,-19729,9502,9502,12000,5093,5120,0,0,0,0,9132,0,7200,7200,7200,7200,-3
2026-04-14T22:33:10,-3,-32619,-19707,9505,9505,12000,5100,5138,0,0,0,0,9132,0,7200,7200,7200,7200,-3
2026-04-14T22:33:16,-3,-32583,-19679,9508,9508,12000,5102,5127,0,0,0,0,9132,0,7200,7200,7200,7200,-3
2026-04-14T22:33:20,-3,-32554,-19655,9510,9510,12000,5098,5126,0,0,0,0,9132,0,7200,7200,7200,7200,-3
2026-04-14T22:33:26,-3,-32513,-19626,9513,9513,12000,5119,5132,0,0,0,0,9132,0,7200,7200,7200,7200,-3
2026-04-14T22:33:30,-3,-32480,-19601,9515,9515,12000,5113,5136,0,0,0,0,9132,0,7200,7200,7200,7200,-3
2026-04-14T22:33:35,-3,-32450,-19576,9517,9517,12000,5124,5146,0,0,0,0,9132,0,7200,7200,7200,7200,-3
2026-04-14T22:33:40,-3,-32418,-19553,9520,9520,12000,5117,5131,0,0,0,0,9132,0,7200,7200,7200,7200,-3
2026-04-14T22:33:45,-3,-32382,-19527,9522,9522,12000,5161,5182,0,0,0,0,9132,0,7200,7200,7200,7200,-3
2026-04-14T22:33:50,-3,-32349,-19501,9525,9525,12000,5144,5186,0,0,0,0,9132,0,7200,7200,7200,7200,-3
2026-04-14T22:33:55,-3,-32314,-19474,9527,9527,12000,5153,5173,0,0,0,0,9132,0,7200,7200,7200,7200,-3
2026-04-14T22:34:00,-3,-32282,-19448,9530,9530,12000,5149,5164,0,0,0,0,9132,0,7200,7200,7200,7200,-3
2026-04-14T22:34:05,-3,-32247,-19422,9532,9532,12000,5151,5182,0,0,0,0,9132,0,7200,7200,7200,7200,-3
2026-04-14T22:34:10,-3,-32213,-19396,9535,9535,12000,5159,5198,0,0,0,0,9132,0,7200,7200,7200,7200,-3
2026-04-14T22:34:15,-3,-32179,-19369,9537,9537,12000,5171,5200,0,0,0,0,9132,0,7200,7200,7200,7200,-3
2026-04-14T22:34:20,-3,-32142,-19342,9540,9540,12000,5184,5207,0,0,0,0,9132,0,7200,7200,7200,7200,-3
2026-04-14T22:34:25,-3,-32110,-19317,9542,9542,12000,5223,5252,0,0,0,0,9132,0,7200,7200,7200,7200,-3
2026-04-14T22:34:30,-3,-32074,-19290,9545,9545,12000,5112,5144,0,0,0,0,9132,0,7200,7200,7200,7200,-3
2026-04-14T22:34:35,-3,-32043,-19264,9547,9547,12000,5127,5153,0,0,0,0,9132,0,7200,7200,7200,7200,-3
2026-04-14T22:34:40,-3,-32009,-19237,9550,9550,12000,5141,5163,0,0,0,0,9132,0,7200,7200,7200,7200,-3
2026-04-14T22:34:45,-3,-31971,-19210,9552,9552,12000,5145,5168,0,0,0,0,9132,0,7200,7200,7200,7200,-3
2026-04-14T22:34:51,-3,-31937,-19184,9555,9555,12000,5146,5159,0,0,0,0,9132,0,7200,7200,7200,7200,-3
2026-04-14T22:34:56,-3,-31900,-19157,9558,9558,12000,5150,5172,0,0,0,0,9132,0,7200,7200,7200,7200,-3
2026-04-14T22:35:00,-3,-31873,-19132,9560,9560,12000,5152,5192,0,0,0,0,9132,0,7200,7200,7200,7200,-3
2026-04-14T22:35:05,-3,-31838,-19106,9562,9562,12000,5171,5196,0,0,0,0,9132,0,7200,7200,7200,7200,-3
2026-04-14T22:35:10,-3,-31803,-19079,9565,9565,12000,5178,5197,0,0,0,0,9132,0,7200,7200,7200,7200,-3
2026-04-14T22:35:15,-3,-31770,-19053,9567,9567,12000,5109,5138,0,0,0,0,9132,0,7200,7200,7200,7200,-3
2026-04-14T22:35:20,-3,-31736,-19027,9570,9570,12000,5107,5135,0,0,0,0,9132,0,7200,7200,7200,7200,-3
2026-04-14T22:35:25,-3,-31702,-19001,9572,9572,12000,5124,5170,0,0,0,0,9132,0,7200,7200,7200,7200,-3
2026-04-14T22:35:30,-3,-31666,-18973,9575,9575,12000,5138,5170,0,0,0,0,9132,0,7200,7200,7200,7200,-3
2026-04-14T22:35:35,-3,-31631,-18947,9577,9577,12000,5131,5171,0,0,0,0,9132,0,7200,7200,7200,7200,-3
2026-04-14T22:35:40,-3,-31598,-18922,9580,9580,12000,5146,5184,0,0,0,0,9132,0,7200,7200,7200,7200,-3
2026-04-14T22:35:45,-3,-31563,-18895,9582,9582,12000,5137,5164,0,0,0,0,9132,0,7200,7200,7200,7200,-3
2026-04-14T22:35:50,-3,-31533,-18869,9585,9585,12000,5138,5187,0,0,0,0,9132,0,7200,7200,7200,7200,-3
2026-04-14T22:35:55,-3,-31495,-18843,9587,9587,12000,4553,4589,0,0,0,0,9132,0,7200,7200,7200,7200,-3
2026-04-14T22:36:00,-3,-31463,-18817,9590,9590,12000,4560,4589,0,0,0,0,9132,0,7200,7200,7200,7200,-3
2026-04-14T22:36:05,-3,-31426,-18789,9592,9592,12000,4551,4576,0,0,0,0,9132,0,7200,7200,7200,7200,-3
2026-04-14T22:36:10,-3,-31395,-18764,9595,9595,12000,4587,4603,0,0,0,0,9132,0,7200,7200,7200,7200,-3
2026-04-14T22:36:15,-3,-31359,-18737,9597,9597,12000,4563,4591,0,0,0,0,9132,0,7200,7200,7200,7200,-3
2026-04-14T22:36:20,-3,-31325,-18711,9600,9600,12000,4592,4621,0,0,0,0,9132,0,7200,7200,7200,7200,-3
2026-04-14T22:36:25,-3,-31292,-18685,9602,9602,12000,4579,4620,0,0,0,0,9132,0,7200,7200,7200,7200,-3
2026-04-14T22:36:30,-3,-31259,-18658,9605,9605,12000,4591,4607,0,0,0,0,9132,0,7200,7200,7200,7200,-3
2026-04-14T22:36:35,-3,-31224,-18633,9607,9607,12000,4583,4604,0,0,0,0,9132,0,7200,7200,7200,7200,-3
2026-04-14T22:36:40,-3,-31188,-18605,9610,9610,12000,4579,4598,0,0,0,0,9132,0,7200,7200,7200,7200,-3
2026-04-14T22:36:45,-3,-31157,-18579,9612,9612,12000,4606,4626,0,0,0,0,9132,0,7200,7200,7200,7200,-3
2026-04-14T22:36:50,-3,-31121,-18553,9615,9615,12000,4580,4626,0,0,0,0,9132,0,7200,7200,7200,7200,-3
2026-04-14T22:36:55,-3,-31088,-18531,9617,9617,12000,4591,4614,0,0,0,0,9132,0,7200,7200,7200,7200,-3
2026-04-14T22:37:00,-3,-31053,-18504,9620,9620,12000,4588,4610,0,0,0,0,9132,0,7200,7200,7200,7200,-3
2026-04-14T22:37:05,-3,-31020,-18479,9622,9622,12000,4593,4604,0,0,0,0,9132,0,7200,7200,7200,7200,-3
2026-04-14T22:37:11,-3,-30980,-18451,9625,9625,12000,4598,4618,0,0,0,0,9132,0,7200,7200,7200,7200,-3
2026-04-14T22:37:15,-3,-30950,-18426,9627,9627,12000,4606,4618,0,0,0,0,9132,0,7200,7200,7200,7200,-3
2026-04-14T22:37:21,-3,-30916,-18399,9630,9630,12000,4626,4641,0,0,0,0,9132,0,7200,7200,7200,7200,-3
2026-04-14T22:37:26,-3,-30879,-18372,9633,9633,12000,4587,4609,0,0,0,0,9132,0,7200,7200,7200,7200,-3
2026-04-14T22:37:30,-3,-30848,-18346,9635,9635,12000,4715,4738,0,0,0,0,9132,0,7200,7200,7200,7200,-3
2026-04-14T22:37:36,-3,-30811,-18319,9638,9638,12000,4710,4748,0,0,0,0,9132,0,7200,7200,7200,7200,-3
2026-04-14T22:37:40,-3,-30782,-18294,9640,9640,12000,4694,4694,0,0,0,0,9132,0,7200,7200,7200,7200,-3
2026-04-14T22:37:46,-3,-30743,-18267,9643,9643,12000,4642,4670,0,0,0,0,9132,0,7200,7200,7200,7200,-3
2026-04-14T22:37:50,-3,-30712,-18241,9645,9645,12000,4622,4645,0,0,0,0,9132,0,7200,7200,7200,7200,-3
2026-04-14T22:37:56,-3,-30677,-18213,9648,9648,12000,4645,4655,0,0,0,0,9132,0,7200,7200,7200,7200,-3
2026-04-14T22:38:00,-3,-30643,-18188,9650,9650,12000,4625,4664,0,0,0,0,9132,0,7200,7200,7200,7200,-3
2026-04-14T22:38:05,-3,-30606,-18161,9653,9653,12000,4647,4674,0,0,0,0,9132,0,7200,7200,7200,7200,-3
2026-04-14T22:38:10,-3,-30574,-18136,9655,9655,12000,4652,4684,0,0,0,0,9132,0,7200,7200,7200,7200,-3
2026-04-14T22:38:18,NaN,-30522,-18095,9659,9659,12000,3865,3894,NaN,NaN,0,0,9132,0,7200,7200,7200,7200,-3
2026-04-14T22:38:20,-3,-30503,-18081,9660,9660,12000,3883,3900,0,0,0,0,9132,0,7200,7200,7200,7200,-3
2026-04-14T22:38:25,-3,-30473,-18056,9662,9662,12000,3896,3934,0,0,0,0,9132,0,7200,7200,7200,7200,-3
2026-04-14T22:38:31,-3,-30437,-18029,9665,9665,12000,3906,3945,0,0,0,0,9132,0,7200,7200,7200,7200,-3
2026-04-14T22:38:36,-3,-30401,-18002,9668,9668,12000,3899,3917,0,0,0,0,9132,0,7200,7200,7200,7200,-3
2026-04-14T22:38:40,-3,-30369,-17977,9670,9670,12000,3902,3924,0,0,0,0,9132,0,7200,7200,7200,7200,-3
2026-04-14T22:38:45,-3,-30338,-17952,9672,9672,12000,3896,3925,0,0,0,0,9132,0,7200,7200,7200,7200,-3
2026-04-14T22:38:50,-3,-30304,-17925,9675,9675,12000,3916,3952,0,0,0,0,9132,0,7200,7200,7200,7200,-3
2026-04-14T22:38:55,-3,-30267,-17898,9677,9677,12000,3931,3952,0,0,0,0,9132,0,7200,7200,7200,7200,-3
2026-04-14T22:39:00,-3,-30234,-17873,9680,9680,12000,3923,3934,0,0,0,0,9132,0,7200,7200,7200,7200,-3
2026-04-14T22:39:06,-3,-30200,-17846,9682,9682,12000,3931,3954,0,0,0,0,9132,0,7200,7200,7200,7200,-3
2026-04-14T22:39:11,-3,-30165,-17819,9685,9685,12000,3922,3952,0,0,0,0,9132,0,7200,7200,7200,7200,-3
2026-04-14T22:39:16,-3,-30131,-17793,9687,9687,12000,3918,3948,0,0,0,0,9132,0,7200,7200,7200,7200,-3
2026-04-14T22:39:20,-3,-30099,-17767,9690,9690,12000,3905,3925,0,0,0,0,9132,0,7200,7200,7200,7200,-3
2026-04-14T22:39:25,-3,-30065,-17741,9692,9692,12000,3934,3956,0,0,0,0,9132,0,7200,7200,7200,7200,-3
2026-04-14T22:39:31,-3,-30025,-17713,9695,9695,12000,3939,3953,0,0,0,0,9132,0,7200,7200,7200,7200,-3
2026-04-14T22:39:36,-3,-29993,-17688,9698,9698,12000,3920,3944,0,0,0,0,9132,0,7200,7200,7200,7200,-3
2026-04-14T22:39:40,-3,-29962,-17662,9700,9700,12000,3917,3946,0,0,0,0,9132,0,7200,7200,7200,7200,-3
2026-04-14T22:39:46,-3,-29927,-17635,9703,9703,12000,3949,3969,0,0,0,0,9132,0,7200,7200,7200,7200,-3
2026-04-14T22:39:51,-3,-29889,-17608,9705,9705,12000,3955,3957,0,0,0,0,9132,0,7200,7200,7200,7200,-3
2026-04-14T22:39:55,-3,-29861,-17583,9707,9707,12000,3927,3954,0,0,0,0,9132,0,7200,7200,7200,7200,-3
2026-04-14T22:40:01,-3,-29822,-17555,9710,9710,12000,3917,3950,0,0,0,0,9132,0,7200,7200,7200,7200,-3
2026-04-14T22:40:05,-3,-29792,-17530,9712,9712,12000,3938,3952,0,0,0,0,9132,0,7200,7200,7200,7200,-3
2026-04-14T22:40:10,-3,-29756,-17503,9715,9715,12000,3927,3959,0,0,0,0,9132,0,7200,7200,7200,7200,-3
2026-04-14T22:40:15,-3,-29722,-17477,9717,9717,12000,3931,3951,0,0,0,0,9132,0,7200,7200,7200,7200,-3
2026-04-14T22:40:20,-3,-29690,-17452,9720,9720,12000,3925,3956,0,0,0,0,9132,0,7200,7200,7200,7200,-3
2026-04-14T22:40:25,-3,-29655,-17424,9722,9722,12000,3926,3942,0,0,0,0,9132,0,7200,7200,7200,7200,-3
2026-04-14T22:40:30,-3,-29619,-17398,9725,9725,12000,3930,3959,0,0,0,0,9132,0,7200,7200,7200,7200,-3
2026-04-14T22:40:35,-3,-29586,-17372,9727,9727,12000,3953,3973,0,0,0,0,9132,0,7200,7200,7200,7200,-3
2026-04-14T22:40:41,-3,-29552,-17346,9730,9730,12000,3950,3977,0,0,0,0,9132,0,7200,7200,7200,7200,-3
2026-04-14T22:40:45,-3,-29522,-17320,9732,9732,12000,3938,3970,0,0,0,0,9132,0,7200,7200,7200,7200,-3
2026-04-14T22:40:50,-3,-29486,-17294,9735,9735,12000,3935,3967,0,0,0,0,9132,0,7200,7200,7200,7200,-3
2026-04-14T22:40:55,-3,-29450,-17267,9737,9737,12000,3937,3961,0,0,0,0,9132,0,7200,7200,7200,7200,-3
2026-04-14T22:41:00,-3,-29417,-17240,9740,9740,12000,3964,3987,0,0,0,0,9132,0,7200,7200,7200,7200,-3
2026-04-14T22:41:06,-3,-29379,-17214,9743,9743,12000,3962,3982,0,0,0,0,9132,0,7200,7200,7200,7200,-3
2026-04-14T22:41:10,-3,-29348,-17188,9745,9745,12000,3960,3974,0,0,0,0,9132,0,7200,7200,7200,7200,-3
2026-04-14T22:41:15,-3,-29314,-17162,9747,9747,12000,3976,3991,0,0,0,0,9132,0,7200,7200,7200,7200,-3
2026-04-14T22:41:20,-3,-29278,-17134,9750,9750,12000,3960,3983,0,0,0,0,9132,0,7200,7200,7200,7200,-3
2026-04-14T22:41:25,-3,-29244,-17109,9752,9752,12000,3980,4011,0,0,0,0,9132,0,7200,7200,7200,7200,-3
2026-04-14T22:41:30,-3,-29212,-17083,9755,9755,12000,3963,3993,0,0,0,0,9132,0,7200,7200,7200,7200,-3
2026-04-14T22:41:35,-3,-29178,-17057,9757,9757,12000,3979,3996,0,0,0,0,9132,0,7200,7200,7200,7200,-3
2026-04-14T22:41:41,-3,-29141,-17030,9760,9760,12000,3984,4000,0,0,0,0,9132,0,7200,7200,7200,7200,-3
2026-04-14T22:41:45,-3,-29109,-17004,9762,9762,12000,3971,3994,0,0,0,0,9132,0,7200,7200,7200,7200,-3
2026-04-14T22:41:50,-3,-29077,-16978,9765,9765,12000,3971,3995,0,0,0,0,9132,0,7200,7200,7200,7200,-3
2026-04-14T22:41:56,-3,-29038,-16950,9768,9768,12000,3964,3991,0,0,0,0,9132,0,7200,7200,7200,7200,-3
2026-04-14T22:42:01,-3,-29003,-16923,9770,9770,12000,3981,3995,0,0,0,0,9132,0,7200,7200,7200,7200,-3
2026-04-14T22:42:05,-3,-28974,-16899,9772,9772,12000,3976,4012,0,0,0,0,9132,0,7200,7200,7200,7200,-3
2026-04-14T22:42:10,-3,-28939,-16873,9775,9775,12000,3990,4020,0,0,0,0,9132,0,7200,7200,7200,7200,-3
2026-04-14T22:42:15,-3,-28907,-16847,9777,9777,12000,3997,4028,0,0,0,0,9132,0,7200,7200,7200,7200,-3
2026-04-14T22:42:20,-3,-28869,-16819,9780,9780,12000,3989,4019,0,0,0,0,9132,0,7200,7200,7200,7200,-3
2026-04-14T22:42:25,-3,-28837,-16794,9782,9782,12000,4010,4020,0,0,0,0,9132,0,7200,7200,7200,7200,-3
2026-04-14T22:42:33,-3,-28804,-16767,9785,9785,12000,3998,4027,0,0,0,0,9132,0,7200,NaN,NaN,NaN,-3
2026-04-14T22:42:37,NaN,-28758,-16731,9788,9788,12000,4014,4026,NaN,0,0,0,9132,0,7200,7200,7200,7200,-3
2026-04-14T22:42:40,-3,-28730,-16712,9790,9790,12000,4010,4031,0,0,0,0,9132,0,7200,7200,7200,7200,-3
2026-04-14T22:42:45,-3,-28700,-16687,9792,9792,12000,3994,4033,0,0,0,0,9132,0,7200,7200,7200,7200,-3
2026-04-14T22:42:50,-3,-28665,-16664,9795,9795,12000,4023,4039,0,0,0,0,9132,0,7200,7200,7200,7200,-3
2026-04-14T22:42:55,-3,-28634,-16640,9797,9797,12000,4017,4047,0,0,0,0,9132,0,7200,7200,7200,7200,-3
2026-04-14T22:43:00,-3,-28597,-16613,9800,9800,12000,4026,4050,0,0,0,0,9132,0,7200,7200,7200,7200,-3
2026-04-14T22:43:05,-3,-28565,-16587,9802,9802,12000,4014,4047,0,0,0,0,9132,0,7200,7200,7200,7200,-3
2026-04-14T22:43:10,-3,-28530,-16560,9805,9805,12000,3993,4050,0,0,0,0,9132,0,7200,7200,7200,7200,-3
2026-04-14T22:43:15,-3,-28495,-16534,9807,9807,12000,4741,4781,0,0,0,0,9132,0,7200,7200,7200,7200,-3
2026-04-14T22:43:20,-3,-28463,-16508,9810,9810,12000,4575,4621,0,0,0,0,9132,0,7200,7200,7200,7200,-3
2026-04-14T22:43:25,-3,-28429,-16482,9812,9812,12000,4638,4661,0,0,0,0,9132,0,7200,7200,7200,7200,-3
2026-04-14T22:43:30,-3,-28396,-16455,9815,9815,12000,4667,4681,0,0,0,0,9132,0,7200,7200,7200,7200,-3
2026-04-14T22:43:35,-3,-28361,-16429,9817,9817,12000,4633,4672,0,0,0,0,9132,0,7200,7200,7200,7200,-3
2026-04-14T22:43:40,-3,-28325,-16402,9820,9820,12000,4643,4674,0,0,0,0,9132,0,7200,7200,7200,7200,-3
2026-04-14T22:43:45,-3,-28293,-16376,9822,9822,12000,4652,4675,0,0,0,0,9132,0,7200,7200,7200,7200,-3
2026-04-14T22:43:50,-3,-28258,-16350,9825,9825,12000,4673,4703,0,0,0,0,9132,0,7200,7200,7200,7200,-3
2026-04-14T22:43:56,-3,-28219,-16322,9828,9828,12000,4677,4703,0,0,0,0,9132,0,7200,7200,7200,7200,-3
2026-04-14T22:44:01,-3,-28188,-16297,9830,9830,12000,4718,4725,0,0,0,0,9132,0,7200,7200,7200,7200,-3
2026-04-14T22:44:05,-3,-28158,-16271,9832,9832,12000,4683,4703,0,0,0,0,9132,0,7200,7200,7200,7200,-3
2026-04-14T22:44:10,-3,-28122,-16244,9835,9835,12000,4671,4701,0,0,0,0,9132,0,7200,7200,7200,7200,-3
2026-04-14T22:44:15,-3,-28087,-16218,9837,9837,12000,4711,4727,0,0,0,0,9132,0,7200,7200,7200,7200,-3
2026-04-14T22:44:21,-3,-28052,-16192,9840,9840,12000,4739,4751,0,0,0,0,9132,0,7200,7200,7200,7200,-3
2026-04-14T22:44:26,-3,-28016,-16165,9843,9843,12000,4761,4771,0,0,0,0,9132,0,7200,7200,7200,7200,-3
2026-04-14T22:44:31,-3,-27983,-16145,9845,9845,12000,4741,4771,0,0,0,0,9132,0,7200,7200,7200,7200,-3
2026-04-14T22:44:36,-3,-27948,-16120,9848,9848,12000,4759,4766,0,0,0,0,9132,0,7200,7200,7200,7200,-3
2026-04-14T22:44:41,-3,-27916,-16094,9850,9850,12000,4755,4778,0,0,0,0,9132,0,7200,7200,7200,7200,-3
2026-04-14T22:44:45,-3,-27880,-16068,9853,9853,12000,4742,4781,0,0,0,0,9132,0,7200,7200,7200,7200,-3
2026-04-14T22:44:51,-3,-27846,-16041,9855,9855,12000,4753,4784,0,0,0,0,9132,0,7200,7200,7200,7200,-3
2026-04-14T22:44:56,-3,-27813,-16015,9858,9858,12000,4745,4789,0,0,0,0,9132,0,7200,7200,7200,7200,-3
2026-04-14T22:45:00,-3,-27779,-15989,9860,9860,12000,4773,4798,0,0,0,0,9132,0,7200,7200,7200,7200,-3
2026-04-14T22:45:05,-3,-27743,-15962,9863,9863,12000,4774,4791,0,0,0,0,9132,0,7200,7200,7200,7200,-3
2026-04-14T22:45:10,-3,-27710,-15936,9865,9865,12000,4777,4787,0,0,0,0,9132,0,7200,7200,7200,7200,-3
2026-04-14T22:45:15,-3,-27679,-15911,9867,9867,12000,4743,4759,0,0,0,0,9132,0,7200,7200,7200,7200,-3
2026-04-14T22:45:20,-3,-27646,-15884,9870,9870,12000,4772,4787,0,0,0,0,9132,0,7200,7200,7200,7200,-3
2026-04-14T22:45:25,-3,-27609,-15858,9872,9872,12000,4782,4801,0,0,0,0,9132,0,7200,7200,7200,7200,-3
2026-04-14T22:45:30,-3,-27576,-15831,9875,9875,12000,4783,4811,0,0,0,0,9132,0,7200,7200,7200,7200,-3
2026-04-14T22:45:35,-3,-27543,-15806,9877,9877,12000,4777,4798,0,0,0,0,9132,0,7200,7200,7200,7200,-3
2026-04-14T22:45:40,-3,-27510,-15779,9880,9880,12000,4777,4800,0,0,0,0,9132,0,7200,7200,7200,7200,-3
2026-04-14T22:45:46,-3,-27470,-15751,9883,9883,12000,4774,4821,0,0,0,0,9132,0,7200,7200,7200,7200,-3
2026-04-14T22:45:51,-3,-27438,-15730,9885,9885,12000,4782,4821,0,0,0,0,9132,0,7200,7200,7200,7200,-3
2026-04-14T22:45:56,-3,-27401,-15703,9888,9888,12000,4780,4817,0,0,0,0,9132,0,7200,7200,7200,7200,-3
2026-04-14T22:46:00,-3,-27369,-15677,9890,9890,12000,4802,4816,0,0,0,0,9132,0,7200,7200,7200,7200,-3
2026-04-14T22:46:05,-3,-27338,-15652,9892,9892,12000,4761,4823,0,0,0,0,9132,0,7200,7200,7200,7200,-3
2026-04-14T22:46:11,-3,-27302,-15625,9895,9895,12000,4783,4812,0,0,0,0,9132,0,7200,7200,7200,7200,-3
2026-04-14T22:46:15,-3,-27270,-15599,9897,9897,12000,4782,4824,0,0,0,0,9132,0,7200,7200,7200,7200,-3
2026-04-14T22:46:21,-3,-27230,-15571,9900,9900,12000,4785,4804,0,0,0,0,9132,0,7200,7200,7200,7200,-3
2026-04-14T22:46:26,-3,-27198,-15544,9903,9903,12000,4797,4837,0,0,0,0,9132,0,7200,7200,7200,7200,-3
2026-04-14T22:46:31,-3,-27164,-15519,9905,9905,12000,4825,4848,0,0,0,0,9132,0,7200,7200,7200,7200,-3
2026-04-14T22:46:36,-3,-27128,-15492,9908,9908,12000,4827,4816,0,0,0,0,9132,0,7200,7200,7200,7200,-3
2026-04-14T22:46:41,-3,-27096,-15467,9910,9910,12000,4789,4827,0,0,0,0,9132,0,7200,7200,7200,7200,-3
2026-04-14T22:46:45,-3,-27065,-15441,9912,9912,12000,4810,4847,0,0,0,0,9132,0,7200,7200,7200,7200,-3
2026-04-14T22:46:50,-3,-27033,-15415,9915,9915,12000,4820,4850,0,0,0,0,9132,0,7200,7200,7200,7200,-3
2026-04-14T22:46:56,-3,-26990,-15386,9918,9918,12000,4802,4823,0,0,0,0,9132,0,7200,7200,7200,7200,-3
2026-04-14T22:47:00,-3,-26962,-15362,9920,9920,12000,4823,4855,0,0,0,0,9132,0,7200,7200,7200,7200,-3
2026-04-14T22:47:06,-3,-26923,-15333,9923,9923,12000,4834,4848,0,0,0,0,9132,0,7200,7200,7200,7200,-3
2026-04-14T22:47:10,-3,-26897,-15310,9925,9925,12000,4830,4853,0,0,0,0,9132,0,7200,7200,7200,7200,-3
2026-04-14T22:47:15,-3,-26860,-15283,9927,9927,12000,4831,4870,0,0,0,0,9132,0,7200,7200,7200,7200,-3
2026-04-14T22:47:20,-3,-26824,-15255,9930,9930,12000,4819,4846,0,0,0,0,9132,0,7200,7200,7200,7200,-3
2026-04-14T22:47:25,-3,-26793,-15230,9932,9932,12000,4810,4830,0,0,0,0,9132,0,7200,7200,7200,7200,-3
2026-04-14T22:47:31,-3,-26753,-15202,9935,9935,12000,4825,4851,0,0,0,0,9132,0,7200,7200,7200,7200,-3
2026-04-14T22:47:35,-3,-26724,-15178,9937,9937,12000,4827,4857,0,0,0,0,9132,0,7200,7200,7200,7200,-3
2026-04-14T22:47:41,-3,-26686,-15150,9940,9940,12000,4833,4857,0,0,0,0,9132,0,7200,7200,7200,7200,-3
2026-04-14T22:47:46,-3,-26649,-15123,9943,9943,12000,4823,4855,0,0,0,0,9132,0,7200,7200,7200,7200,-3
2026-04-14T22:47:51,-3,-26617,-15097,9945,9945,12000,4837,4859,0,0,0,0,9132,0,7200,7200,7200,7200,-3
2026-04-14T22:47:55,-3,-26588,-15073,9947,9947,12000,4850,4879,0,0,0,0,9132,0,7200,7200,7200,7200,-3
2026-04-14T22:48:00,-3,-26554,-15046,9950,9950,12000,4850,4868,0,0,0,0,9132,0,7200,7200,7200,7200,-3
2026-04-14T22:48:06,-3,-26514,-15018,9953,9953,12000,4847,4896,0,0,0,0,9132,0,7200,7200,7200,7200,-3
2026-04-14T22:48:11,-3,-26482,-14993,9955,9955,12000,4845,4886,0,0,0,0,9132,0,7200,7200,7200,7200,-3
2026-04-14T22:48:15,-3,-26450,-14967,9957,9957,12000,4877,4908,0,0,0,0,9132,0,7200,7200,7200,7200,-3
2026-04-14T22:48:20,-3,-26417,-14940,9960,9960,12000,4882,4912,0,0,0,0,9132,0,7200,7200,7200,7200,-3
2026-04-14T22:48:25,-3,-26385,-14915,9962,9962,12000,4880,4900,0,0,0,0,9132,0,7200,7200,7200,7200,-3
2026-04-14T22:48:31,-3,-26345,-14887,9965,9965,12000,4905,4925,0,0,0,0,9132,0,7200,7200,7200,7200,-3
2026-04-14T22:48:35,-3,-26316,-14862,9967,9967,12000,4881,4902,0,0,0,0,9132,0,7200,7200,7200,7200,-3
2026-04-14T22:48:40,-3,-26282,-14835,9970,9970,12000,4894,4924,0,0,0,0,9132,0,7200,7200,7200,7200,-3
2026-04-14T22:48:45,-3,-26248,-14809,9972,9972,12000,4882,4905,0,0,0,0,9132,0,7200,7200,7200,7200,-3
2026-04-14T22:48:50,-3,-26213,-14782,9975,9975,12000,4879,4902,0,0,0,0,9132,0,7200,7200,7200,7200,-3
2026-04-14T22:48:55,-3,-26179,-14757,9977,9977,12000,4886,4909,0,0,0,0,9132,0,7200,7200,7200,7200,-3
2026-04-14T22:49:00,-3,-26145,-14730,9980,9980,12000,4875,4913,0,0,0,0,9132,0,7200,7200,7200,7200,-3
2026-04-14T22:49:05,-3,-26112,-14704,9982,9982,12000,4880,4905,0,0,0,0,9132,0,7200,7200,7200,7200,-3
2026-04-14T22:49:10,-3,-26075,-14677,9985,9985,12000,4910,4916,0,0,0,0,9132,0,7200,7200,7200,7200,-3
2026-04-14T22:49:15,-3,-26043,-14651,9987,9987,12000,4883,4907,0,0,0,0,9132,0,7200,7200,7200,7200,-3
2026-04-14T22:49:20,-3,-26010,-14630,9990,9990,12000,4856,4900,0,0,0,0,9132,0,7200,7200,7200,7200,-3
2026-04-14T22:49:25,-3,-25973,-14601,9992,9992,12000,4884,4907,0,0,0,0,9132,0,7200,7200,7200,7200,-3
2026-04-14T22:49:30,-3,-25940,-14577,9995,9995,12000,4906,4929,0,0,0,0,9132,0,7200,7200,7200,7200,-3
2026-04-14T22:49:36,-3,-25907,-14550,9997,9997,12000,4891,4929,0,0,0,0,9132,0,7200,7200,7200,7200,-3
2026-04-14T22:49:40,-3,-25870,-14523,10000,10000,12000,4878,4918,0,0,0,0,9132,0,7200,7200,7200,7200,-3
2026-04-14T22:49:45,-3,-25838,-14497,10002,10002,12000,4919,4935,0,0,0,0,9132,0,7200,7200,7200,7200,-3
2026-04-14T22:49:51,-3,-25801,-14474,10005,10005,12000,4891,4911,0,0,0,0,9132,0,7200,7200,7200,7200,-3
2026-04-14T22:49:55,-3,-25771,-14449,10007,10007,12000,4910,4945,0,0,0,0,9132,0,7200,7200,7200,7200,-3
2026-04-14T22:50:00,-3,-25736,-14422,10010,10010,12000,4910,4942,0,0,0,0,9132,0,7200,7200,7200,7200,-3
2026-04-14T22:50:05,-3,-25700,-14395,10012,10012,12000,4814,4831,0,0,0,0,9132,0,7200,7200,7200,7200,-3
2026-04-14T22:50:10,-3,-25667,-14369,10015,10015,12000,4857,4889,0,0,0,0,9132,0,7200,7200,7200,7200,-3
2026-04-14T22:50:15,-3,-25633,-14343,10017,10017,12000,4882,4921,0,0,0,0,9132,0,7200,7200,7200,7200,-3
2026-04-14T22:50:20,-3,-25598,-14317,10020,10020,12000,4919,4949,0,0,0,0,9132,0,7200,7200,7200,7200,-3
2026-04-14T22:50:25,-3,-25564,-14290,10022,10022,12000,4933,4963,0,0,0,0,9132,0,7200,7200,7200,7200,-3
2026-04-14T22:50:30,-3,-25532,-14264,10025,10025,12000,4908,4946,0,0,0,0,9132,0,7200,7200,7200,7200,-3
2026-04-14T22:50:35,-3,-25496,-14238,10027,10027,12000,4911,4934,0,0,0,0,9132,0,7200,7200,7200,7200,-3
2026-04-14T22:50:40,-3,-25463,-14212,10030,10030,12000,4918,4965,0,0,0,0,9132,0,7200,7200,7200,7200,-3
2026-04-14T22:50:45,-3,-25429,-14185,10032,10032,12000,4930,4960,0,0,0,0,9132,0,7200,7200,7200,7200,-3
2026-04-14T22:50:50,-3,-25397,-14159,10035,10035,12000,4929,4968,0,0,0,0,9132,0,7200,7200,7200,7200,-3
2026-04-14T22:50:56,-3,-25357,-14130,10038,10038,12000,4935,4972,0,0,0,0,9132,0,7200,7200,7200,7200,-3
2026-04-14T22:51:00,-3,-25326,-14107,10040,10040,12000,4922,4948,0,0,0,0,9132,0,7200,7200,7200,7200,-3
2026-04-14T22:51:06,-3,-25291,-14083,10043,10043,12000,4933,4952,0,0,0,0,9132,0,7200,7200,7200,7200,-3
2026-04-14T22:51:11,-3,-25254,-14057,10045,10045,12000,4974,4987,0,0,0,0,9132,0,7200,7200,7200,7200,-3
2026-04-14T22:51:16,-3,-25220,-14030,10048,10048,12000,4956,4977,0,0,0,0,9132,0,7200,7200,7200,7200,-3
2026-04-14T22:51:20,-3,-25190,-14005,10050,10050,12000,4960,4981,0,0,0,0,9132,0,7200,7200,7200,7200,-3
2026-04-14T22:51:26,-3,-25154,-13978,10053,10053,12000,4995,5029,0,0,0,0,9132,0,7200,7200,7200,7200,-3
2026-04-14T22:51:31,-3,-25118,-13951,10055,10055,12000,4992,5016,0,0,0,0,9132,0,7200,7200,7200,7200,-3
2026-04-14T22:51:36,-3,-25083,-13925,10058,10058,12000,4998,5028,0,0,0,0,9132,0,7200,7200,7200,7200,-3
2026-04-14T22:51:40,-3,-25053,-13900,10060,10060,12000,4059,4124,0,0,0,0,9132,0,7200,7200,7200,7200,-3
2026-04-14T22:51:46,-3,-25015,-13872,10063,10063,12000,4131,4173,0,0,0,0,9132,0,7200,7200,7200,7200,-3
2026-04-14T22:51:51,-3,-24981,-13846,10065,10065,12000,4132,4177,0,0,0,0,9132,0,7200,7200,7200,7200,-3
2026-04-14T22:51:55,-3,-24949,-13820,10068,10068,12000,4120,4139,0,0,0,0,9132,0,7200,7200,7200,7200,-3
2026-04-14T22:52:00,-3,-24918,-13799,10070,10070,12000,4116,4139,0,0,0,0,9132,0,7200,7200,7200,7200,-3
2026-04-14T22:52:05,-3,-24883,-13772,10072,10072,12000,4114,4139,0,0,0,0,9132,0,7200,7200,7200,7200,-3
2026-04-14T22:52:11,-3,-24845,-13745,10075,10075,12000,4240,4264,0,0,0,0,9132,0,7200,7200,7200,7200,-3
2026-04-14T22:52:16,-3,-24813,-13719,10078,10078,12000,4278,4316,0,0,0,0,9132,0,7200,7200,7200,7200,-3
2026-04-14T22:52:21,-3,-24780,-13693,10080,10080,12000,4272,4302,0,0,0,0,9132,0,7200,7200,7200,7200,-3
2026-04-14T22:52:26,-3,-24743,-13665,10083,10083,12000,4244,4266,0,0,0,0,9132,0,7200,7200,7200,7200,-3
2026-04-14T22:52:31,-3,-24709,-13639,10085,10085,12000,4235,4249,0,0,0,0,9132,0,7200,7200,7200,7200,-3
2026-04-14T22:52:36,-3,-24675,-13613,10088,10088,12000,4236,4249,0,0,0,0,9132,0,7200,7200,7200,7200,-3
2026-04-14T22:52:40,-3,-24642,-13587,10090,10090,12000,4230,4266,0,0,0,0,9132,0,7200,7200,7200,7200,-3
2026-04-14T22:52:46,-3,-24607,-13561,10093,10093,12000,4225,4263,0,0,0,0,9132,0,7200,7200,7200,7200,-3
2026-04-14T22:52:50,-3,-24575,-13535,10095,10095,12000,4240,4272,0,0,0,0,9132,0,7200,7200,7200,7200,-3
2026-04-14T22:52:55,-3,-24541,-13507,10098,10098,12000,4243,4268,0,0,0,0,9132,0,7200,7200,7200,7200,-3
2026-04-14T22:53:00,-3,-24509,-13482,10100,10100,12000,4255,4282,0,0,0,0,9132,0,7200,7200,7200,7200,-3
2026-04-14T22:53:06,-3,-24469,-13455,10103,10103,12000,4238,4277,0,0,0,0,9132,0,7200,7200,7200,7200,-3
2026-04-14T22:53:11,-3,-24438,-13429,10105,10105,12000,4257,4291,0,0,0,0,9132,0,7200,7200,7200,7200,-3
2026-04-14T22:53:16,-3,-24402,-13403,10108,10108,12000,4229,4244,0,0,0,0,9132,0,7200,7200,7200,7200,-3
2026-04-14T22:53:20,-3,-24373,-13377,10110,10110,12000,4240,4253,0,0,0,0,9132,0,7200,7200,7200,7200,-3
2026-04-14T22:53:25,-3,-24338,-13351,10112,10112,12000,4233,4266,0,0,0,0,9132,0,7200,7200,7200,7200,-3
2026-04-14T22:53:31,-3,-24301,-13323,10115,10115,12000,4238,4275,0,0,0,0,9132,0,7200,7200,7200,7200,-3
2026-04-14T22:53:35,-3,-24271,-13298,10117,10117,12000,4204,4239,0,0,0,0,9132,0,7200,7200,7200,7200,-3
2026-04-14T22:53:40,-3,-24235,-13272,10120,10120,12000,4262,4285,0,0,0,0,9132,0,7200,7200,7200,7200,-3
2026-04-14T22:53:45,-3,-24202,-13246,10122,10122,12000,4252,4282,0,0,0,0,9132,0,7200,7200,7200,7200,-3
2026-04-14T22:53:50,-3,-24168,-13219,10125,10125,12000,4258,4288,0,0,0,0,9132,0,7200,7200,7200,7200,-3
2026-04-14T22:53:55,-3,-24133,-13193,10127,10127,12000,4282,4305,0,0,0,0,9132,0,7200,7200,7200,7200,-3
2026-04-14T22:54:01,-3,-24098,-13166,10130,10130,12000,4267,4305,0,0,0,0,9132,0,7200,7200,7200,7200,-3
2026-04-14T22:54:05,-3,-24065,-13140,10132,10132,12000,4278,4299,0,0,0,0,9132,0,7200,7200,7200,7200,-3
2026-04-14T22:54:10,-3,-24033,-13114,10135,10135,12000,4277,4309,0,0,0,0,9132,0,7200,7200,7200,7200,-3
2026-04-14T22:54:15,-3,-23998,-13087,10137,10137,12000,4277,4316,0,0,0,0,9132,0,7200,7200,7200,7200,-3
2026-04-14T22:54:20,-3,-23961,-13061,10140,10140,12000,4284,4306,0,0,0,0,9132,0,7200,7200,7200,7200,-3
2026-04-14T22:54:26,-3,-23925,-13033,10143,10143,12000,4234,4274,0,0,0,0,9132,0,7200,7200,7200,7200,-3
2026-04-14T22:54:30,-3,-23897,-13009,10145,10145,12000,4275,4300,0,0,0,0,9132,0,7200,7200,7200,7200,-3
2026-04-14T22:54:35,-3,-23859,-12982,10148,10148,12000,4254,4275,0,0,0,0,9132,0,7200,7200,7200,7200,-3
2026-04-14T22:54:41,-3,-23823,-12955,10150,10150,12000,4261,4285,0,0,0,0,9132,0,7200,7200,7200,7200,-3
2026-04-14T22:54:46,-3,-23790,-12929,10153,10153,12000,4297,4329,0,0,0,0,9132,0,7200,7200,7200,7200,-3
2026-04-14T22:54:51,-3,-23754,-12903,10155,10155,12000,4268,4291,0,0,0,0,9132,0,7200,7200,7200,7200,-3
2026-04-14T22:54:56,-3,-23721,-12876,10158,10158,12000,4280,4303,0,0,0,0,9132,0,7200,7200,7200,7200,-3
2026-04-14T22:55:01,-3,-23688,-12850,10160,10160,12000,4279,4312,0,0,0,0,9132,0,7200,7200,7200,7200,-3
2026-04-14T22:55:06,-3,-23651,-12823,10163,10163,12000,4762,4759,0,0,0,0,9132,0,7200,7200,7200,7200,-3
2026-04-14T22:55:10,-3,-23619,-12797,10165,10165,12000,4890,4901,0,0,0,0,9132,0,7200,7200,7200,7200,-3
2026-04-14T22:55:15,-3,-23586,-12775,10168,10168,12000,4892,4917,0,0,0,0,9132,0,7200,7200,7200,7200,-3
2026-04-14T22:55:21,-3,-23552,-12753,10170,10170,12000,4911,4944,0,0,0,0,9132,0,7200,7200,7200,7200,-3
