timestamp,0x050E,0x357A,0x357F,0x35A1,0x35A3,0x402F,0x40A8,0x40AA,0x4204,0x4213,0x4E03,0x4E11,0x4E55,0x51A6,0x8360,0x8362,0x837C,0x837E,0xA050
2026-04-14T13:24:52,7064,5296,11284,-6944,-6944,1887,2272,2249,7064,7064,1869,1882,7613,7060,7200,7200,7200,7200,7064
2026-04-14T13:24:57,7081,5330,11307,-6941,-6941,1871,2290,2260,7089,7089,1899,1899,7613,7109,7200,7200,7200,7200,7095
2026-04-14T13:25:03,7130,5369,11333,-6939,-6939,1935,2321,2281,7132,7132,1902,1898,7613,7109,7200,7200,7200,7200,7133
2026-04-14T13:25:07,7126,5398,11358,-6937,-6937,1837,2314,2293,7124,7124,1912,1778,7613,7109,7200,7200,7200,7200,7121
2026-04-14T13:25:12,7114,5429,11382,-6934,-6934,1975,2323,2310,7114,7114,1932,1916,7613,7109,7200,7200,7200,7200,7114
2026-04-14T13:25:17,7113,5466,11403,-6932,-6932,1965,2313,2284,7113,7113,1898,1898,7613,7109,7200,7200,7200,7200,7113
2026-04-14T13:25:22,7121,5498,11421,-6929,-6929,1837,2098,2256,7120,7120,1861,1861,7621,7109,7200,7200,7200,7200,7120
2026-04-14T13:25:27,7121,5532,11445,-6927,-6927,1997,2286,2257,7121,7116,1885,1906,7621,7111,7200,7200,7200,7200,7126
2026-04-14T13:25:32,7127,5567,11464,-6924,-6924,1950,2290,2260,7127,7127,1901,1901,7621,7111,7200,7200,7200,7200,7129
2026-04-14T13:25:38,7125,5603,11490,-6922,-6921,1945,2309,2285,7125,7125,1884,1876,7621,7111,7200,7200,7200,7200,7123
2026-04-14T13:25:42,7116,5637,11517,-6919,-6919,1934,2329,2312,7116,7116,1933,1933,7621,7111,7200,7200,7200,7200,7117
2026-04-14T13:25:47,7125,5669,11542,-6917,-6917,1889,2303,2273,7125,7121,1911,1911,7621,7111,7200,7200,7200,7200,7121
2026-04-14T13:25:52,7126,5705,11570,-6914,-6914,1890,2316,2286,7125,7125,1896,1923,7621,7111,7200,7200,7200,7200,7124
2026-04-14T13:25:57,7121,5738,11596,-6912,-6912,2039,2329,2301,7121,7121,1932,1932,7621,7123,7200,7200,7200,7200,7120
2026-04-14T13:26:02,7124,5774,11623,-6909,-6909,1957,2304,2297,7124,7124,1904,1904,7621,7123,7200,7200,7200,7200,7122
2026-04-14T13:26:08,7128,5806,11645,-6907,-6906,1931,2348,2316,7128,7128,1930,1930,7621,7123,7200,7200,7200,7200,7129
2026-04-14T13:26:13,7125,5842,11671,-6904,-6904,1771,2330,2081,7125,7126,1801,1792,7621,7123,7200,7200,7200,7200,7126
2026-04-14T13:26:17,7118,5873,11693,-6902,-6902,1912,2312,2291,7117,7117,1925,1922,7621,7123,7200,7200,7200,7200,7117
2026-04-14T13:26:22,7110,5909,11716,-6899,-6899,2043,2285,2261,7110,7110,1877,1877,7629,7123,7200,7200,7200,7200,7110
2026-04-14T13:26:27,7095,5942,11743,-6897,-6897,1822,2193,2130,7093,7093,1778,1778,7629,7121,7200,7200,7200,7200,7094
2026-04-14T13:26:33,7073,5980,11764,-6894,-6894,1949,2317,2287,7073,7073,1907,1921,7629,7121,7200,7200,7200,7200,7073
2026-04-14T13:26:37,7064,6010,11786,-6892,-6892,1952,2326,2312,7062,7062,1935,1955,7629,7121,7200,7200,7200,7200,7061
2026-04-14T13:26:42,7055,6047,11807,-6889,-6889,1883,2289,2259,7055,7054,1896,1917,7629,7121,7200,7200,7200,7200,7054
2026-04-14T13:26:46,7051,6076,11830,-6887,-6887,1845,2293,2304,7051,7052,1917,1651,7629,7121,7200,7200,7200,7200,7052
2026-04-14T13:26:52,7046,6115,11858,-6884,-6884,1952,2344,2309,7046,7048,1929,1898,7629,7121,7200,7200,7200,7200,7049
2026-04-14T13:26:57,7055,6148,11884,-6882,-6882,1893,2293,2270,7055,7055,1886,1903,7629,7067,7200,7200,7200,7200,7057
2026-04-14T13:27:02,7070,6179,11903,-6879,-6879,1848,2315,2286,7072,7072,1913,1914,7629,7067,7200,7200,7200,7200,7072
2026-04-14T13:27:07,7083,6212,11928,-6877,-6877,1911,2307,2275,7083,7083,1903,1881,7629,7067,7200,7200,7200,7200,7084
2026-04-14T13:27:12,7099,6250,11950,-6874,-6874,1851,2324,2318,7099,7099,1926,1926,7629,7067,7200,7200,7200,7200,7098
2026-04-14T13:27:18,7097,6286,11964,-6871,-6871,1948,2323,2281,7097,7097,1893,1907,7629,7067,7200,7200,7200,7200,7095
2026-04-14T13:27:22,7084,6317,11990,-6869,-6869,1997,2304,2279,7084,7084,1909,1909,7636,7067,7200,7200,7200,7200,7084
2026-04-14T13:27:34,7087,6396,12048,-6863,-6863,1816,2305,2246,7087,7087,1899,1886,7636,7079,7200,7200,7200,7200,7089
2026-04-14T13:27:39,7099,6431,12071,-6861,-6861,1997,2312,2284,7099,7099,1924,1932,7636,7079,7200,7200,7200,7200,7099
2026-04-14T13:27:44,7102,6466,12093,-6858,-6858,1997,2311,2300,7100,7100,1923,1896,7636,7079,7200,7200,7200,7200,7100
2026-04-14T13:27:48,7087,6497,12119,-6856,-6856,1996,2333,2301,7084,7084,1909,1909,7636,7079,7200,7200,7200,7200,7085
2026-04-14T13:27:53,7080,6532,12141,-6853,-6853,1998,2273,2258,7080,7080,1863,1863,7636,7087,7200,7200,7200,7200,7080
2026-04-14T13:27:59,7090,6570,12168,-6851,-6851,1997,2324,2309,7090,7090,1918,1900,7636,7087,7200,7200,7200,7200,7090
2026-04-14T13:28:04,7090,6601,12191,-6848,-6848,1997,2312,2296,7090,7090,1899,1923,7636,7087,7200,7200,7200,7200,7090
2026-04-14T13:28:09,7086,6640,12213,-6846,-6845,1887,2298,2269,7086,7086,1917,1897,7636,7087,7200,7200,7200,7200,7085
2026-04-14T13:28:14,7081,6671,12239,-6843,-6843,1856,2315,2302,7080,7080,1921,1900,7636,7087,7200,7200,7200,7200,7078
2026-04-14T13:28:20,7077,6707,12263,-6840,-6840,1949,2308,2267,7078,7078,1904,1901,7636,7087,7200,7200,7200,7200,7077
2026-04-14T13:28:24,7071,6736,12288,-6838,-6838,1933,2325,2293,7073,7073,1915,1915,7644,7082,7200,7200,7200,7200,7073
2026-04-14T13:28:29,7070,6775,12315,-6836,-6836,1997,2282,2294,7070,7070,1900,1900,7644,7082,7200,7200,7200,7200,7067
2026-04-14T13:28:33,7063,6805,12332,-6833,-6833,1965,2332,2301,7063,7063,1902,1902,7644,7082,7200,7200,7200,7200,7062
2026-04-14T13:28:39,7057,6841,12355,-6831,-6831,1889,2310,2288,7056,7056,1869,1869,7644,7082,7200,7200,7200,7200,7056
2026-04-14T13:28:44,7056,6872,12380,-6828,-6828,1925,2315,2285,7056,7056,1909,1909,7644,7082,7200,7200,7200,7200,7055
2026-04-14T13:28:49,7051,6906,12397,-6826,-6826,1887,2281,2258,7050,7050,1869,1870,7644,7082,7200,7200,7200,7200,7049
2026-04-14T13:28:54,7044,6946,12421,-6823,-6823,1853,2320,2139,7044,7044,1755,1847,7644,7059,7200,7200,7200,7200,7043
2026-04-14T13:29:00,7042,6978,12434,-6820,-6820,1937,2340,2315,7036,7036,1931,1939,7644,7059,7200,7200,7200,7200,7035
2026-04-14T13:29:04,7024,7012,12460,-6818,-6818,1947,2316,2280,7022,7022,1885,1907,7644,7059,7200,7200,7200,7200,7020
2026-04-14T13:29:09,7009,7045,12486,-6816,-6816,1882,2316,2277,7009,7010,1909,1893,7644,7059,7200,7200,7200,7200,7010
2026-04-14T13:29:14,7010,7079,12512,-6813,-6813,1929,2340,2319,7010,7010,1927,1870,7644,7059,7200,7200,7200,7200,7010
2026-04-14T13:29:19,7005,7112,12541,-6811,-6811,1870,2334,2286,7003,7003,1920,1920,7644,7059,7200,7200,7200,7200,7004
2026-04-14T13:29:24,6998,7150,12567,-6808,-6808,1876,2295,2297,6997,6997,1911,1920,7651,7019,7200,7200,7200,7200,6991
2026-04-14T13:29:29,6987,7183,12588,-6806,-6806,1887,2300,2250,6987,6986,1869,1916,7651,7019,7200,7200,7200,7200,6986
2026-04-14T13:29:34,6979,7214,12606,-6803,-6803,1998,2305,2293,6979,6979,1887,1887,7651,7019,7200,7200,7200,7200,6979
2026-04-14T13:29:39,6962,7247,12632,-6801,-6801,1950,2314,2277,6962,6962,1899,1899,7651,7019,7200,7200,7200,7200,6962
2026-04-14T13:29:44,6957,7283,12655,-6798,-6798,1987,2304,2308,6957,6958,1909,1909,7651,7019,7200,7200,7200,7200,6958
2026-04-14T13:29:49,6964,7319,12681,-6796,-6796,1949,2319,2287,6966,6966,1898,1898,7651,7019,7200,7200,7200,7200,6967
2026-04-14T13:29:54,6966,7351,12708,-6793,-6793,1948,2333,2284,6966,6966,1907,1921,7651,6972,7200,7200,7200,7200,6967
2026-04-14T13:29:59,6971,7390,12731,-6791,-6791,1944,2336,2306,6971,6971,1896,1883,7651,6972,7200,7200,7200,7200,6973
2026-04-14T13:30:04,6975,7421,12757,-6788,-6788,1948,2311,2288,6975,6973,1919,1919,7651,6972,7200,7200,7200,7200,6973
2026-04-14T13:30:09,6960,7455,12783,-6786,-6786,1949,2310,2278,6960,6960,1899,1876,7651,6972,7200,7200,7200,7200,6956
2026-04-14T13:30:14,6956,7488,12810,-6783,-6783,1949,2310,2289,6956,6956,1899,1898,7651,6972,7200,7200,7200,7200,6954
2026-04-14T13:30:19,6956,7520,12826,-6781,-6781,1871,2161,2258,6956,6954,1870,1883,7651,6972,7200,7200,7200,7200,6954
2026-04-14T13:30:24,6946,7557,12846,-6778,-6778,1933,2328,2306,6946,6946,1930,1930,7659,6962,7200,7200,7200,7200,6946
2026-04-14T13:30:29,6931,7590,12870,-6776,-6776,1997,2302,2281,6930,6930,1946,1946,7659,6962,7200,7200,7200,7200,6930
2026-04-14T13:30:34,6931,7622,12893,-6773,-6773,1942,2335,2287,6931,6931,1904,1906,7659,6962,7200,7200,7200,7200,6931
2026-04-14T13:30:39,6952,7662,12920,-6770,-6770,1888,2353,2198,6954,6954,1752,1883,7659,6962,7200,7200,7200,7200,6958
2026-04-14T13:30:44,6972,7695,12933,-6768,-6768,1948,2332,2291,6972,6972,1934,1945,7659,6962,7200,7200,7200,7200,6972
2026-04-14T13:30:49,6981,7727,12959,-6765,-6765,1933,2326,2310,6981,6981,1907,1907,7659,6962,7200,7200,7200,7200,6981
2026-04-14T13:30:54,6979,7763,12975,-6763,-6763,1933,2345,2298,6976,6976,1914,1914,7659,6953,7200,7200,7200,7200,6976
2026-04-14T13:31:00,6969,7799,13000,-6760,-6760,1942,2293,2279,6969,6969,1930,1930,7659,6953,7200,7200,7200,7200,6969
2026-04-14T13:31:05,6973,7831,13025,-6758,-6758,1870,2348,2353,6973,6973,1933,1625,7659,6953,7200,7200,7200,7200,6976
2026-04-14T13:31:09,6982,7863,13042,-6756,-6756,1933,2326,2304,6982,6982,1927,1869,7659,6953,7200,7200,7200,7200,6982
2026-04-14T13:31:14,6951,7900,13062,-6753,-6753,1904,2214,2201,6950,6950,1815,1815,7659,6953,7200,7200,7200,7200,6949
2026-04-14T13:31:20,6948,7935,13085,-6750,-6750,1864,2217,2213,6949,6949,1818,1818,7659,6953,7200,7200,7200,7200,6949
2026-04-14T13:31:25,6974,7967,13106,-6748,-6748,1895,2151,2136,6974,6974,1769,1769,7666,6967,7200,7200,7200,7200,6974
2026-04-14T13:31:29,7009,7997,13127,-6746,-6746,1718,1994,1996,7011,7011,1597,1597,7666,6967,7200,7200,7200,7200,7013
2026-04-14T13:31:34,7029,8034,13154,-6743,-6743,1615,2008,1980,7031,7031,1587,1587,7666,6967,7200,7200,7200,7200,7030
2026-04-14T13:31:40,7031,8070,13181,-6740,-6740,1574,1973,1943,7031,7031,1546,1546,7666,6967,7200,7200,7200,7200,7031
2026-04-14T13:31:44,7030,8102,13200,-6738,-6738,1622,2003,1971,7030,7030,1584,1584,7666,6967,7200,7200,7200,7200,7030
2026-04-14T13:31:49,7015,8134,13220,-6736,-6736,1571,2013,1976,7015,7015,1567,1567,7666,6967,7200,7200,7200,7200,7015
2026-04-14T13:31:54,7005,8170,13243,-6733,-6733,1583,2011,1988,7005,7004,1584,1574,7666,7017,7200,7200,7200,7200,7004
2026-04-14T13:31:59,7001,8205,13265,-6731,-6731,1570,1993,1946,7001,7001,1599,1599,7666,7017,7200,7200,7200,7200,7001
2026-04-14T13:32:04,6999,8239,13287,-6728,-6728,1539,2019,2027,6999,6999,1462,1462,7666,7017,7200,7200,7200,7200,6999
2026-04-14T13:32:09,6980,8273,13308,-6726,-6726,1571,1986,1963,6990,6990,1553,1553,7666,7017,7200,7200,7200,7200,6990
2026-04-14T13:32:14,6988,8309,13336,-6723,-6723,1631,2034,1997,6988,6987,1555,1574,7666,7017,7200,7200,7200,7200,6988
2026-04-14T13:32:19,6976,8340,13358,-6721,-6721,1622,1997,1967,6976,6976,1573,1573,7666,7017,7200,7200,7200,7200,6977
2026-04-14T13:32:24,6971,8372,13383,-6718,-6718,1666,1939,1909,6972,6972,1504,1504,7674,6992,7200,7200,7200,7200,6973
2026-04-14T13:32:29,6983,8413,13412,-6715,-6715,1346,1817,1755,6983,6983,1346,1361,7674,6992,7200,7200,7200,7200,6987
2026-04-14T13:32:34,6989,8443,13437,-6713,-6713,1212,1733,1719,6989,6991,1289,1065,7674,6992,7200,7200,7200,7200,6991
2026-04-14T13:32:40,6987,8479,13460,-6710,-6710,1256,1693,1651,6987,6987,1229,1238,7674,6992,7200,7200,7200,7200,6991
2026-04-14T13:32:44,6998,8513,13486,-6708,-6708,1256,1697,1667,6998,6998,1251,1251,7674,6992,7200,7200,7200,7200,6997
2026-04-14T13:32:49,7008,8548,13512,-6705,-6705,1256,1706,1668,7009,7009,1238,1238,7674,6992,7200,7200,7200,7200,7008
2026-04-14T13:32:54,7015,8579,13534,-6703,-6703,1255,1701,1678,7015,7015,1251,1251,7674,6991,7200,7200,7200,7200,7015
2026-04-14T13:32:59,7011,8615,13552,-6700,-6700,1255,1714,1677,7011,7011,1237,1237,7674,6991,7200,7200,7200,7200,7011
2026-04-14T13:33:04,7007,8646,13578,-6698,-6698,1255,1685,1670,7007,7006,1251,1251,7674,6991,7200,7200,7200,7200,7006
2026-04-14T13:33:09,7000,8681,13604,-6696,-6696,1254,1707,1677,7000,7000,1237,1237,7674,6991,7200,7200,7200,7200,7001
2026-04-14T13:33:14,7006,8716,13631,-6693,-6693,1255,1689,1659,7006,7004,1237,1236,7674,6991,7200,7200,7200,7200,7004
2026-04-14T13:33:19,7014,8750,13658,-6691,-6691,1259,1707,1676,7014,7014,1236,1253,7674,6991,7200,7200,7200,7200,7014
2026-04-14T13:33:24,7019,8785,13680,-6688,-6688,1209,1646,1673,7020,7020,1251,1251,7683,7008,7200,7200,7200,7200,7022
2026-04-14T13:33:29,7019,8817,13701,-6686,-6686,1255,1672,1676,7020,7020,1237,1237,7683,7008,7200,7200,7200,7200,7018
2026-04-14T13:33:35,7022,8853,13725,-6683,-6683,1255,1713,1665,7022,7022,1251,1250,7683,7008,7200,7200,7200,7200,7021
2026-04-14T13:33:40,7019,8890,13747,-6680,-6680,1255,1709,1677,7019,7020,1251,1236,7683,7008,7200,7200,7200,7200,7020
2026-04-14T13:33:44,7019,8920,13772,-6678,-6678,1165,1630,1600,7019,7019,1160,1160,7683,7008,7200,7200,7200,7200,7019
2026-04-14T13:33:50,7013,8956,13796,-6675,-6675,1165,1603,1570,7013,7013,1147,1147,7683,7008,7200,7200,7200,7200,7012
2026-04-14T13:33:54,7012,8986,13821,-6673,-6673,1165,1621,1582,7013,7013,1162,1162,7683,7018,7200,7200,7200,7200,7014
2026-04-14T13:34:00,7009,9026,13844,-6670,-6670,1121,1580,1550,7009,7009,1115,1115,7683,7018,7200,7200,7200,7200,7009
2026-04-14T13:34:03,7007,9055,13869,-6668,-6668,1120,1572,1549,7007,7007,1102,1102,7683,7018,7200,7200,7200,7200,7008
2026-04-14T13:34:08,7011,9089,13891,-6666,-6666,1120,1572,1549,7011,7011,1102,1116,7683,7018,7200,7200,7200,7200,7014
2026-04-14T13:34:15,7016,9125,13908,-6663,-6663,1165,1590,1570,7016,7016,1116,1116,7683,7018,7200,7200,7200,7200,7016
2026-04-14T13:34:20,7017,9162,13933,-6660,-6660,1120,1600,1569,7018,7018,1130,1126,7683,7018,7200,7200,7200,7200,7018
2026-04-14T13:34:24,7017,9191,13958,-6658,-6658,1067,1482,1487,7017,7017,1037,1037,7691,7012,7200,7200,7200,7200,7017
2026-04-14T13:34:30,7008,9229,13985,-6655,-6655,1075,1524,1470,7005,7005,1034,1017,7691,7012,7200,7200,7200,7200,7003
2026-04-14T13:34:34,7002,9259,14011,-6653,-6653,933,1467,1417,6999,6999,972,972,7691,7012,7200,7200,7200,7200,6997
2026-04-14T13:34:40,6997,9299,14038,-6650,-6650,1030,1490,1469,6997,6994,1012,1013,7691,7012,7200,7200,7200,7200,6994
2026-04-14T13:34:44,6990,9330,14059,-6648,-6648,1002,1456,1443,6990,6990,967,973,7691,7012,7200,7200,7200,7200,6991
2026-04-14T13:34:50,6990,9365,14086,-6645,-6645,937,885,887,6990,6990,576,792,7691,7012,7200,7200,7200,7200,6990
2026-04-14T13:34:54,6988,9399,14107,-6643,-6643,1347,1585,1519,6988,6988,1142,1120,7691,6999,7200,7200,7200,7200,6989
2026-04-14T13:34:59,6981,9432,14129,-6641,-6641,939,1473,1443,6982,6982,970,958,7691,6999,7200,7200,7200,7200,6982
2026-04-14T13:35:04,6980,9466,14156,-6638,-6638,1164,1327,1297,6980,6980,957,971,7691,6999,7200,7200,7200,7200,6982
2026-04-14T13:35:09,6983,9497,14182,-6636,-6636,1207,1525,1495,6983,6983,1073,1073,7691,6999,7200,7200,7200,7200,6982
2026-04-14T13:35:14,6985,9534,14204,-6633,-6633,938,256,279,6984,6984,0,17,7691,6999,7200,7200,7200,7200,6985
2026-04-14T13:35:19,6981,9567,14226,-6631,-6631,1347,1594,1562,6981,6981,1189,1203,7691,6999,7200,7200,7200,7200,6982
2026-04-14T13:35:24,6981,9602,14240,-6628,-6628,920,1406,1367,6981,6981,909,922,7701,6983,7200,7200,7200,7200,6981
2026-04-14T13:35:30,6976,9639,14258,-6625,-6625,849,1339,1323,6975,6975,837,837,7701,6983,7200,7200,7200,7200,6973
2026-04-14T13:35:34,6974,9670,14284,-6623,-6623,850,1363,1324,6974,6974,837,837,7701,6983,7200,7200,7200,7200,6973
2026-04-14T13:35:40,6973,9706,14305,-6620,-6620,850,1334,1313,6973,6973,824,837,7701,6983,7200,7200,7200,7200,6973
2026-04-14T13:35:44,6974,9738,14324,-6618,-6618,851,1344,1323,6975,6975,837,837,7701,6983,7200,7200,7200,7200,6975
2026-04-14T13:35:49,6976,9774,14347,-6616,-6616,850,1335,1311,6976,6976,846,823,7701,6983,7200,7200,7200,7200,6976
2026-04-14T13:35:54,6980,9806,14369,-6613,-6613,851,1335,1321,6980,6980,837,837,7701,6976,7200,7200,7200,7200,6980
2026-04-14T13:35:59,6975,9840,14391,-6611,-6611,806,1308,1285,6977,6977,793,793,7701,6976,7200,7200,7200,7200,6977
2026-04-14T13:36:04,6975,9872,14412,-6608,-6608,761,1265,1243,6975,6975,756,747,7701,6976,7200,7200,7200,7200,6975
2026-04-14T13:36:10,6961,9910,14439,-6606,-6605,806,1302,1272,6961,6961,792,792,7701,6976,7200,7200,7200,7200,6960
2026-04-14T13:36:14,6949,9943,14461,-6603,-6603,806,1295,1279,6949,6950,792,792,7701,6976,7200,7200,7200,7200,6950
2026-04-14T13:36:20,6955,9979,14488,-6600,-6600,806,1302,1285,6955,6956,792,792,7701,6976,7200,7200,7200,7200,6957
2026-04-14T13:36:24,6971,10009,14509,-6598,-6598,806,1315,1285,6978,6978,792,792,7710,6965,7200,7200,7200,7200,6980
2026-04-14T13:36:29,6990,10048,14531,-6595,-6595,805,1300,1278,6990,6990,801,801,7710,6965,7200,7200,7200,7200,6990
2026-04-14T13:36:34,6997,10079,14558,-6593,-6593,806,1313,1291,6997,6997,792,792,7710,6965,7200,7200,7200,7200,6996
2026-04-14T13:36:39,7000,10113,14584,-6591,-6591,806,1292,1276,7000,7000,801,792,7710,6965,7200,7200,7200,7200,7001
2026-04-14T13:36:44,7003,10144,14609,-6588,-6588,761,1267,1250,7003,7003,747,747,7710,6965,7200,7200,7200,7200,7005
2026-04-14T13:36:49,7006,10181,14636,-6586,-6586,806,1297,1282,7006,7005,792,801,7710,6965,7200,7200,7200,7200,7005
2026-04-14T13:36:54,7008,10217,14655,-6583,-6583,805,1293,1277,7008,7007,793,779,7710,6996,7200,7200,7200,7200,7007
2026-04-14T13:36:59,7005,10252,14681,-6580,-6580,806,1288,1293,7005,7005,806,806,7710,6996,7200,7200,7200,7200,7005
2026-04-14T13:37:04,7009,10285,14707,-6578,-6578,761,1266,1243,7012,7012,779,779,7710,6996,7200,7200,7200,7200,7012
2026-04-14T13:37:09,7018,10318,14734,-6576,-6576,806,1323,1293,7018,7018,792,792,7710,6996,7200,7200,7200,7200,7018
2026-04-14T13:37:13,7029,10350,14756,-6573,-6573,806,1295,1270,7029,7029,801,801,7710,6996,7200,7200,7200,7200,7028
2026-04-14T13:37:19,7033,10385,14782,-6571,-6571,806,1282,1269,7035,7036,792,792,7710,6996,7200,7200,7200,7200,7036
2026-04-14T13:37:25,7031,10423,14805,-6568,-6568,806,1294,1271,7031,7029,801,779,7719,7018,7200,7200,7200,7200,7029
2026-04-14T13:37:29,7015,10454,14826,-6566,-6566,806,1301,1270,7015,7013,792,801,7719,7018,7200,7200,7200,7200,7013
2026-04-14T13:37:34,6985,10486,14848,-6563,-6563,806,1299,1269,6981,6981,801,801,7719,7018,7200,7200,7200,7200,6978
2026-04-14T13:37:39,6938,10520,14871,-6561,-6561,806,1300,1270,6938,6938,793,793,7719,7018,7200,7200,7200,7200,6936
2026-04-14T13:37:44,6937,10559,14897,-6558,-6558,806,1308,1278,6937,6938,792,792,7719,7018,7200,7200,7200,7200,6938
2026-04-14T13:37:49,6945,10592,14916,-6555,-6555,806,1286,1272,6945,6945,801,792,7719,7018,7200,7200,7200,7200,6945
2026-04-14T13:37:55,6893,10627,14942,-6553,-6553,851,1316,1302,6887,6887,837,837,7719,6967,7200,7200,7200,7200,6882
2026-04-14T13:37:59,6832,10658,14959,-6551,-6551,806,1300,1284,6832,6832,793,793,7719,6967,7200,7200,7200,7200,6831
2026-04-14T13:38:04,6818,10694,14986,-6548,-6548,806,1306,1290,6817,6817,793,801,7719,6967,7200,7200,7200,7200,6818
2026-04-14T13:38:09,6834,10726,15011,-6546,-6546,851,1352,1321,6834,6834,838,823,7719,6967,7200,7200,7200,7200,6837
2026-04-14T13:38:14,6884,10762,15039,-6543,-6543,806,1321,1283,6884,6884,792,793,7719,6967,7200,7200,7200,7200,6889
2026-04-14T13:38:19,6914,10795,15060,-6541,-6541,806,1291,1282,6914,6917,793,801,7719,6967,7200,7200,7200,7200,6917
2026-04-14T13:38:24,6940,10829,15082,-6538,-6538,806,1316,1284,6940,6940,801,770,7728,6863,7200,7200,7200,7200,6942
2026-04-14T13:38:29,6966,10861,15109,-6536,-6536,806,1291,1268,6966,6967,792,792,7728,6863,7200,7200,7200,7200,6967
2026-04-14T13:38:35,6976,10901,15132,-6533,-6533,806,1298,1268,6977,6977,792,792,7728,6863,7200,7200,7200,7200,6977
2026-04-14T13:38:39,6989,10930,15153,-6531,-6531,806,1290,1266,6989,6989,801,801,7728,6863,7200,7200,7200,7200,6989
2026-04-14T13:38:44,6995,10965,15171,-6528,-6528,851,1329,1308,6996,6996,837,837,7728,6863,7200,7200,7200,7200,6996
2026-04-14T13:38:49,7006,11002,15199,-6525,-6525,806,1311,1268,7006,6997,792,802,7728,6863,7200,7200,7200,7200,7006
2026-04-14T13:38:54,7017,11035,15224,-6523,-6523,806,1306,1275,7014,7014,792,814,7728,6982,7200,7200,7200,7200,7014
2026-04-14T13:38:59,7018,11069,15247,-6521,-6521,806,1312,1282,7018,7018,794,794,7728,6982,7200,7200,7200,7200,7018
2026-04-14T13:39:04,7017,11100,15272,-6518,-6518,580,1138,1122,7017,7017,567,567,7728,6982,7200,7200,7200,7200,7016
2026-04-14T13:39:09,7022,11135,15290,-6516,-6516,580,1142,1103,7022,7022,567,567,7728,6982,7200,7200,7200,7200,7022
2026-04-14T13:39:14,7027,11168,15316,-6513,-6513,580,1143,1113,7027,7027,567,567,7728,6982,7200,7200,7200,7200,7027
2026-04-14T13:39:19,7019,11204,15344,-6511,-6511,357,996,973,7017,7017,330,330,7728,6982,7200,7200,7200,7200,7016
2026-04-14T13:39:25,6992,11240,15365,-6508,-6508,357,1004,974,6992,6988,343,343,7738,7018,7200,7200,7200,7200,6985
2026-04-14T13:39:30,6949,11275,15392,-6505,-6505,357,992,975,6949,6946,343,343,7738,7018,7200,7200,7200,7200,6941
2026-04-14T13:39:34,6895,11305,15412,-6503,-6503,357,995,974,6893,6893,352,343,7738,7018,7200,7200,7200,7200,6893
2026-04-14T13:39:39,6884,11340,15439,-6501,-6501,357,1004,974,6887,6887,352,352,7738,7018,7200,7200,7200,7200,6889
2026-04-14T13:39:44,6911,11373,15465,-6498,-6498,178,570,541,6911,6911,165,165,7738,7018,7200,7200,7200,7200,6913
2026-04-14T13:39:49,6920,11410,15487,-6496,-6496,178,549,533,6920,6920,151,151,7738,7018,7200,7200,7200,7200,6920
2026-04-14T13:39:55,6900,11445,15514,-6493,-6493,178,557,534,6899,6895,151,151,7738,6921,7200,7200,7200,7200,6895
2026-04-14T13:39:59,6838,11476,15541,-6491,-6491,178,573,534,6838,6838,165,165,7738,6921,7200,7200,7200,7200,6833
2026-04-14T13:40:04,6780,11507,15566,-6488,-6488,178,557,541,6778,6778,165,151,7738,6921,7200,7200,7200,7200,6778
2026-04-14T13:40:09,6788,11545,15581,-6486,-6486,178,557,541,6788,6790,151,151,7738,6921,7200,7200,7200,7200,6793
2026-04-14T13:40:14,6837,11578,15606,-6483,-6483,178,557,541,6837,6837,151,165,7738,6921,7200,7200,7200,7200,6840
2026-04-14T13:40:19,6894,11612,15633,-6481,-6481,178,564,534,6898,6898,151,151,7738,6921,7200,7200,7200,7200,6900
2026-04-14T13:40:24,6939,11647,15659,-6478,-6478,178,557,534,6939,6944,165,165,7748,6840,7200,7200,7200,7200,6949
2026-04-14T13:40:29,6981,11681,15678,-6476,-6476,0,248,278,6981,6981,17,17,7748,6840,7200,7200,7200,7200,6981
2026-04-14T13:40:41,6978,11761,15731,-6470,-6470,0,239,271,6978,6978,0,0,7748,6840,7200,7200,7200,7200,6975
2026-04-14T13:40:46,6971,11795,15753,-6467,-6467,0,241,278,6972,6972,0,0,7748,6840,7200,7200,7200,7200,6971
2026-04-14T13:40:51,6952,11831,15776,-6465,-6465,0,247,270,6952,6951,0,0,7748,6840,7200,7200,7200,7200,6948
2026-04-14T13:40:56,6906,11865,15798,-6462,-6462,0,268,279,6905,6905,0,0,7748,6971,7200,7200,7200,7200,6902
2026-04-14T13:41:02,6888,11901,15821,-6459,-6459,0,258,288,6888,6888,0,0,7748,6971,7200,7200,7200,7200,6888
2026-04-14T13:41:06,6876,11935,15847,-6457,-6457,0,258,288,6861,6865,0,0,7748,6971,7200,7200,7200,7200,6865
2026-04-14T13:41:12,6861,11969,15873,-6454,-6454,0,248,271,6861,6863,0,0,7748,6971,7200,7200,7200,7200,6863
2026-04-14T13:41:16,6887,12001,15895,-6452,-6452,0,258,281,6887,6887,0,0,7748,6971,7200,7200,7200,7200,6904
2026-04-14T13:41:22,6915,12039,15918,-6449,-6449,0,249,272,6915,6913,0,0,7759,6971,7200,7200,7200,7200,6913
2026-04-14T13:41:26,6877,12067,15943,-6447,-6447,0,256,279,6872,6872,0,0,7759,6889,7200,7200,7200,7200,6872
2026-04-14T13:41:31,6782,12104,15966,-6445,-6445,0,241,271,6782,6782,0,0,7759,6889,7200,7200,7200,7200,6753
2026-04-14T13:41:36,6701,12139,15991,-6442,-6442,0,255,272,6701,6701,0,0,7759,6889,7200,7200,7200,7200,6701
2026-04-14T13:41:41,6733,12171,16018,-6440,-6440,0,249,279,6738,6738,0,0,7759,6889,7200,7200,7200,7200,6741
2026-04-14T13:41:46,6763,12206,16044,-6437,-6437,0,242,272,6763,6762,0,0,7759,6889,7200,7200,7200,7200,6762
2026-04-14T13:41:52,6739,12242,16068,-6434,-6434,0,242,282,6736,6736,0,0,7759,6889,7200,7200,7200,7200,6736
2026-04-14T13:41:55,6708,12271,16087,-6432,-6432,0,241,272,6707,6707,0,0,7759,6768,7200,7200,7200,7200,6704
2026-04-14T13:42:01,6681,12311,16115,-6429,-6429,0,249,272,6671,6671,0,0,7759,6768,7200,7200,7200,7200,6675
2026-04-14T13:42:06,6717,12342,16136,-6427,-6427,0,249,279,6717,6717,0,0,7759,6768,7200,7200,7200,7200,6722
2026-04-14T13:42:12,6801,12378,16159,-6424,-6424,0,242,272,6801,6801,0,0,7759,6768,7200,7200,7200,7200,6808
2026-04-14T13:42:17,6854,12411,16185,-6422,-6422,0,231,270,6854,6858,8,8,7759,6768,7200,7200,7200,7200,6858
2026-04-14T13:42:21,6887,12442,16206,-6420,-6420,0,249,279,6888,6888,0,0,7759,6768,7200,7200,7200,7200,6891
2026-04-14T13:42:33,6806,12525,16247,-6414,-6414,0,255,271,6803,6803,0,0,7769,6770,7200,7200,7200,7200,6800
2026-04-14T13:42:38,6801,12558,16261,-6411,-6411,0,241,270,6801,6802,0,0,7769,6770,7200,7200,7200,7200,6806
2026-04-14T13:42:43,6817,12594,16279,-6409,-6409,0,265,279,6817,6816,0,0,7769,6770,7200,7200,7200,7200,6816
2026-04-14T13:42:48,6795,12629,16297,-6406,-6406,0,247,279,6795,6795,0,0,7769,6770,7200,7200,7200,7200,6795
2026-04-14T13:42:53,6801,12661,16319,-6404,-6404,0,248,271,6801,6801,0,0,7769,6822,7200,7200,7200,7200,6817
2026-04-14T13:42:59,6877,12699,16346,-6401,-6401,0,248,271,6884,6884,0,0,7769,6822,7200,7200,7200,7200,6891
2026-04-14T13:43:03,6967,12732,16366,-6399,-6399,0,246,271,6967,6973,0,0,7769,6822,7200,7200,7200,7200,6973
2026-04-14T13:43:08,7010,12763,16389,-6396,-6396,0,242,272,7012,7012,0,0,7769,6822,7200,7200,7200,7200,7012
2026-04-14T13:43:13,7016,12800,16412,-6394,-6393,0,249,272,7016,7016,0,0,7769,6822,7200,7200,7200,7200,7014
2026-04-14T13:43:19,7006,12836,16430,-6391,-6391,0,246,272,7006,7006,0,0,7769,6822,7200,7200,7200,7200,6986
2026-04-14T13:43:23,6964,12865,16446,-6389,-6389,0,249,279,6961,6961,0,0,7780,6959,7200,7200,7200,7200,6958
2026-04-14T13:43:28,6941,12901,16474,-6386,-6386,0,224,270,6941,6939,0,0,7780,6959,7200,7200,7200,7200,6937
2026-04-14T13:43:33,6937,12935,16500,-6384,-6384,0,255,278,6937,6937,0,0,7780,6959,7200,7200,7200,7200,6936
2026-04-14T13:43:38,6927,12970,16527,-6381,-6381,0,231,271,6927,6925,0,0,7780,6959,7200,7200,7200,7200,6925
2026-04-14T13:43:43,6923,13001,16543,-6379,-6379,0,255,278,6923,6923,8,8,7780,6959,7200,7200,7200,7200,6923
2026-04-14T13:43:48,6927,13037,16571,-6376,-6376,0,248,287,6927,6929,0,0,7780,6959,7200,7200,7200,7200,6929
2026-04-14T13:43:53,6928,13068,16598,-6374,-6374,0,256,279,6928,6927,0,0,7780,6931,7200,7200,7200,7200,6928
2026-04-14T13:43:57,6926,13102,16619,-6371,-6371,0,263,272,6926,6926,0,0,7780,6931,7200,7200,7200,7200,6927
2026-04-14T13:44:03,6934,13140,16642,-6369,-6369,0,241,272,6934,6936,0,0,7780,6931,7200,7200,7200,7200,6934
2026-04-14T13:44:08,6945,13175,16660,-6366,-6366,0,241,271,6945,6945,0,0,7780,6931,7200,7200,7200,7200,6945
2026-04-14T13:44:13,6951,13208,16673,-6364,-6364,0,231,278,6951,6951,0,0,7780,6931,7200,7200,7200,7200,6951
2026-04-14T13:44:18,6954,13241,16699,-6361,-6361,0,241,272,6954,6952,0,0,7780,6931,7200,7200,7200,7200,6953
2026-04-14T13:44:23,6955,13273,16725,-6359,-6359,0,262,271,6955,6957,0,0,7791,6941,7200,7200,7200,7200,6953
2026-04-14T13:44:28,6941,13307,16747,-6356,-6356,0,255,271,6930,6930,0,0,7791,6941,7200,7200,7200,7200,6927
2026-04-14T13:44:33,6906,13346,16775,-6353,-6353,0,248,278,6905,6906,0,0,7791,6941,7200,7200,7200,7200,6906
2026-04-14T13:44:38,6929,13379,16796,-6351,-6351,0,249,278,6929,6929,0,0,7791,6941,7200,7200,7200,7200,6931
2026-04-14T13:44:42,6964,13410,16823,-6349,-6349,0,255,278,6964,6964,0,0,7791,6941,7200,7200,7200,7200,6966
2026-04-14T13:44:48,6975,13447,16846,-6346,-6346,0,248,278,6975,6975,0,0,7791,6941,7200,7200,7200,7200,6976
2026-04-14T13:44:53,6900,13480,16862,-6344,-6344,0,248,278,6900,6900,0,0,7791,6937,7200,7200,7200,7200,6926
2026-04-14T13:44:57,6948,13511,16884,-6341,-6341,0,269,278,6948,6947,0,0,7791,6937,7200,7200,7200,7200,6947
2026-04-14T13:45:03,6949,13546,16907,-6339,-6339,0,248,271,6949,6949,0,0,7791,6937,7200,7200,7200,7200,6949
2026-04-14T13:45:07,6945,13579,16933,-6336,-6336,0,256,272,6945,6945,0,0,7791,6937,7200,7200,7200,7200,6945
2026-04-14T13:45:13,6939,13616,16951,-6334,-6334,0,262,278,6939,6939,0,0,7791,6937,7200,7200,7200,7200,6939
2026-04-14T13:45:18,6939,13650,16973,-6331,-6331,0,248,270,6939,6938,0,0,7791,6937,7200,7200,7200,7200,6939
2026-04-14T13:45:22,6940,13681,16999,-6329,-6329,0,255,278,6940,6940,0,0,7802,6942,7200,7200,7200,7200,6942
2026-04-14T13:45:27,6951,13715,17025,-6326,-6326,0,240,270,6948,6948,0,0,7802,6942,7200,7200,7200,7200,6947
2026-04-14T13:45:32,6950,13750,17043,-6324,-6324,0,246,269,6950,6950,0,0,7802,6942,7200,7200,7200,7200,6949
2026-04-14T13:45:38,6948,13786,17062,-6321,-6321,0,233,270,6948,6948,0,0,7802,6942,7200,7200,7200,7200,6945
2026-04-14T13:45:43,6943,13820,17080,-6319,-6319,0,254,270,6943,6943,0,0,7802,6942,7200,7200,7200,7200,6943
2026-04-14T13:45:48,6929,13858,17093,-6316,-6316,0,254,277,6929,6929,0,0,7802,6942,7200,7200,7200,7200,6929
2026-04-14T13:45:53,6921,13889,17119,-6314,-6314,0,248,278,6921,6921,0,0,7802,6942,7200,7200,7200,7200,6921
2026-04-14T13:45:58,6902,13921,17142,-6311,-6311,0,262,278,6902,6902,0,0,7802,6942,7200,7200,7200,7200,6902
2026-04-14T13:46:02,6883,13953,17162,-6309,-6309,0,247,270,6881,6881,0,0,7802,6942,7200,7200,7200,7200,6881
2026-04-14T13:46:08,6872,13991,17186,-6306,-6306,0,233,270,6873,6873,0,0,7802,6942,7200,7200,7200,7200,6871
2026-04-14T13:46:13,6870,14024,17211,-6304,-6304,0,248,278,6870,6870,0,0,7802,6942,7200,7200,7200,7200,6871
2026-04-14T13:46:18,6869,14056,17229,-6301,-6301,0,254,270,6869,6869,0,0,7802,6942,7200,7200,7200,7200,6870
2026-04-14T13:46:23,6874,14091,17255,-6299,-6299,0,255,278,6872,6872,0,0,7812,6881,7200,7200,7200,7200,6875
2026-04-14T13:46:28,6712,14126,17282,-6296,-6296,0,247,270,6741,6741,0,0,7812,6881,7200,7200,7200,7200,6742
2026-04-14T13:46:33,6867,14160,17304,-6294,-6294,0,240,270,6867,6867,0,0,7812,6881,7200,7200,7200,7200,6867
2026-04-14T13:46:39,6875,14199,17326,-6291,-6291,0,251,270,6875,6875,0,0,7812,6881,7200,7200,7200,7200,6875
2026-04-14T13:46:43,6865,14230,17349,-6289,-6289,0,259,277,6873,6873,0,0,7812,6881,7200,7200,7200,7200,6876
2026-04-14T13:46:48,6882,14263,17376,-6286,-6286,0,247,277,6882,6884,8,0,7812,6881,7200,7200,7200,7200,6884
2026-04-14T13:46:52,6877,14296,17400,-6284,-6284,0,266,286,6877,6877,0,0,7812,6865,7200,7200,7200,7200,6875
2026-04-14T13:46:58,6866,14335,17423,-6281,-6281,0,256,287,6864,6864,0,0,7812,6865,7200,7200,7200,7200,6862
2026-04-14T13:47:03,6848,14365,17440,-6279,-6279,0,263,286,6839,6839,0,0,7812,6865,7200,7200,7200,7200,6839
2026-04-14T13:47:08,6829,14402,17468,-6276,-6276,0,273,296,6827,6827,0,0,7812,6865,7200,7200,7200,7200,6825
2026-04-14T13:47:13,6818,14433,17494,-6274,-6274,0,274,297,6815,6815,0,0,7812,6865,7200,7200,7200,7200,6814
2026-04-14T13:47:18,6815,14470,17521,-6271,-6271,0,250,286,6815,6815,0,0,7812,6865,7200,7200,7200,7200,6815
2026-04-14T13:47:23,6811,14504,17547,-6269,-6269,0,256,286,6812,6812,0,0,7823,6834,7200,7200,7200,7200,6812
2026-04-14T13:47:28,6824,14536,17574,-6266,-6266,0,264,287,6825,6825,0,0,7823,6834,7200,7200,7200,7200,6826
2026-04-14T13:47:33,6837,14568,17595,-6264,-6264,0,254,277,6837,6837,0,0,7823,6834,7200,7200,7200,7200,6837
2026-04-14T13:47:38,6836,14604,17622,-6261,-6261,0,262,287,6836,6836,0,0,7823,6834,7200,7200,7200,7200,6835
2026-04-14T13:47:43,6850,14637,17643,-6259,-6259,0,247,286,6850,6850,0,0,7823,6834,7200,7200,7200,7200,6852
2026-04-14T13:47:48,6854,14672,17667,-6256,-6256,0,241,278,6854,6864,0,0,7823,6834,7200,7200,7200,7200,6864
2026-04-14T13:47:53,6887,14709,17693,-6254,-6254,0,265,278,6887,6887,0,0,7823,6841,7200,7200,7200,7200,6889
2026-04-14T13:47:59,6894,14744,17706,-6251,-6251,0,249,278,6894,6894,0,0,7823,6841,7200,7200,7200,7200,6894
2026-04-14T13:48:03,6920,14776,17728,-6249,-6249,0,255,278,6920,6920,0,0,7823,6841,7200,7200,7200,7200,6921
2026-04-14T13:48:09,6930,14812,17747,-6246,-6246,0,248,279,6932,6932,0,0,7823,6841,7200,7200,7200,7200,6932
2026-04-14T13:48:12,6935,14841,17772,-6244,-6244,0,248,278,6935,6935,0,0,7823,6841,7200,7200,7200,7200,6933
2026-04-14T13:48:18,6927,14877,17800,-6241,-6241,0,248,278,6927,6927,0,0,7823,6841,7200,7200,7200,7200,6926
2026-04-14T13:48:23,6921,14910,17821,-6239,-6239,0,248,288,6921,6921,0,0,7833,6918,7200,7200,7200,7200,6921
2026-04-14T13:48:28,6929,14942,17845,-6236,-6236,0,258,278,6931,6931,0,0,7833,6918,7200,7200,7200,7200,6931
2026-04-14T13:48:33,6947,14977,17865,-6234,-6234,0,248,288,6947,6947,0,0,7833,6918,7200,7200,7200,7200,6947
2026-04-14T13:48:39,6954,15016,17885,-6231,-6231,0,248,278,6954,6954,0,0,7833,6918,7200,7200,7200,7200,6954
2026-04-14T13:48:43,6953,15046,17910,-6229,-6229,0,253,276,6953,6953,0,0,7833,6918,7200,7200,7200,7200,6953
2026-04-14T13:48:48,6947,15082,17924,-6226,-6226,0,248,278,6947,6947,0,0,7833,6918,7200,7200,7200,7200,6947
2026-04-14T13:48:53,6954,15115,17949,-6224,-6224,0,241,278,6954,6954,0,0,7833,6944,7200,7200,7200,7200,6951
2026-04-14T13:48:58,6953,15150,17966,-6221,-6221,0,248,278,6953,6953,0,0,7833,6944,7200,7200,7200,7200,6953
2026-04-14T13:49:03,6968,15185,17990,-6218,-6218,0,265,288,6968,6968,0,0,7833,6944,7200,7200,7200,7200,6967
2026-04-14T13:49:08,6972,15220,18017,-6216,-6216,0,248,278,6972,6972,0,0,7833,6944,7200,7200,7200,7200,6971
2026-04-14T13:49:12,6961,15250,18038,-6214,-6214,0,241,278,6961,6961,0,0,7833,6944,7200,7200,7200,7200,6962
2026-04-14T13:49:19,6944,15289,18062,-6211,-6211,0,247,278,6944,6944,0,0,7833,6944,7200,7200,7200,7200,6944
2026-04-14T13:49:23,6938,15317,18082,-6209,-6209,0,255,279,6938,6938,0,0,7844,6957,7200,7200,7200,7200,6937
2026-04-14T13:49:28,6920,15354,18104,-6206,-6206,0,248,278,6920,6920,0,0,7844,6957,7200,7200,7200,7200,6919
2026-04-14T13:49:33,6920,15390,18122,-6204,-6204,0,225,272,6920,6920,0,0,7844,6957,7200,7200,7200,7200,6920
2026-04-14T13:49:38,6932,15424,18145,-6201,-6201,0,255,278,6932,6932,0,0,7844,6957,7200,7200,7200,7200,6931
2026-04-14T13:49:42,6928,15453,18170,-6199,-6199,0,255,278,6928,6928,0,0,7844,6957,7200,7200,7200,7200,6928
2026-04-14T13:49:48,6921,15489,18192,-6196,-6196,0,248,278,6921,6921,0,0,7844,6957,7200,7200,7200,7200,6921
2026-04-14T13:49:53,6917,15525,18214,-6194,-6194,0,255,271,6917,6917,0,0,7844,6925,7200,7200,7200,7200,6916
2026-04-14T13:49:59,6909,15560,18238,-6191,-6191,0,248,278,6907,6907,0,0,7844,6925,7200,7200,7200,7200,6907
2026-04-14T13:50:03,6904,15592,18259,-6189,-6189,0,248,271,6904,6904,0,0,7844,6925,7200,7200,7200,7200,6904
2026-04-14T13:50:07,6906,15625,18281,-6186,-6186,0,241,271,6916,6919,0,0,7844,6925,7200,7200,7200,7200,6919
2026-04-14T13:50:13,6926,15661,18300,-6184,-6184,0,248,278,6926,6926,0,0,7844,6925,7200,7200,7200,7200,6909
2026-04-14T13:50:18,6923,15694,18322,-6181,-6181,0,246,278,6923,6923,0,0,7844,6925,7200,7200,7200,7200,6923
2026-04-14T13:50:23,6919,15729,18348,-6179,-6179,0,248,288,6920,6920,0,0,7855,6915,7200,7200,7200,7200,6919
2026-04-14T13:50:28,6914,15762,18369,-6176,-6176,0,248,271,6914,6914,0,0,7855,6915,7200,7200,7200,7200,6911
2026-04-14T13:50:33,6914,15796,18391,-6174,-6174,0,248,278,6914,6914,0,0,7855,6915,7200,7200,7200,7200,6914
2026-04-14T13:50:39,6916,15834,18418,-6171,-6171,0,239,278,6916,6916,0,0,7855,6915,7200,7200,7200,7200,6918
2026-04-14T13:50:42,6906,15864,18435,-6169,-6169,0,239,278,6906,6906,0,0,7855,6915,7200,7200,7200,7200,6907
2026-04-14T13:50:48,6904,15900,18455,-6166,-6166,0,255,278,6904,6904,0,0,7855,6915,7200,7200,7200,7200,6904
2026-04-14T13:50:53,6895,15932,18480,-6164,-6164,0,248,271,6893,6893,0,0,7855,6908,7200,7200,7200,7200,6889
2026-04-14T13:50:58,6875,15968,18508,-6161,-6161,0,256,270,6875,6873,0,0,7855,6908,7200,7200,7200,7200,6873
2026-04-14T13:51:02,6861,16000,18532,-6159,-6159,0,246,278,6861,6861,0,0,7855,6908,7200,7200,7200,7200,6860
2026-04-14T13:51:09,6847,16039,18557,-6156,-6156,0,264,271,6845,6845,0,0,7855,6908,7200,7200,7200,7200,6844
2026-04-14T13:51:12,6835,16067,18573,-6154,-6154,0,264,271,6835,6835,0,0,7855,6908,7200,7200,7200,7200,6838
2026-04-14T13:51:18,6843,16107,18592,-6151,-6151,0,248,270,6843,6843,0,0,7855,6908,7200,7200,7200,7200,6845
2026-04-14T13:51:23,6851,16140,18613,-6149,-6148,0,248,278,6851,6853,0,0,7866,6854,7200,7200,7200,7200,6853
2026-04-14T13:51:28,6855,16171,18639,-6146,-6146,0,241,270,6855,6855,0,0,7866,6854,7200,7200,7200,7200,6855
2026-04-14T13:51:33,6847,16203,18661,-6144,-6144,0,240,270,6847,6847,0,0,7866,6854,7200,7200,7200,7200,6847
2026-04-14T13:51:39,6825,16245,18685,-6141,-6141,0,238,270,6822,6822,0,0,7866,6854,7200,7200,7200,7200,6820
2026-04-14T13:51:43,6827,16276,18711,-6139,-6138,0,255,278,6827,6827,0,8,7866,6854,7200,7200,7200,7200,6830
2026-04-14T13:51:48,6847,16311,18733,-6136,-6136,0,240,277,6846,6846,0,0,7866,6854,7200,7200,7200,7200,6846
2026-04-14T13:51:52,6849,16340,18757,-6134,-6134,0,233,270,6847,6847,0,0,7866,6840,7200,7200,7200,7200,6847
2026-04-14T13:51:59,6850,16379,18777,-6131,-6131,0,239,278,6850,6851,0,0,7866,6840,7200,7200,7200,7200,6851
2026-04-14T13:52:03,6851,16409,18802,-6129,-6129,0,245,270,6851,6849,0,0,7866,6840,7200,7200,7200,7200,6849
2026-04-14T13:52:08,6840,16443,18829,-6126,-6126,0,255,287,6839,6839,0,0,7866,6840,7200,7200,7200,7200,6839
2026-04-14T13:52:12,6830,16477,18851,-6124,-6124,0,240,270,6830,6830,0,0,7866,6840,7200,7200,7200,7200,6831
2026-04-14T13:52:18,6839,16516,18880,-6121,-6121,0,230,270,6839,6839,0,0,7866,6840,7200,7200,7200,7200,6840
2026-04-14T13:52:22,6842,16545,18899,-6119,-6119,0,231,270,6842,6842,8,8,7876,6841,7200,7200,7200,7200,6842
2026-04-14T13:52:28,6840,16585,18927,-6116,-6116,0,248,270,6839,6839,0,0,7876,6841,7200,7200,7200,7200,6841
2026-04-14T13:52:32,6856,16613,18952,-6114,-6114,0,239,270,6856,6858,0,0,7876,6841,7200,7200,7200,7200,6858
2026-04-14T13:52:38,6878,16651,18967,-6111,-6111,0,254,270,6878,6878,0,0,7876,6841,7200,7200,7200,7200,6878
2026-04-14T13:52:43,6882,16683,18988,-6109,-6109,0,241,271,6881,6881,0,0,7876,6841,7200,7200,7200,7200,6881
2026-04-14T13:52:48,6876,16715,19010,-6106,-6106,0,249,278,6876,6876,0,0,7876,6841,7200,7200,7200,7200,6878
2026-04-14T13:52:53,6886,16751,19036,-6104,-6104,0,234,271,6886,6886,0,0,7876,6866,7200,7200,7200,7200,6885
2026-04-14T13:52:58,6886,16786,19059,-6101,-6101,0,250,278,6886,6884,0,0,7876,6866,7200,7200,7200,7200,6884
2026-04-14T13:53:02,6878,16816,19085,-6099,-6099,0,248,278,6876,6876,0,0,7876,6866,7200,7200,7200,7200,6876
2026-04-14T13:53:08,6870,16855,19107,-6096,-6096,0,259,270,6870,6870,0,0,7876,6866,7200,7200,7200,7200,6870
2026-04-14T13:53:14,6867,16890,19130,-6093,-6093,0,238,270,6865,6865,0,0,7876,6866,7200,7200,7200,7200,6865
2026-04-14T13:53:18,6858,16921,19143,-6091,-6091,0,247,270,6858,6858,0,0,7876,6866,7200,7200,7200,7200,6858
2026-04-14T13:53:23,6841,16958,19170,-6089,-6088,0,232,278,6841,6841,0,0,7887,6869,7200,7200,7200,7200,6838
2026-04-14T13:53:28,6836,16990,19187,-6086,-6086,0,248,278,6836,6836,0,0,7887,6869,7200,7200,7200,7200,6836
2026-04-14T13:53:32,6837,17021,19209,-6084,-6084,0,233,270,6838,6838,0,0,7887,6869,7200,7200,7200,7200,6838
2026-04-14T13:53:38,6843,17057,19232,-6081,-6081,0,247,278,6843,6844,0,0,7887,6869,7200,7200,7200,7200,6844
2026-04-14T13:53:42,6843,17090,19253,-6079,-6079,0,262,278,6843,6842,0,0,7887,6869,7200,7200,7200,7200,6841
2026-04-14T13:53:48,6833,17128,19272,-6076,-6076,0,225,271,6831,6831,8,8,7887,6869,7200,7200,7200,7200,6828
2026-04-14T13:53:53,6824,17161,19289,-6074,-6074,0,247,270,6824,6824,0,0,7887,6836,7200,7200,7200,7200,6824
2026-04-14T13:53:59,6822,17195,19312,-6071,-6071,0,254,270,6822,6822,0,0,7887,6836,7200,7200,7200,7200,6822
2026-04-14T13:54:03,6821,17231,19330,-6068,-6069,0,239,271,6821,6817,0,0,7887,6836,7200,7200,7200,7200,6818
2026-04-14T13:54:07,6825,17261,19345,-6066,-6066,0,241,278,6826,6826,0,0,7887,6836,7200,7200,7200,7200,6826
2026-04-14T13:54:14,6822,17299,19362,-6063,-6063,0,240,270,6822,6823,0,0,7887,6836,7200,7200,7200,7200,6824
2026-04-14T13:54:18,6827,17332,19387,-6061,-6061,0,247,278,6827,6825,8,0,7887,6836,7200,7200,7200,7200,6827
2026-04-14T13:54:23,6838,17366,19414,-6059,-6059,0,241,271,6838,6839,0,0,7897,6824,7200,7200,7200,7200,6841
2026-04-14T13:54:27,6855,17398,19431,-6056,-6056,0,233,270,6863,6863,0,0,7897,6824,7200,7200,7200,7200,6863
2026-04-14T13:54:32,6868,17430,19457,-6054,-6054,0,240,278,6868,6868,0,0,7897,6824,7200,7200,7200,7200,6867
2026-04-14T13:54:38,6866,17464,19483,-6051,-6051,0,261,270,6866,6866,0,0,7897,6824,7200,7200,7200,7200,6867
2026-04-14T13:54:43,6865,17501,19499,-6049,-6049,0,254,270,6865,6865,0,0,7897,6824,7200,7200,7200,7200,6865
2026-04-14T13:54:48,6872,17536,19520,-6046,-6046,0,261,270,6874,6874,0,0,7897,6824,7200,7200,7200,7200,6875
2026-04-14T13:54:54,6877,17573,19538,-6043,-6043,0,247,270,6877,6877,0,0,7897,6864,7200,7200,7200,7200,6875
2026-04-14T13:54:58,6867,17605,19564,-6041,-6041,0,247,270,6865,6865,0,0,7897,6864,7200,7200,7200,7200,6863
2026-04-14T13:55:03,6856,17639,19581,-6039,-6039,0,244,276,6856,6856,0,0,7897,6864,7200,7200,7200,7200,6855
2026-04-14T13:55:08,6858,17674,19605,-6036,-6036,0,240,270,6858,6858,0,0,7897,6864,7200,7200,7200,7200,6860
2026-04-14T13:55:13,6866,17707,19627,-6034,-6034,0,240,270,6866,6868,0,0,7897,6864,7200,7200,7200,7200,6868
2026-04-14T13:55:18,6870,17741,19644,-6031,-6031,0,238,269,6870,6870,0,0,7897,6864,7200,7200,7200,7200,6870
2026-04-14T13:55:23,6870,17775,19665,-6029,-6029,0,240,270,6869,6869,0,0,7907,6864,7200,7200,7200,7200,6869
2026-04-14T13:55:29,6860,17810,19684,-6026,-6026,0,249,270,6861,6861,0,0,7907,6864,7200,7200,7200,7200,6861
2026-04-14T13:55:33,6848,17840,19709,-6024,-6024,0,264,278,6847,6847,0,0,7907,6864,7200,7200,7200,7200,6847
2026-04-14T13:55:38,6841,17878,19737,-6021,-6021,0,254,270,6841,6841,0,0,7907,6864,7200,7200,7200,7200,6841
2026-04-14T13:55:44,6839,17912,19763,-6018,-6018,0,247,270,6839,6839,0,0,7907,6864,7200,7200,7200,7200,6837
2026-04-14T13:55:49,6840,17945,19790,-6016,-6016,0,247,270,6840,6840,0,0,7907,6864,7200,7200,7200,7200,6841
2026-04-14T13:55:53,6840,17978,19807,-6014,-6014,0,262,278,6840,6840,0,0,7907,6846,7200,7200,7200,7200,6840
2026-04-14T13:55:58,6836,18012,19833,-6011,-6011,0,254,277,6836,6836,0,0,7907,6846,7200,7200,7200,7200,6837
2026-04-14T13:56:03,6829,18046,19860,-6009,-6009,0,247,270,6828,6828,0,0,7907,6846,7200,7200,7200,7200,6830
2026-04-14T13:56:08,6830,18083,19877,-6006,-6006,0,240,271,6830,6829,0,0,7907,6846,7200,7200,7200,7200,6829
2026-04-14T13:56:13,6833,18115,19895,-6004,-6004,0,271,278,6833,6833,0,0,7907,6846,7200,7200,7200,7200,6833
2026-04-14T13:56:18,6834,18150,19917,-6001,-6001,0,262,270,6833,6833,0,0,7907,6846,7200,7200,7200,7200,6835
2026-04-14T13:56:23,6839,18181,19944,-5999,-5999,0,248,271,6838,6836,0,0,7918,6832,7200,7200,7200,7200,6836
2026-04-14T13:56:28,6836,18220,19970,-5996,-5996,0,255,281,6840,6840,0,0,7918,6832,7200,7200,7200,7200,6838
2026-04-14T13:56:34,6836,18255,19993,-5993,-5993,0,269,278,6836,6836,0,0,7918,6832,7200,7200,7200,7200,6836
2026-04-14T13:56:38,6834,18285,20014,-5991,-5991,0,241,278,6834,6834,0,0,7918,6832,7200,7200,7200,7200,6834
2026-04-14T13:56:44,6837,18324,20037,-5988,-5988,0,255,271,6838,6838,0,0,7918,6832,7200,7200,7200,7200,6839
2026-04-14T13:56:49,6837,18356,20063,-5986,-5986,0,234,271,6837,6837,0,0,7918,6832,7200,7200,7200,7200,6836
2026-04-14T13:56:54,6843,18390,20089,-5983,-5983,0,241,271,6843,6843,0,0,7918,6837,7200,7200,7200,7200,6843
2026-04-14T13:56:58,6849,18421,20106,-5981,-5981,0,241,288,6849,6849,0,0,7918,6837,7200,7200,7200,7200,6848
2026-04-14T13:57:03,6852,18454,20124,-5979,-5979,0,255,271,6852,6852,0,0,7918,6837,7200,7200,7200,7200,6852
2026-04-14T13:57:08,6847,18492,20152,-5976,-5976,0,251,281,6847,6853,0,0,7918,6837,7200,7200,7200,7200,6853
2026-04-14T13:57:13,6864,18524,20177,-5974,-5974,0,251,281,6865,6865,0,0,7918,6837,7200,7200,7200,7200,6865
2026-04-14T13:57:19,6874,18560,20195,-5971,-5971,0,255,278,6877,6877,0,0,7918,6837,7200,7200,7200,7200,6878
2026-04-14T13:57:24,6878,18596,20218,-5968,-5968,0,255,278,6878,6878,0,0,7928,6858,7200,7200,7200,7200,6878
2026-04-14T13:57:35,6872,18675,20277,-5963,-5963,0,241,271,6872,6872,0,0,7928,6858,7200,7200,7200,7200,6872
2026-04-14T13:57:40,6865,18708,20299,-5960,-5960,0,255,271,6865,6865,0,8,7928,6858,7200,7200,7200,7200,6865
2026-04-14T13:57:46,6859,18745,20326,-5957,-5957,0,241,278,6858,6858,0,0,7928,6858,7200,7200,7200,7200,6860
2026-04-14T13:57:51,6862,18780,20348,-5955,-5955,0,248,270,6862,6862,0,0,7928,6858,7200,7200,7200,7200,6862
2026-04-14T13:57:55,6861,18812,20366,-5952,-5952,0,224,271,6842,6842,0,0,7928,6867,7200,7200,7200,7200,6861
2026-04-14T13:58:01,6872,18849,20387,-5950,-5950,0,240,278,6872,6858,0,0,7928,6867,7200,7200,7200,7200,6868
2026-04-14T13:58:05,6877,18878,20405,-5948,-5948,0,247,270,6877,6877,0,0,7928,6867,7200,7200,7200,7200,6877
2026-04-14T13:58:11,6878,18916,20419,-5945,-5945,0,248,271,6878,6878,0,0,7928,6867,7200,7200,7200,7200,6878
2026-04-14T13:58:15,6874,18946,20436,-5943,-5943,0,248,271,6874,6874,0,0,7928,6867,7200,7200,7200,7200,6876
2026-04-14T13:58:21,6873,18984,20463,-5940,-5940,0,248,270,6871,6871,0,0,7928,6867,7200,7200,7200,7200,6870
2026-04-14T13:58:26,6860,19017,20485,-5937,-5937,0,241,278,6860,6860,0,0,7938,6871,7200,7200,7200,7200,6860
2026-04-14T13:58:31,6842,19052,20513,-5935,-5935,0,241,271,6839,6839,0,0,7938,6871,7200,7200,7200,7200,6839
2026-04-14T13:58:36,6827,19086,20539,-5932,-5932,0,239,278,6827,6827,0,0,7938,6871,7200,7200,7200,7200,6826
2026-04-14T13:58:41,6821,19121,20561,-5930,-5930,0,248,271,6821,6821,0,0,7938,6871,7200,7200,7200,7200,6822
2026-04-14T13:58:45,6819,19154,20582,-5927,-5927,0,235,281,6819,6819,0,0,7938,6871,7200,7200,7200,7200,6819
2026-04-14T13:58:50,6826,19186,20600,-5925,-5925,0,255,278,6826,6826,0,0,7938,6871,7200,7200,7200,7200,6830
2026-04-14T13:58:55,6833,19219,20627,-5923,-5923,0,248,271,6833,6831,0,0,7938,6832,7200,7200,7200,7200,6831
2026-04-14T13:59:00,6830,19255,20644,-5920,-5920,0,239,271,6830,6830,0,0,7938,6832,7200,7200,7200,7200,6827
2026-04-14T13:59:05,6833,19288,20666,-5918,-5918,0,248,288,6833,6833,0,0,7938,6832,7200,7200,7200,7200,6832
2026-04-14T13:59:11,6836,19324,20686,-5915,-5915,0,248,271,6836,6836,0,0,7938,6832,7200,7200,7200,7200,6835
2026-04-14T13:59:16,6829,19362,20715,-5912,-5912,0,248,281,6828,6827,0,0,7938,6832,7200,7200,7200,7200,6826
2026-04-14T13:59:21,6829,19395,20740,-5910,-5910,0,248,271,6829,6830,0,0,7938,6832,7200,7200,7200,7200,6830
2026-04-14T13:59:26,6839,19435,20761,-5907,-5907,0,262,278,6838,6838,0,0,7949,6830,7200,7200,7200,7200,6838
2026-04-14T13:59:31,6841,19463,20776,-5905,-5905,0,262,271,6841,6841,0,0,7949,6830,7200,7200,7200,7200,6841
2026-04-14T13:59:36,6837,19499,20794,-5902,-5902,0,248,278,6837,6840,0,0,7949,6830,7200,7200,7200,7200,6841
2026-04-14T13:59:40,6839,19530,20816,-5900,-5900,0,255,278,6839,6839,0,0,7949,6830,7200,7200,7200,7200,6839
2026-04-14T13:59:46,6825,19563,20841,-5897,-5897,0,255,271,6827,6827,0,0,7949,6830,7200,7200,7200,7200,6827
2026-04-14T13:59:51,6818,19600,20868,-5895,-5895,0,255,278,6817,6817,0,0,7949,6830,7200,7200,7200,7200,6816
2026-04-14T13:59:55,6815,19632,20894,-5892,-5892,0,262,278,6815,6815,0,0,7949,6832,7200,7200,7200,7200,6816
2026-04-14T14:00:01,6814,19669,20918,-5890,-5890,0,241,271,6814,6816,0,0,7949,6832,7200,7200,7200,7200,6816
2026-04-14T14:00:06,6823,19701,20938,-5887,-5887,0,248,271,6823,6823,0,0,7949,6832,7200,7200,7200,7200,6823
2026-04-14T14:00:11,6825,19735,20965,-5885,-5885,0,248,278,6825,6829,0,0,7949,6832,7200,7200,7200,7200,6829
2026-04-14T14:00:16,6819,19770,20992,-5882,-5882,0,255,271,6819,6817,0,0,7949,6832,7200,7200,7200,7200,6815
2026-04-14T14:00:20,6789,19801,21014,-5880,-5880,0,240,269,6789,6789,0,0,7949,6832,7200,7200,7200,7200,6789
2026-04-14T14:00:25,6771,19835,21040,-5877,-5877,0,246,276,6776,6779,0,0,7959,6815,7200,7200,7200,7200,6779
2026-04-14T14:00:30,6786,19870,21062,-5875,-5875,0,246,276,6786,6786,8,8,7959,6815,7200,7200,7200,7200,6785
2026-04-14T14:00:36,6779,19906,21089,-5872,-5872,0,240,270,6779,6779,0,0,7959,6815,7200,7200,7200,7200,6780
2026-04-14T14:00:40,6782,19937,21112,-5870,-5870,0,240,270,6782,6782,0,0,7959,6815,7200,7200,7200,7200,6782
2026-04-14T14:00:46,6794,19975,21132,-5867,-5867,0,246,269,6794,6794,0,0,7959,6815,7200,7200,7200,7200,6794
2026-04-14T14:00:51,6796,20008,21158,-5865,-5865,0,246,269,6796,6798,0,0,7959,6815,7200,7200,7200,7200,6798
2026-04-14T14:00:55,6808,20040,21184,-5862,-5862,0,247,270,6808,6808,0,0,7959,6785,7200,7200,7200,7200,6809
2026-04-14T14:01:01,6809,20077,21208,-5860,-5860,0,246,276,6808,6808,0,0,7959,6785,7200,7200,7200,7200,6806
2026-04-14T14:01:06,6793,20113,21230,-5857,-5857,0,244,277,6793,6791,0,0,7959,6785,7200,7200,7200,7200,6788
2026-04-14T14:01:11,6777,20146,21257,-5855,-5855,0,254,269,6777,6777,0,0,7959,6785,7200,7200,7200,7200,6774
2026-04-14T14:01:15,6768,20176,21282,-5852,-5852,0,246,269,6768,6768,0,0,7959,6785,7200,7200,7200,7200,6768
2026-04-14T14:01:21,6748,20213,21310,-5850,-5850,0,246,277,6746,6746,0,0,7959,6785,7200,7200,7200,7200,6742
2026-04-14T14:01:26,6727,20249,21336,-5847,-5847,0,253,276,6725,6725,0,0,7969,6783,7200,7200,7200,7200,6723
2026-04-14T14:01:30,6705,20280,21358,-5845,-5845,0,237,276,6706,6706,0,0,7969,6783,7200,7200,7200,7200,6707
2026-04-14T14:01:36,6705,20317,21385,-5842,-5842,0,231,277,6710,6710,0,0,7969,6783,7200,7200,7200,7200,6710
2026-04-14T14:01:40,6720,20348,21398,-5840,-5840,0,247,277,6720,6720,8,8,7969,6783,7200,7200,7200,7200,6754
2026-04-14T14:01:46,6774,20381,21419,-5837,-5837,0,247,270,6774,6773,0,0,7969,6783,7200,7200,7200,7200,6773
2026-04-14T14:01:51,6778,20417,21446,-5835,-5835,0,233,280,6778,6777,0,0,7969,6783,7200,7200,7200,7200,6777
2026-04-14T14:01:56,6776,20454,21473,-5832,-5832,0,231,270,6779,6779,0,0,7969,6737,7200,7200,7200,7200,6778
2026-04-14T14:02:01,6789,20489,21500,-5830,-5830,0,240,270,6760,6760,0,0,7969,6737,7200,7200,7200,7200,6775
2026-04-14T14:02:05,6788,20519,21526,-5827,-5827,0,248,278,6788,6788,0,0,7969,6737,7200,7200,7200,7200,6791
2026-04-14T14:02:10,6794,20551,21548,-5825,-5825,0,255,270,6794,6794,0,0,7969,6737,7200,7200,7200,7200,6794
2026-04-14T14:02:16,6800,20585,21569,-5822,-5822,0,248,278,6800,6800,0,0,7969,6737,7200,7200,7200,7200,6803
2026-04-14T14:02:20,6800,20620,21586,-5820,-5820,0,243,280,6800,6800,0,0,7969,6737,7200,7200,7200,7200,6799
2026-04-14T14:02:26,6791,20657,21614,-5817,-5817,0,240,270,6789,6789,0,0,7979,6790,7200,7200,7200,7200,6789
2026-04-14T14:02:30,6771,20687,21640,-5815,-5815,0,240,270,6771,6771,0,8,7979,6790,7200,7200,7200,7200,6768
2026-04-14T14:02:35,6755,20724,21666,-5812,-5812,0,233,270,6742,6742,0,0,7979,6790,7200,7200,7200,7200,6747
2026-04-14T14:02:40,6744,20757,21684,-5810,-5810,0,256,286,6744,6744,0,0,7979,6790,7200,7200,7200,7200,6741
2026-04-14T14:02:46,6721,20792,21711,-5807,-5807,0,240,270,6721,6720,8,8,7979,6790,7200,7200,7200,7200,6720
2026-04-14T14:02:50,6717,20823,21723,-5805,-5805,0,224,270,6717,6717,0,0,7979,6790,7200,7200,7200,7200,6719
2026-04-14T14:02:56,6731,20863,21742,-5802,-5802,0,240,270,6731,6731,0,0,7979,6749,7200,7200,7200,7200,6735
2026-04-14T14:03:02,6724,20897,21765,-5799,-5799,0,240,270,6724,6720,0,0,7979,6749,7200,7200,7200,7200,6721
2026-04-14T14:03:06,6716,20929,21786,-5797,-5797,0,238,277,6715,6715,0,0,7979,6749,7200,7200,7200,7200,6714
2026-04-14T14:03:11,6721,20960,21812,-5795,-5795,0,240,270,6722,6722,0,0,7979,6749,7200,7200,7200,7200,6722
2026-04-14T14:03:15,6739,20997,21839,-5792,-5792,0,238,269,6741,6741,0,8,7979,6749,7200,7200,7200,7200,6741
2026-04-14T14:03:21,6750,21033,21866,-5790,-5790,0,261,270,6751,6751,0,0,7988,6749,7200,7200,7200,7200,6752
2026-04-14T14:03:26,6759,21066,21887,-5787,-5787,0,254,270,6759,6759,0,0,7988,6729,7200,7200,7200,7200,6759
2026-04-14T14:03:31,6767,21100,21914,-5785,-5785,0,246,277,6770,6770,0,0,7988,6729,7200,7200,7200,7200,6771
2026-04-14T14:03:36,6781,21134,21936,-5782,-5782,0,245,268,6781,6781,0,0,7988,6729,7200,7200,7200,7200,6781
2026-04-14T14:03:40,6784,21165,21961,-5780,-5780,0,238,268,6786,6786,0,0,7988,6729,7200,7200,7200,7200,6786
2026-04-14T14:03:46,6774,21204,21985,-5777,-5777,0,245,275,6774,6774,0,0,7988,6729,7200,7200,7200,7200,6769
2026-04-14T14:03:51,6752,21235,22011,-5775,-5775,0,232,268,6752,6750,0,0,7988,6729,7200,7200,7200,7200,6750
2026-04-14T14:03:55,6734,21269,22037,-5772,-5772,0,246,269,6734,6734,0,0,7988,6768,7200,7200,7200,7200,6733
2026-04-14T14:04:02,6719,21308,22061,-5769,-5769,0,245,268,6719,6719,0,0,7988,6768,7200,7200,7200,7200,6719
2026-04-14T14:04:06,6715,21341,22081,-5767,-5767,0,246,269,6715,6715,0,0,7988,6768,7200,7200,7200,7200,6714
2026-04-14T14:04:10,6710,21370,22103,-5765,-5765,0,237,269,6713,6713,0,0,7988,6768,7200,7200,7200,7200,6715
2026-04-14T14:04:16,6728,21405,22126,-5762,-5762,0,239,268,6731,6731,0,0,7988,6768,7200,7200,7200,7200,6733
2026-04-14T14:04:21,6749,21437,22147,-5760,-5760,0,253,269,6751,6751,0,0,7988,6768,7200,7200,7200,7200,6752
2026-04-14T14:04:26,6748,21476,22170,-5757,-5757,0,246,269,6748,6747,0,0,7998,6726,7200,7200,7200,7200,6746
2026-04-14T14:04:31,6746,21511,22188,-5755,-5754,0,246,269,6746,6746,0,0,7998,6726,7200,7200,7200,7200,6746
2026-04-14T14:04:35,6734,21540,22214,-5752,-5752,0,232,269,6734,6734,0,0,7998,6726,7200,7200,7200,7200,6731
2026-04-14T14:04:42,6713,21581,22234,-5749,-5749,0,239,269,6711,6711,0,0,7998,6726,7200,7200,7200,7200,6707
2026-04-14T14:04:46,6701,21612,22258,-5747,-5747,0,239,269,6701,6699,0,0,7998,6726,7200,7200,7200,7200,6698
2026-04-14T14:04:52,6700,21646,22272,-5745,-5744,0,239,269,6700,6699,0,0,7998,6726,7200,7200,7200,7200,6698
2026-04-14T14:04:56,6694,21678,22293,-5742,-5742,0,247,277,6693,6693,0,0,7998,6723,7200,7200,7200,7200,6693
2026-04-14T14:05:00,6685,21709,22310,-5740,-5740,0,237,269,6685,6682,0,0,7998,6723,7200,7200,7200,7200,6682
2026-04-14T14:05:06,6662,21747,22338,-5737,-5737,0,253,269,6660,6660,0,0,7998,6723,7200,7200,7200,7200,6660
2026-04-14T14:05:11,6652,21781,22359,-5735,-5735,0,246,269,6651,6651,0,0,7998,6723,7200,7200,7200,7200,6651
2026-04-14T14:05:16,6643,21815,22382,-5732,-5732,0,239,278,6643,6643,0,0,7998,6723,7200,7200,7200,7200,6642
2026-04-14T14:05:21,6647,21850,22408,-5730,-5730,0,253,270,6653,6653,0,0,7998,6723,7200,7200,7200,7200,6652
2026-04-14T14:05:26,6666,21884,22431,-5727,-5727,0,239,269,6666,6666,0,0,8008,6665,7200,7200,7200,7200,6671
2026-04-14T14:05:31,6687,21917,22457,-5725,-5725,0,246,269,6687,6687,0,0,8008,6665,7200,7200,7200,7200,6692
2026-04-14T14:05:35,6696,21948,22482,-5722,-5722,0,246,269,6696,6698,0,0,8008,6665,7200,7200,7200,7200,6698
2026-04-14T14:05:41,6705,21986,22506,-5720,-5720,0,269,270,6705,6705,0,0,8008,6665,7200,7200,7200,7200,6703
2026-04-14T14:05:46,6696,22017,22531,-5717,-5717,0,260,269,6696,6696,0,0,8008,6665,7200,7200,7200,7200,6696
2026-04-14T14:05:50,6699,22051,22550,-5715,-5715,0,254,270,6699,6699,0,0,8008,6665,7200,7200,7200,7200,6699
2026-04-14T14:05:56,6706,22089,22571,-5712,-5712,0,254,270,6706,6706,0,0,8008,6691,7200,7200,7200,7200,6706
2026-04-14T14:06:00,6710,22121,22598,-5710,-5710,0,240,270,6710,6710,0,0,8008,6691,7200,7200,7200,7200,6709
2026-04-14T14:06:06,6705,22155,22619,-5707,-5707,0,254,270,6705,6705,0,0,8008,6691,7200,7200,7200,7200,6702
2026-04-14T14:06:11,6704,22193,22639,-5705,-5705,0,254,277,6704,6704,0,0,8008,6691,7200,7200,7200,7200,6704
2026-04-14T14:06:16,6708,22226,22665,-5702,-5702,0,254,270,6708,6708,0,0,8008,6691,7200,7200,7200,7200,6706
2026-04-14T14:06:20,6705,22257,22691,-5700,-5700,0,261,277,6705,6705,0,0,8008,6691,7200,7200,7200,7200,6705
2026-04-14T14:06:26,6703,22292,22713,-5697,-5697,0,246,269,6703,6703,0,0,8018,6706,7200,7200,7200,7200,6702
2026-04-14T14:06:31,6703,22323,22739,-5695,-5695,0,252,268,6704,6704,0,0,8018,6706,7200,7200,7200,7200,6704
2026-04-14T14:06:36,6719,22361,22766,-5692,-5692,0,246,276,6719,6723,0,0,8018,6706,7200,7200,7200,7200,6723
2026-04-14T14:06:41,6735,22396,22785,-5690,-5690,0,260,269,6740,6740,0,0,8018,6706,7200,7200,7200,7200,6741
2026-04-14T14:06:46,6760,22427,22809,-5687,-5687,0,247,270,6760,6760,0,0,8018,6706,7200,7200,7200,7200,6761
2026-04-14T14:06:51,6771,22465,22833,-5685,-5685,0,237,276,6772,6772,0,0,8018,6706,7200,7200,7200,7200,6772
2026-04-14T14:06:56,6773,22500,22859,-5682,-5682,0,247,277,6773,6773,0,0,8018,6731,7200,7200,7200,7200,6774
2026-04-14T14:07:01,6783,22530,22876,-5680,-5680,0,247,277,6783,6783,0,0,8018,6731,7200,7200,7200,7200,6784
2026-04-14T14:07:05,6793,22561,22896,-5677,-5677,0,261,277,6793,6793,0,0,8018,6731,7200,7200,7200,7200,6793
2026-04-14T14:07:11,6797,22601,22922,-5675,-5675,0,254,277,6797,6798,0,0,8018,6731,7200,7200,7200,7200,6798
2026-04-14T14:07:16,6798,22632,22942,-5672,-5672,0,261,277,6798,6798,0,0,8018,6731,7200,7200,7200,7200,6798
2026-04-14T14:07:21,6794,22666,22964,-5670,-5670,0,245,270,6794,6794,0,0,8018,6731,7200,7200,7200,7200,6796
2026-04-14T14:07:26,6792,22698,22990,-5667,-5667,0,247,270,6792,6792,0,0,8028,6786,7200,7200,7200,7200,6793
2026-04-14T14:07:32,6792,22740,23014,-5664,-5664,0,239,269,6792,6792,0,0,8028,6786,7200,7200,7200,7200,6792
2026-04-14T14:07:36,6785,22771,23039,-5662,-5662,0,260,269,6785,6783,0,0,8028,6786,7200,7200,7200,7200,6783
2026-04-14T14:07:41,6780,22806,23066,-5660,-5660,0,239,269,6779,6779,0,0,8028,6786,7200,7200,7200,7200,6780
2026-04-14T14:07:45,6767,22834,23087,-5657,-5657,0,244,276,6770,6770,0,0,8028,6786,7200,7200,7200,7200,6770
2026-04-14T14:07:51,6758,22872,23114,-5655,-5655,0,242,279,6758,6758,0,0,8028,6786,7200,7200,7200,7200,6758
2026-04-14T14:07:55,6745,22904,23136,-5652,-5652,0,262,269,6745,6745,0,0,8028,6778,7200,7200,7200,7200,6745
2026-04-14T14:08:01,6732,22937,23162,-5650,-5650,0,260,269,6732,6732,0,0,8028,6778,7200,7200,7200,7200,6738
2026-04-14T14:08:06,6746,22972,23184,-5647,-5647,0,253,269,6746,6746,0,0,8028,6778,7200,7200,7200,7200,6746
2026-04-14T14:08:11,6747,23011,23212,-5645,-5645,0,255,270,6747,6749,0,0,8028,6778,7200,7200,7200,7200,6749
2026-04-14T14:08:15,6754,23040,23238,-5642,-5642,0,261,277,6757,6757,0,0,8028,6778,7200,7200,7200,7200,6758
2026-04-14T14:08:21,6767,23075,23260,-5640,-5640,0,246,269,6767,6767,0,0,8028,6778,7200,7200,7200,7200,6767
2026-04-14T14:08:26,6771,23110,23281,-5637,-5637,0,244,276,6771,6771,0,0,8038,6750,7200,7200,7200,7200,6772
2026-04-14T14:08:31,6764,23143,23308,-5635,-5635,0,260,276,6764,6764,0,0,8038,6750,7200,7200,7200,7200,6766
2026-04-14T14:08:36,6768,23180,23336,-5632,-5632,0,246,276,6768,6769,0,0,8038,6750,7200,7200,7200,7200,6769
2026-04-14T14:08:42,6768,23216,23363,-5629,-5629,0,253,276,6767,6767,0,0,8038,6750,7200,7200,7200,7200,6767
2026-04-14T14:08:45,6769,23245,23387,-5627,-5627,0,244,276,6769,6769,0,0,8038,6750,7200,7200,7200,7200,6768
2026-04-14T14:08:51,6766,23281,23408,-5625,-5625,0,239,277,6766,6766,0,0,8038,6750,7200,7200,7200,7200,6766
2026-04-14T14:08:56,6761,23312,23433,-5622,-5622,0,239,269,6761,6761,0,0,8038,6767,7200,7200,7200,7200,6762
2026-04-14T14:09:00,6758,23345,23453,-5620,-5620,0,254,270,6758,6758,0,0,8038,6767,7200,7200,7200,7200,6758
2026-04-14T14:09:05,6741,23380,23476,-5617,-5617,0,260,276,6741,6741,0,0,8038,6767,7200,7200,7200,7200,6744
2026-04-14T14:09:12,6741,23420,23499,-5614,-5614,0,244,276,6741,6741,0,0,8038,6767,7200,7200,7200,7200,6740
2026-04-14T14:09:15,6741,23447,23517,-5612,-5612,0,232,269,6741,6741,0,0,8038,6767,7200,7200,7200,7200,6741
2026-04-14T14:09:20,6743,23483,23538,-5610,-5610,0,253,276,6743,6743,0,0,8038,6767,7200,7200,7200,7200,6744
2026-04-14T14:09:26,6748,23521,23565,-5607,-5607,0,230,276,6748,6748,0,0,8048,6748,7200,7200,7200,7200,6748
2026-04-14T14:09:31,6750,23553,23592,-5605,-5605,0,253,276,6750,6750,0,0,8048,6748,7200,7200,7200,7200,6750
2026-04-14T14:09:36,6746,23584,23617,-5602,-5602,0,252,270,6744,6744,0,0,8048,6748,7200,7200,7200,7200,6746
2026-04-14T14:09:42,6732,23625,23645,-5599,-5599,0,253,276,6732,6732,0,0,8048,6748,7200,7200,7200,7200,6732
2026-04-14T14:09:45,6725,23654,23665,-5597,-5597,0,253,276,6725,6725,0,0,8048,6748,7200,7200,7200,7200,6724
2026-04-14T14:09:51,6720,23690,23684,-5595,-5595,0,230,269,6720,6718,0,0,8048,6748,7200,7200,7200,7200,6718
2026-04-14T14:09:56,6711,23720,23709,-5592,-5592,0,239,270,6711,6711,0,0,8048,6737,7200,7200,7200,7200,6709
2026-04-14T14:10:02,6704,23761,23738,-5589,-5589,0,254,269,6704,6705,0,0,8048,6737,7200,7200,7200,7200,6705
2026-04-14T14:10:05,6700,23791,23763,-5587,-5587,0,255,285,6700,6700,0,0,8048,6737,7200,7200,7200,7200,6701
2026-04-14T14:10:10,6703,23822,23784,-5585,-5585,0,247,270,6703,6703,0,0,8048,6737,7200,7200,7200,7200,6703
2026-04-14T14:10:15,6702,23859,23807,-5582,-5582,0,260,276,6702,6702,0,0,8048,6737,7200,7200,7200,7200,6700
2026-04-14T14:10:20,6702,23892,23833,-5580,-5580,0,230,269,6701,6701,0,0,8048,6737,7200,7200,7200,7200,6700
2026-04-14T14:10:26,6700,23927,23856,-5577,-5577,0,253,276,6700,6699,0,0,8057,6703,7200,7200,7200,7200,6700
2026-04-14T14:10:31,6696,23964,23878,-5575,-5575,0,244,269,6696,6696,0,0,8057,6703,7200,7200,7200,7200,6696
2026-04-14T14:10:36,6688,23996,23900,-5572,-5572,0,253,277,6688,6688,0,0,8057,6703,7200,7200,7200,7200,6693
2026-04-14T14:10:41,6692,24031,23927,-5570,-5570,0,245,277,6692,6691,0,0,8057,6703,7200,7200,7200,7200,6691
2026-04-14T14:10:46,6695,24064,23944,-5567,-5567,0,262,276,6695,6695,0,0,8057,6703,7200,7200,7200,7200,6694
2026-04-14T14:10:50,6698,24097,23966,-5565,-5565,0,239,269,6698,6698,0,0,8057,6703,7200,7200,7200,7200,6697
2026-04-14T14:10:56,6710,24134,23983,-5562,-5562,0,251,276,6711,6711,0,0,8057,6694,7200,7200,7200,7200,6712
2026-04-14T14:11:02,6715,24170,24004,-5559,-5559,0,253,269,6717,6717,0,0,8057,6694,7200,7200,7200,7200,6717
2026-04-14T14:11:06,6713,24198,24019,-5557,-5557,0,253,269,6713,6714,0,0,8057,6694,7200,7200,7200,7200,6714
2026-04-14T14:11:10,6718,24234,24045,-5555,-5555,0,253,276,6718,6718,0,0,8057,6694,7200,7200,7200,7200,6717
2026-04-14T14:11:16,6712,24271,24073,-5552,-5552,0,254,270,6712,6712,0,0,8057,6694,7200,7200,7200,7200,6712
2026-04-14T14:11:21,6717,24302,24095,-5550,-5550,0,238,270,6717,6717,0,0,8057,6694,7200,7200,7200,7200,6719
2026-04-14T14:11:26,6726,24341,24118,-5547,-5547,0,245,270,6726,6726,0,0,8067,6714,7200,7200,7200,7200,6730
2026-04-14T14:11:32,6728,24375,24144,-5544,-5544,0,247,277,6730,6731,0,0,8067,6714,7200,7200,7200,7200,6731
2026-04-14T14:11:35,6727,24404,24164,-5542,-5542,0,247,270,6727,6727,0,0,8067,6714,7200,7200,7200,7200,6727
2026-04-14T14:11:42,6723,24445,24193,-5539,-5539,0,261,277,6722,6722,0,0,8067,6714,7200,7200,7200,7200,6723
2026-04-14T14:11:46,6720,24476,24218,-5537,-5537,0,247,277,6719,6719,0,0,8067,6714,7200,7200,7200,7200,6719
2026-04-14T14:11:51,6720,24507,24243,-5535,-5535,0,261,277,6720,6720,0,0,8067,6714,7200,7200,7200,7200,6721
2026-04-14T14:11:56,6725,24542,24267,-5532,-5532,0,268,277,6725,6725,0,0,8067,6723,7200,7200,7200,7200,6728
2026-04-14T14:12:01,6728,24574,24293,-5530,-5530,0,254,277,6728,6728,0,0,8067,6723,7200,7200,7200,7200,6728
2026-04-14T14:12:06,6723,24610,24314,-5527,-5527,0,238,277,6723,6723,0,0,8067,6723,7200,7200,7200,7200,6723
2026-04-14T14:12:11,6735,24644,24337,-5525,-5525,0,254,277,6735,6737,0,8,8067,6723,7200,7200,7200,7200,6737
2026-04-14T14:12:16,6738,24677,24359,-5522,-5522,0,254,277,6740,6740,0,0,8067,6723,7200,7200,7200,7200,6740
2026-04-14T14:12:27,6739,24754,24415,-5517,-5517,0,261,270,6739,6739,0,0,8077,6732,7200,7200,7200,7200,6740
2026-04-14T14:12:32,6736,24790,24442,-5514,-5514,0,247,277,6736,6735,0,0,8077,6732,7200,7200,7200,7200,6735
2026-04-14T14:12:37,6731,24825,24464,-5511,-5511,0,251,276,6732,6732,0,0,8077,6732,7200,7200,7200,7200,6731
2026-04-14T14:12:42,6725,24857,24486,-5509,-5509,0,254,277,6725,6725,0,0,8077,6732,7200,7200,7200,7200,6726
2026-04-14T14:12:47,6717,24892,24508,-5507,-5507,0,254,270,6717,6716,0,0,8077,6732,7200,7200,7200,7200,6716
2026-04-14T14:12:52,6712,24925,24532,-5504,-5504,0,245,277,6712,6712,0,0,8077,6728,7200,7200,7200,7200,6712
2026-04-14T14:12:58,6706,24961,24557,-5501,-5501,0,247,277,6706,6706,0,0,8077,6728,7200,7200,7200,7200,6708
2026-04-14T14:13:03,6701,24996,24577,-5499,-5499,0,247,270,6701,6699,0,0,8077,6728,7200,7200,7200,7200,6699
2026-04-14T14:13:08,6697,25031,24599,-5496,-5496,0,244,276,6697,6698,0,0,8077,6728,7200,7200,7200,7200,6698
2026-04-14T14:13:12,6695,25065,24624,-5494,-5494,0,261,270,6695,6695,0,0,8077,6728,7200,7200,7200,7200,6694
2026-04-14T14:13:17,6681,25097,24646,-5491,-5491,0,261,277,6681,6684,0,0,8077,6728,7200,7200,7200,7200,6684
2026-04-14T14:13:23,6650,25133,24674,-5489,-5489,0,254,270,6650,6650,0,0,8087,6695,7200,7200,7200,7200,6658
2026-04-14T14:13:27,6658,25166,24695,-5486,-5486,0,246,269,6660,6660,0,0,8087,6695,7200,7200,7200,7200,6658
2026-04-14T14:13:33,6646,25200,24721,-5484,-5484,0,253,276,6647,6647,0,0,8087,6695,7200,7200,7200,7200,6647
2026-04-14T14:13:37,6645,25232,24740,-5481,-5481,0,253,269,6645,6645,0,0,8087,6695,7200,7200,7200,7200,6645
2026-04-14T14:13:42,6638,25269,24766,-5479,-5479,0,240,270,6638,6638,0,0,8087,6695,7200,7200,7200,7200,6638
2026-04-14T14:13:47,6635,25301,24792,-5477,-5477,0,244,269,6635,6635,0,0,8087,6695,7200,7200,7200,7200,6634
2026-04-14T14:13:53,6634,25338,24815,-5474,-5474,0,261,277,6633,6633,0,0,8087,6644,7200,7200,7200,7200,6629
2026-04-14T14:13:58,6622,25375,24837,-5471,-5471,0,245,270,6622,6623,0,0,8087,6644,7200,7200,7200,7200,6622
2026-04-14T14:14:02,6625,25404,24859,-5469,-5469,0,261,277,6625,6625,0,0,8087,6644,7200,7200,7200,7200,6625
2026-04-14T14:14:07,6637,25437,24883,-5467,-5467,0,254,270,6638,6638,0,0,8087,6644,7200,7200,7200,7200,6641
2026-04-14T14:14:12,6649,25471,24910,-5464,-5464,0,257,287,6649,6649,0,0,8087,6644,7200,7200,7200,7200,6650
2026-04-14T14:14:17,6666,25505,24927,-5461,-5461,0,245,270,6666,6666,0,0,8087,6644,7200,7200,7200,7200,6668
2026-04-14T14:14:23,6680,25541,24951,-5459,-5459,0,247,277,6682,6682,0,0,8097,6642,7200,7200,7200,7200,6682
2026-04-14T14:14:28,6692,25577,24976,-5456,-5456,0,247,277,6692,6692,0,0,8097,6642,7200,7200,7200,7200,6694
2026-04-14T14:14:32,6706,25607,24989,-5454,-5454,0,263,277,6706,6706,0,0,8097,6642,7200,7200,7200,7200,6705
2026-04-14T14:14:38,6709,25644,25009,-5451,-5451,0,256,270,6709,6709,0,0,8097,6642,7200,7200,7200,7200,6709
2026-04-14T14:14:42,6714,25675,25033,-5449,-5449,0,238,270,6714,6713,0,0,8097,6642,7200,7200,7200,7200,6711
2026-04-14T14:14:48,6715,25711,25060,-5446,-5446,0,240,270,6715,6715,0,0,8097,6642,7200,7200,7200,7200,6714
2026-04-14T14:14:52,6712,25742,25082,-5444,-5444,0,245,277,6711,6711,0,0,8097,6705,7200,7200,7200,7200,6706
2026-04-14T14:14:57,6704,25779,25104,-5441,-5441,0,261,277,6704,6704,0,0,8097,6705,7200,7200,7200,7200,6704
2026-04-14T14:15:02,6714,25814,25130,-5439,-5439,0,255,278,6714,6714,0,0,8097,6705,7200,7200,7200,7200,6712
2026-04-14T14:15:07,6716,25845,25156,-5437,-5437,0,253,278,6716,6716,0,0,8097,6705,7200,7200,7200,7200,6716
2026-04-14T14:15:13,6713,25882,25183,-5434,-5434,0,248,278,6713,6709,0,0,8097,6705,7200,7200,7200,7200,6709
2026-04-14T14:15:17,6703,25915,25206,-5432,-5432,0,248,278,6703,6703,0,0,8097,6705,7200,7200,7200,7200,6703
2026-04-14T14:15:22,6690,25949,25231,-5429,-5429,0,257,287,6689,6689,0,0,8107,6707,7200,7200,7200,7200,6687
2026-04-14T14:15:27,6682,25982,25258,-5426,-5426,0,262,278,6679,6679,0,0,8107,6707,7200,7200,7200,7200,6680
2026-04-14T14:15:32,6665,26016,25284,-5424,-5424,0,241,278,6665,6665,0,0,8107,6707,7200,7200,7200,7200,6665
2026-04-14T14:15:37,6661,26052,25304,-5421,-5421,0,255,288,6661,6661,0,0,8107,6707,7200,7200,7200,7200,6661
2026-04-14T14:15:42,6659,26084,25324,-5419,-5419,0,255,288,6661,6661,0,0,8107,6707,7200,7200,7200,7200,6662
2026-04-14T14:15:48,6670,26118,25351,-5416,-5416,0,256,277,6671,6671,0,0,8107,6707,7200,7200,7200,7200,6671
2026-04-14T14:15:53,6667,26155,25370,-5414,-5414,0,249,295,6667,6667,0,0,8107,6669,7200,7200,7200,7200,6667
2026-04-14T14:15:57,6663,26188,25390,-5411,-5411,0,256,286,6662,6662,0,0,8107,6669,7200,7200,7200,7200,6660
2026-04-14T14:16:02,6661,26220,25416,-5409,-5409,0,264,277,6661,6661,0,0,8107,6669,7200,7200,7200,7200,6662
2026-04-14T14:16:08,6655,26260,25439,-5406,-5406,0,238,277,6655,6654,0,0,8107,6669,7200,7200,7200,7200,6654
2026-04-14T14:16:13,6651,26293,25461,-5404,-5404,0,263,286,6651,6651,0,0,8107,6669,7200,7200,7200,7200,6651
2026-04-14T14:16:17,6650,26324,25482,-5401,-5401,0,254,277,6650,6650,0,0,8107,6669,7200,7200,7200,7200,6650
2026-04-14T14:16:23,6659,26361,25505,-5399,-5399,0,257,286,6659,6659,0,0,8117,6656,7200,7200,7200,7200,6659
2026-04-14T14:16:28,6663,26396,25529,-5396,-5396,0,254,277,6662,6662,0,0,8117,6656,7200,7200,7200,7200,6662
2026-04-14T14:16:32,6658,26425,25553,-5394,-5394,0,240,278,6658,6656,0,0,8117,6656,7200,7200,7200,7200,6656
2026-04-14T14:16:38,6649,26465,25577,-5391,-5391,0,258,288,6651,6651,0,0,8117,6656,7200,7200,7200,7200,6649
2026-04-14T14:16:42,6646,26492,25597,-5389,-5389,0,271,278,6644,6644,0,0,8117,6656,7200,7200,7200,7200,6641
2026-04-14T14:16:47,6630,26528,25619,-5387,-5387,0,247,288,6630,6630,0,0,8117,6656,7200,7200,7200,7200,6630
2026-04-14T14:16:53,6630,26565,25642,-5384,-5384,0,255,270,6631,6631,0,0,8117,6648,7200,7200,7200,7200,6630
2026-04-14T14:16:58,6633,26600,25660,-5381,-5381,0,247,270,6633,6633,0,0,8117,6648,7200,7200,7200,7200,6631
2026-04-14T14:17:03,6639,26633,25684,-5379,-5379,0,261,277,6640,6640,0,0,8117,6648,7200,7200,7200,7200,6640
2026-04-14T14:17:08,6642,26666,25708,-5376,-5376,0,247,277,6644,6644,0,0,8117,6648,7200,7200,7200,7200,6644
2026-04-14T14:17:13,6654,26701,25730,-5374,-5374,0,261,270,6655,6655,0,8,8117,6648,7200,7200,7200,7200,6655
2026-04-14T14:17:18,6655,26738,25757,-5371,-5371,0,247,270,6655,6655,0,0,8117,6648,7200,7200,7200,7200,6655
2026-04-14T14:17:23,6656,26771,25783,-5369,-5369,0,247,270,6656,6657,0,0,8127,6644,7200,7200,7200,7200,6657
2026-04-14T14:17:28,6659,26806,25806,-5366,-5366,0,254,277,6659,6659,0,0,8127,6644,7200,7200,7200,7200,6659
2026-04-14T14:17:32,6656,26834,25830,-5364,-5364,0,240,270,6655,6655,0,0,8127,6644,7200,7200,7200,7200,6655
2026-04-14T14:17:38,6648,26875,25855,-5361,-5361,0,263,277,6645,6645,0,0,8127,6644,7200,7200,7200,7200,6633
2026-04-14T14:17:43,6643,26908,25876,-5359,-5359,0,254,277,6643,6640,0,0,8127,6644,7200,7200,7200,7200,6643
2026-04-14T14:17:47,6647,26939,25897,-5356,-5356,0,254,277,6647,6647,8,8,8127,6644,7200,7200,7200,7200,6644
2026-04-14T14:17:53,6626,26972,25924,-5354,-5354,0,254,278,6626,6628,8,8,8127,6648,7200,7200,7200,7200,6628
2026-04-14T14:17:57,6628,27005,25950,-5351,-5351,0,248,296,6628,6628,0,0,8127,6648,7200,7200,7200,7200,6628
2026-04-14T14:18:03,6626,27044,25977,-5349,-5349,0,264,287,6626,6626,0,0,8127,6648,7200,7200,7200,7200,6626
2026-04-14T14:18:07,6627,27073,25997,-5347,-5347,0,240,280,6626,6626,0,0,8127,6648,7200,7200,7200,7200,6626
2026-04-14T14:18:13,6629,27111,26017,-5344,-5344,0,232,278,6629,6630,0,0,8127,6648,7200,7200,7200,7200,6630
2026-04-14T14:18:17,6633,27143,26043,-5341,-5341,0,255,296,6634,6634,8,8,8127,6648,7200,7200,7200,7200,6634
2026-04-14T14:18:22,6637,27178,26059,-5339,-5339,0,263,286,6632,6632,0,0,8137,6629,7200,7200,7200,7200,6632
2026-04-14T14:18:27,6639,27210,26082,-5337,-5337,0,240,270,6639,6640,0,0,8137,6629,7200,7200,7200,7200,6640
2026-04-14T14:18:32,6646,27242,26108,-5334,-5334,0,254,270,6646,6646,0,0,8137,6629,7200,7200,7200,7200,6644
2026-04-14T14:18:38,6636,27284,26136,-5331,-5331,0,247,270,6639,6639,0,0,8137,6629,7200,7200,7200,7200,6639
2026-04-14T14:18:42,6640,27312,26161,-5329,-5329,0,259,277,6640,6639,0,0,8137,6629,7200,7200,7200,7200,6639
2026-04-14T14:18:47,6639,27345,26179,-5327,-5327,0,253,277,6639,6639,0,0,8137,6629,7200,7200,7200,7200,6640
2026-04-14T14:18:53,6636,27380,26197,-5324,-5324,0,259,275,6636,6636,0,0,8137,6629,7200,7200,7200,7200,6636
2026-04-14T14:18:57,6638,27414,26219,-5322,-5322,0,270,286,6638,6639,0,0,8137,6638,7200,7200,7200,7200,6639
2026-04-14T14:19:02,6639,27449,26246,-5319,-5319,0,253,276,6639,6639,0,0,8137,6638,7200,7200,7200,7200,6638
2026-04-14T14:19:08,6635,27486,26271,-5316,-5316,0,245,270,6634,6634,0,0,8137,6638,7200,7200,7200,7200,6634
2026-04-14T14:19:12,6625,27516,26290,-5314,-5314,0,238,277,6624,6624,0,0,8137,6638,7200,7200,7200,7200,6623
2026-04-14T14:19:17,6615,27552,26316,-5311,-5311,0,238,277,6615,6615,0,0,8137,6638,7200,7200,7200,7200,6614
2026-04-14T14:19:22,6599,27585,26340,-5309,-5309,0,254,277,6599,6599,0,0,8148,6627,7200,7200,7200,7200,6599
2026-04-14T14:19:28,6600,27625,26355,-5306,-5306,0,240,277,6600,6598,0,0,8148,6627,7200,7200,7200,7200,6598
2026-04-14T14:19:33,6590,27653,26378,-5304,-5304,0,246,277,6590,6590,0,0,8148,6627,7200,7200,7200,7200,6593
2026-04-14T14:19:38,6600,27691,26405,-5301,-5301,0,247,268,6601,6601,0,0,8148,6627,7200,7200,7200,7200,6601
2026-04-14T14:19:42,6605,27722,26427,-5299,-5299,0,261,270,6605,6605,0,0,8148,6627,7200,7200,7200,7200,6605
2026-04-14T14:19:47,6578,27754,26453,-5296,-5296,0,254,278,6592,6592,0,0,8148,6627,7200,7200,7200,7200,6592
2026-04-14T14:19:52,6600,27789,26479,-5294,-5294,0,254,277,6600,6602,0,0,8148,6598,7200,7200,7200,7200,6602
2026-04-14T14:19:58,6610,27826,26502,-5291,-5291,0,246,278,6609,6609,0,0,8148,6598,7200,7200,7200,7200,6613
2026-04-14T14:20:03,6603,27862,26529,-5289,-5289,0,233,277,6607,6607,0,0,8148,6598,7200,7200,7200,7200,6609
2026-04-14T14:20:08,6612,27895,26551,-5286,-5286,0,239,287,6612,6614,0,0,8148,6598,7200,7200,7200,7200,6613
2026-04-14T14:20:13,6606,27928,26578,-5284,-5284,0,261,277,6606,6608,0,0,8148,6598,7200,7200,7200,7200,6608
2026-04-14T14:20:17,6611,27959,26599,-5282,-5282,0,248,287,6611,6611,0,0,8148,6598,7200,7200,7200,7200,6611
2026-04-14T14:20:22,6609,27993,26623,-5279,-5279,0,247,276,6609,6609,0,0,8158,6608,7200,7200,7200,7200,6609
2026-04-14T14:20:27,6595,28028,26644,-5277,-5277,0,254,277,6592,6592,0,0,8158,6608,7200,7200,7200,7200,6592
2026-04-14T14:20:32,6582,28064,26671,-5274,-5274,0,240,277,6582,6582,0,0,8158,6608,7200,7200,7200,7200,6581
2026-04-14T14:20:38,6583,28097,26697,-5271,-5271,0,231,270,6583,6585,0,0,8158,6608,7200,7200,7200,7200,6585
2026-04-14T14:20:42,6585,28130,26723,-5269,-5269,0,239,286,6585,6583,0,0,8158,6608,7200,7200,7200,7200,6583
2026-04-14T14:20:47,6597,28165,26749,-5266,-5266,0,247,277,6597,6597,8,0,8158,6608,7200,7200,7200,7200,6598
2026-04-14T14:20:53,6605,28199,26775,-5264,-5264,0,266,298,6605,6605,0,0,8158,6590,7200,7200,7200,7200,6605
2026-04-14T14:20:58,6614,28232,26802,-5261,-5261,0,263,277,6614,6614,0,0,8158,6590,7200,7200,7200,7200,6615
2026-04-14T14:21:02,6626,28265,26823,-5259,-5259,0,240,270,6626,6626,0,0,8158,6590,7200,7200,7200,7200,6627
2026-04-14T14:21:08,6630,28304,26852,-5256,-5256,0,247,277,6630,6629,0,0,8158,6590,7200,7200,7200,7200,6630
2026-04-14T14:21:12,6628,28335,26872,-5254,-5254,0,247,279,6628,6628,0,0,8158,6590,7200,7200,7200,7200,6627
2026-04-14T14:21:18,6622,28375,26896,-5251,-5251,0,247,277,6622,6622,0,0,8158,6590,7200,7200,7200,7200,6622
2026-04-14T14:21:23,6606,28405,26921,-5249,-5249,0,247,277,6606,6606,0,0,8168,6620,7200,7200,7200,7200,6606
2026-04-14T14:21:27,6593,28437,26941,-5246,-5246,0,247,277,6594,6594,0,0,8168,6620,7200,7200,7200,7200,6594
2026-04-14T14:21:33,6584,28473,26961,-5244,-5244,0,256,277,6584,6581,0,0,8168,6620,7200,7200,7200,7200,6580
2026-04-14T14:21:37,6580,28505,26983,-5241,-5241,0,231,278,6580,6580,0,0,8168,6620,7200,7200,7200,7200,6580
2026-04-14T14:21:42,6604,28539,27005,-5239,-5239,0,247,277,6604,6606,0,0,8168,6620,7200,7200,7200,7200,6606
2026-04-14T14:21:48,6630,28575,27027,-5236,-5236,0,247,277,6630,6632,0,0,8168,6620,7200,7200,7200,7200,6637
2026-04-14T14:21:53,6641,28611,27050,-5234,-5234,0,272,277,6641,6641,0,0,8168,6603,7200,7200,7200,7200,6641
2026-04-14T14:21:58,6647,28646,27070,-5231,-5231,0,257,295,6649,6649,0,0,8168,6603,7200,7200,7200,7200,6649
2026-04-14T14:22:03,6642,28679,27090,-5229,-5229,0,272,295,6642,6642,0,0,8168,6603,7200,7200,7200,7200,6642
2026-04-14T14:22:08,6635,28711,27116,-5226,-5226,0,256,286,6635,6635,0,0,8168,6603,7200,7200,7200,7200,6635
2026-04-14T14:22:13,6626,28748,27143,-5224,-5224,0,265,295,6626,6625,0,0,8168,6603,7200,7200,7200,7200,6625
2026-04-14T14:22:18,6621,28781,27167,-5221,-5221,0,254,270,6621,6621,0,0,8168,6603,7200,7200,7200,7200,6617
2026-04-14T14:22:23,6607,28814,27182,-5219,-5219,0,240,277,6607,6607,0,0,8179,6631,7200,7200,7200,7200,6607
2026-04-14T14:22:27,6569,28846,27204,-5216,-5216,0,238,286,6569,6569,0,0,8179,6631,7200,7200,7200,7200,6569
2026-04-14T14:22:33,6560,28885,27232,-5214,-5214,0,247,277,6560,6560,0,0,8179,6631,7200,7200,7200,7200,6559
2026-04-14T14:22:38,6548,28919,27259,-5211,-5211,0,256,270,6553,6553,0,0,8179,6631,7200,7200,7200,7200,6557
2026-04-14T14:22:43,6571,28951,27284,-5209,-5209,0,263,270,6571,6571,0,0,8179,6631,7200,7200,7200,7200,6571
2026-04-14T14:22:48,6583,28982,27310,-5206,-5206,0,231,286,6583,6583,0,0,8179,6631,7200,7200,7200,7200,6583
2026-04-14T14:22:53,6601,29021,27333,-5204,-5204,0,245,269,6601,6600,0,0,8179,6570,7200,7200,7200,7200,6600
2026-04-14T14:22:57,6602,29051,27346,-5202,-5202,0,233,279,6615,6615,0,0,8179,6570,7200,7200,7200,7200,6617
2026-04-14T14:23:03,6624,29087,27368,-5199,-5199,0,253,295,6626,6626,0,0,8179,6570,7200,7200,7200,7200,6625
2026-04-14T14:23:08,6626,29124,27395,-5196,-5196,0,263,295,6626,6625,0,0,8179,6570,7200,7200,7200,7200,6625
2026-04-14T14:23:13,6623,29156,27421,-5194,-5194,0,238,270,6623,6623,0,0,8179,6570,7200,7200,7200,7200,6623
2026-04-14T14:23:18,6622,29190,27448,-5191,-5191,0,247,277,6623,6623,0,0,8179,6570,7200,7200,7200,7200,6624
2026-04-14T14:23:22,6627,29221,27474,-5189,-5189,0,248,277,6627,6628,0,0,8189,6618,7200,7200,7200,7200,6629
2026-04-14T14:23:27,6630,29256,27496,-5186,-5186,0,254,270,6630,6630,0,0,8189,6618,7200,7200,7200,7200,6630
2026-04-14T14:23:33,6636,29292,27518,-5184,-5184,0,240,277,6636,6636,0,0,8189,6618,7200,7200,7200,7200,6636
2026-04-14T14:23:37,6632,29323,27535,-5181,-5181,0,246,270,6635,6635,0,0,8189,6618,7200,7200,7200,7200,6637
2026-04-14T14:23:42,6640,29356,27562,-5179,-5179,0,248,278,6639,6639,0,0,8189,6618,7200,7200,7200,7200,6641
2026-04-14T14:23:48,6639,29397,27590,-5176,-5176,0,241,277,6638,6638,0,0,8189,6618,7200,7200,7200,7200,6637
2026-04-14T14:23:52,6638,29425,27605,-5174,-5174,0,241,286,6638,6638,0,0,8189,6635,7200,7200,7200,7200,6638
2026-04-14T14:23:58,6625,29464,27631,-5171,-5171,0,247,279,6625,6625,0,0,8189,6635,7200,7200,7200,7200,6626
2026-04-14T14:24:03,6621,29498,27655,-5169,-5169,0,256,286,6621,6621,0,0,8189,6635,7200,7200,7200,7200,6618
2026-04-14T14:24:07,6610,29530,27678,-5166,-5166,0,252,277,6604,6603,8,0,8189,6635,7200,7200,7200,7200,6604
2026-04-14T14:24:12,6608,29562,27697,-5164,-5164,0,247,277,6609,6609,0,0,8189,6635,7200,7200,7200,7200,6608
2026-04-14T14:24:18,6607,29598,27722,-5161,-5161,0,254,277,6605,6605,0,0,8189,6635,7200,7200,7200,7200,6605
2026-04-14T14:24:22,6605,29631,27747,-5159,-5159,0,245,277,6605,6605,0,0,8199,6614,7200,7200,7200,7200,6606
2026-04-14T14:24:28,6595,29666,27768,-5156,-5156,0,254,277,6593,6593,0,0,8199,6614,7200,7200,7200,7200,6593
2026-04-14T14:24:33,6583,29701,27795,-5154,-5154,0,240,277,6583,6582,0,8,8199,6614,7200,7200,7200,7200,6582
2026-04-14T14:24:37,6575,29731,27816,-5151,-5151,0,256,270,6575,6575,0,0,8199,6614,7200,7200,7200,7200,6575
2026-04-14T14:24:42,6563,29768,27836,-5149,-5149,0,231,277,6563,6563,0,0,8199,6614,7200,7200,7200,7200,6563
2026-04-14T14:24:48,6574,29801,27857,-5146,-5146,0,240,277,6575,6575,0,0,8199,6614,7200,7200,7200,7200,6576
2026-04-14T14:24:52,6576,29834,27883,-5144,-5144,0,250,296,6576,6575,0,0,8199,6579,7200,7200,7200,7200,6575
2026-04-14T14:24:58,6580,29873,27910,-5141,-5141,0,238,277,6579,6579,0,0,8199,6579,7200,7200,7200,7200,6578
2026-04-14T14:25:02,6573,29904,27936,-5139,-5139,0,254,269,6575,6575,0,0,8199,6579,7200,7200,7200,7200,6573
2026-04-14T14:25:08,6574,29941,27960,-5136,-5136,0,240,278,6574,6574,0,0,8199,6579,7200,7200,7200,7200,6578
2026-04-14T14:25:12,6574,29971,27981,-5134,-5134,0,249,286,6574,6574,0,0,8199,6579,7200,7200,7200,7200,6577
2026-04-14T14:25:17,6573,30004,28006,-5131,-5131,0,231,270,6573,6573,0,0,8199,6579,7200,7200,7200,7200,6573
2026-04-14T14:25:23,6576,30041,28029,-5129,-5129,0,240,287,6576,6576,0,0,8209,6575,7200,7200,7200,7200,6576
2026-04-14T14:25:28,6574,30075,28052,-5126,-5126,0,249,286,6574,6574,0,0,8209,6575,7200,7200,7200,7200,6574
2026-04-14T14:25:33,6579,30108,28073,-5124,-5124,0,230,277,6581,6581,0,0,8209,6575,7200,7200,7200,7200,6581
2026-04-14T14:25:37,6583,30140,28095,-5121,-5121,0,245,286,6583,6583,0,0,8209,6575,7200,7200,7200,7200,6581
2026-04-14T14:25:43,6577,30177,28120,-5119,-5119,0,254,277,6577,6578,0,8,8209,6575,7200,7200,7200,7200,6578
2026-04-14T14:25:47,6569,30210,28142,-5116,-5116,0,230,276,6569,6570,0,0,8209,6575,7200,7200,7200,7200,6570
2026-04-14T14:25:52,6563,30243,28165,-5114,-5114,0,253,270,6563,6563,0,0,8209,6575,7200,7200,7200,7200,6559
2026-04-14T14:25:58,6556,30284,28194,-5111,-5111,0,237,286,6556,6555,0,0,8209,6575,7200,7200,7200,7200,6554
2026-04-14T14:26:02,6556,30311,28218,-5109,-5109,0,238,270,6556,6556,0,0,8209,6575,7200,7200,7200,7200,6555
2026-04-14T14:26:08,6553,30345,28240,-5106,-5106,0,252,268,6553,6553,0,0,8209,6575,7200,7200,7200,7200,6553
2026-04-14T14:26:12,6566,30377,28265,-5104,-5104,0,231,276,6566,6566,0,0,8209,6575,7200,7200,7200,7200,6567
2026-04-14T14:26:17,6568,30415,28292,-5101,-5101,0,245,277,6568,6568,0,0,8209,6575,7200,7200,7200,7200,6568
2026-04-14T14:26:23,6562,30452,28320,-5099,-5099,0,252,277,6562,6560,0,8,8219,6559,7200,7200,7200,7200,6560
2026-04-14T14:26:28,6550,30488,28347,-5096,-5096,0,247,277,6549,6549,0,0,8219,6559,7200,7200,7200,7200,6550
2026-04-14T14:26:33,6544,30521,28372,-5094,-5094,0,233,270,6545,6545,0,0,8219,6559,7200,7200,7200,7200,6543
2026-04-14T14:26:39,6538,30555,28399,-5091,-5091,0,231,275,6538,6538,0,0,8219,6559,7200,7200,7200,7200,6540
2026-04-14T14:26:42,6530,30585,28425,-5089,-5089,0,238,270,6530,6530,0,0,8219,6559,7200,7200,7200,7200,6531
2026-04-14T14:26:48,6524,30625,28448,-5086,-5086,0,256,277,6524,6524,0,0,8219,6559,7200,7200,7200,7200,6520
2026-04-14T14:26:53,6518,30656,28469,-5084,-5084,0,238,286,6518,6518,0,0,8219,6535,7200,7200,7200,7200,6512
2026-04-14T14:26:57,6508,30687,28495,-5081,-5081,0,265,295,6508,6507,0,0,8219,6535,7200,7200,7200,7200,6507
2026-04-14T14:27:03,6504,30722,28518,-5079,-5079,0,249,279,6504,6504,8,0,8219,6535,7200,7200,7200,7200,6500
2026-04-14T14:27:08,6479,30756,28540,-5076,-5076,0,238,286,6483,6483,0,0,8219,6535,7200,7200,7200,7200,6484
2026-04-14T14:27:12,6484,30789,28561,-5074,-5074,0,265,295,6484,6481,0,0,8219,6535,7200,7200,7200,7200,6481
2026-04-14T14:27:18,6474,30826,28588,-5071,-5071,0,240,288,6473,6475,0,0,8219,6535,7200,7200,7200,7200,6475
2026-04-14T14:27:23,6475,30860,28614,-5069,-5069,0,256,295,6475,6479,0,0,8229,6489,7200,7200,7200,7200,6479
2026-04-14T14:27:28,6482,30894,28632,-5066,-5066,0,242,270,6482,6482,0,0,8229,6489,7200,7200,7200,7200,6482
2026-04-14T14:27:37,6488,30959,28680,-5062,-5061,0,272,295,6488,6493,0,0,8229,6489,7200,7200,7200,7200,6493
2026-04-14T14:27:43,6499,30995,28708,-5059,-5059,0,256,295,6499,6504,0,0,8229,6489,7200,7200,7200,7200,6504
2026-04-14T14:27:48,6512,31031,28726,-5056,-5056,0,258,295,6512,6512,0,0,8229,6489,7200,7200,7200,7200,6514
2026-04-14T14:27:52,6507,31062,28751,-5054,-5054,0,247,277,6508,6508,0,0,8229,6494,7200,7200,7200,7200,6508
2026-04-14T14:27:58,6512,31096,28773,-5051,-5051,0,248,288,6512,6512,0,0,8229,6494,7200,7200,7200,7200,6512
2026-04-14T14:28:03,6516,31133,28796,-5049,-5049,0,249,277,6518,6518,0,0,8229,6494,7200,7200,7200,7200,6520
2026-04-14T14:28:07,6513,31164,28817,-5046,-5046,0,272,277,6513,6512,0,0,8229,6494,7200,7200,7200,7200,6512
2026-04-14T14:28:12,6516,31200,28845,-5044,-5044,0,272,295,6516,6515,0,0,8229,6494,7200,7200,7200,7200,6515
2026-04-14T14:28:18,6511,31235,28873,-5041,-5041,0,265,295,6510,6510,0,0,8229,6494,7200,7200,7200,7200,6510
2026-04-14T14:28:23,6510,31265,28897,-5039,-5039,0,240,270,6510,6508,0,0,8239,6513,7200,7200,7200,7200,6508
2026-04-14T14:28:27,6503,31300,28922,-5036,-5036,0,244,276,6504,6504,0,0,8239,6513,7200,7200,7200,7200,6504
2026-04-14T14:28:33,6505,31337,28950,-5034,-5034,0,255,279,6504,6504,0,0,8239,6513,7200,7200,7200,7200,6503
2026-04-14T14:28:38,6497,31369,28976,-5031,-5031,0,253,275,6495,6495,0,0,8239,6513,7200,7200,7200,7200,6494
2026-04-14T14:28:42,6510,31403,29003,-5029,-5029,0,230,279,6510,6510,0,0,8239,6513,7200,7200,7200,7200,6510
2026-04-14T14:28:48,6514,31441,29026,-5026,-5026,0,255,270,6513,6513,0,0,8239,6513,7200,7200,7200,7200,6511
2026-04-14T14:28:53,6500,31472,29047,-5024,-5024,0,246,286,6500,6500,8,8,8239,6504,7200,7200,7200,7200,6500
2026-04-14T14:28:58,6497,31506,29069,-5021,-5021,0,263,279,6498,6498,0,0,8239,6504,7200,7200,7200,7200,6498
2026-04-14T14:29:03,6497,31542,29096,-5019,-5019,0,256,270,6497,6497,0,0,8239,6504,7200,7200,7200,7200,6496
2026-04-14T14:29:08,6498,31576,29114,-5016,-5016,0,253,276,6498,6499,0,0,8239,6504,7200,7200,7200,7200,6498
2026-04-14T14:29:13,6510,31609,29136,-5014,-5014,0,254,277,6510,6510,0,0,8239,6504,7200,7200,7200,7200,6510
2026-04-14T14:29:18,6512,31646,29163,-5011,-5011,0,245,286,6512,6512,0,0,8239,6504,7200,7200,7200,7200,6512
2026-04-14T14:29:23,6504,31678,29179,-5009,-5009,0,253,270,6504,6504,0,0,8249,6500,7200,7200,7200,7200,6501
2026-04-14T14:29:28,6499,31712,29199,-5006,-5006,0,247,279,6497,6497,0,0,8249,6500,7200,7200,7200,7200,6497
2026-04-14T14:29:33,6496,31745,29220,-5004,-5004,0,254,277,6497,6497,0,0,8249,6500,7200,7200,7200,7200,6498
2026-04-14T14:29:37,6501,31778,29241,-5001,-5001,0,247,277,6502,6502,0,0,8249,6500,7200,7200,7200,7200,6502
2026-04-14T14:29:42,6508,31811,29263,-4999,-4999,0,256,296,6508,6508,0,0,8249,6500,7200,7200,7200,7200,6507
2026-04-14T14:29:47,6496,31845,29285,-4996,-4996,0,240,270,6495,6495,0,0,8249,6500,7200,7200,7200,7200,6494
2026-04-14T14:29:53,6493,31884,29309,-4994,-4994,0,232,269,6493,6493,0,0,8249,6498,7200,7200,7200,7200,6492
2026-04-14T14:29:57,6488,31915,29334,-4991,-4991,0,253,277,6488,6487,0,0,8249,6498,7200,7200,7200,7200,6487
2026-04-14T14:30:03,6480,31952,29358,-4989,-4988,0,224,270,6480,6480,0,0,8249,6498,7200,7200,7200,7200,6480
2026-04-14T14:30:08,6474,31982,29384,-4986,-4986,0,247,286,6472,6472,0,0,8249,6498,7200,7200,7200,7200,6470
2026-04-14T14:30:13,6455,32017,29410,-4984,-4984,0,247,277,6455,6455,0,0,8249,6498,7200,7200,7200,7200,6455
2026-04-14T14:30:17,6426,32050,29436,-4981,-4981,0,263,286,6426,6426,8,8,8249,6498,7200,7200,7200,7200,6428
2026-04-14T14:30:23,6426,32086,29459,-4979,-4979,0,256,276,6426,6426,0,0,8258,6463,7200,7200,7200,7200,6426
2026-04-14T14:30:27,6417,32118,29484,-4976,-4976,0,258,288,6417,6417,0,0,8258,6463,7200,7200,7200,7200,6418
2026-04-14T14:30:33,6431,32154,29507,-4974,-4974,0,265,295,6431,6431,0,0,8258,6463,7200,7200,7200,7200,6431
2026-04-14T14:30:38,6442,32190,29529,-4971,-4971,0,249,295,6442,6442,0,0,8258,6463,7200,7200,7200,7200,6442
2026-04-14T14:30:43,6456,32222,29555,-4969,-4969,0,258,286,6456,6456,0,0,8258,6463,7200,7200,7200,7200,6459
2026-04-14T14:30:48,6470,32259,29578,-4966,-4966,0,265,295,6471,6471,0,0,8258,6463,7200,7200,7200,7200,6471
2026-04-14T14:30:52,6474,32288,29598,-4964,-4964,0,249,279,6474,6474,0,0,8258,6444,7200,7200,7200,7200,6477
2026-04-14T14:30:57,6450,32323,29621,-4961,-4961,0,247,286,6450,6450,0,0,8258,6444,7200,7200,7200,7200,6450
2026-04-14T14:31:03,6456,32357,29635,-4959,-4959,0,255,286,6456,6456,0,0,8258,6444,7200,7200,7200,7200,6456
2026-04-14T14:31:09,6450,32396,29663,-4956,-4956,0,247,279,6449,6449,8,8,8258,6444,7200,7200,7200,7200,6449
2026-04-14T14:31:13,6447,32427,29688,-4954,-4954,0,263,277,6449,6449,0,0,8258,6444,7200,7200,7200,7200,6449
2026-04-14T14:31:17,6449,32460,29715,-4951,-4951,0,263,277,6449,6449,0,0,8258,6444,7200,7200,7200,7200,6451
2026-04-14T14:31:22,6452,32491,29735,-4949,-4949,0,247,270,6452,6452,0,0,8268,6454,7200,7200,7200,7200,6454
2026-04-14T14:31:28,6446,32529,29763,-4946,-4946,0,247,277,6446,6446,0,8,8268,6454,7200,7200,7200,7200,6445
2026-04-14T14:31:33,6453,32564,29789,-4944,-4944,0,263,287,6453,6449,8,8,8268,6454,7200,7200,7200,7200,6449
2026-04-14T14:31:38,6455,32597,29816,-4941,-4941,0,239,269,6456,6456,0,0,8268,6454,7200,7200,7200,7200,6454
2026-04-14T14:31:42,6446,32627,29837,-4939,-4939,0,224,279,6449,6449,0,0,8268,6454,7200,7200,7200,7200,6448
2026-04-14T14:31:48,6458,32666,29865,-4936,-4936,0,247,270,6458,6458,0,0,8268,6454,7200,7200,7200,7200,6455
2026-04-14T14:31:53,6457,32699,29887,-4934,-4934,0,248,270,6457,6457,0,0,8268,6451,7200,7200,7200,7200,6457
2026-04-14T14:31:59,6457,32738,29901,-4931,-4931,0,240,277,6457,6457,0,0,8268,6451,7200,7200,7200,7200,6457
2026-04-14T14:32:03,6455,-32766,29926,-4929,-4929,0,254,277,6456,6456,0,0,8268,6451,7200,7200,7200,7200,6456
2026-04-14T14:32:08,6464,-32733,29950,-4926,-4926,0,254,277,6464,6464,0,0,8268,6451,7200,7200,7200,7200,6462
2026-04-14T14:32:13,6458,-32701,29974,-4924,-4924,0,253,286,6458,6457,0,0,8268,6451,7200,7200,7200,7200,6457
2026-04-14T14:32:19,6447,-32662,29998,-4921,-4921,0,258,295,6447,6444,0,0,8268,6451,7200,7200,7200,7200,6443
2026-04-14T14:32:22,6436,-32632,30019,-4919,-4919,0,272,279,6436,6436,0,0,8278,6452,7200,7200,7200,7200,6437
2026-04-14T14:32:28,6436,-32597,30039,-4916,-4916,0,263,279,6437,6437,0,0,8278,6452,7200,7200,7200,7200,6437
2026-04-14T14:32:33,6437,-32563,30059,-4914,-4914,0,237,279,6437,6437,0,8,8278,6452,7200,7200,7200,7200,6439
2026-04-14T14:32:38,6459,-32531,30081,-4911,-4911,0,247,270,6459,6460,0,0,8278,6452,7200,7200,7200,7200,6461
2026-04-14T14:32:42,6472,-32497,30102,-4909,-4909,0,274,288,6472,6472,0,0,8278,6452,7200,7200,7200,7200,6473
2026-04-14T14:32:48,6473,-32461,30125,-4906,-4906,0,258,288,6474,6474,0,0,8278,6452,7200,7200,7200,7200,6475
2026-04-14T14:32:52,6471,-32430,30145,-4904,-4904,0,263,286,6471,6469,0,0,8278,6454,7200,7200,7200,7200,6469
2026-04-14T14:32:58,6482,-32391,30166,-4901,-4901,0,264,289,6482,6482,0,0,8278,6454,7200,7200,7200,7200,6482
2026-04-14T14:33:02,6485,-32361,30186,-4899,-4899,0,266,295,6485,6485,0,0,8278,6454,7200,7200,7200,7200,6485
2026-04-14T14:33:08,6486,-32327,30207,-4896,-4896,0,249,285,6486,6487,8,8,8278,6454,7200,7200,7200,7200,6487
2026-04-14T14:33:13,6482,-32294,30226,-4894,-4894,0,254,286,6482,6482,0,0,8278,6454,7200,7200,7200,7200,6482
2026-04-14T14:33:18,6471,-32256,30249,-4891,-4891,0,249,289,6471,6471,0,0,8278,6454,7200,7200,7200,7200,6469
2026-04-14T14:33:23,6460,-32221,30271,-4889,-4889,0,272,286,6460,6455,0,0,8287,6478,7200,7200,7200,7200,6454
2026-04-14T14:33:28,6453,-32190,30294,-4886,-4886,0,253,270,6453,6453,0,0,8287,6478,7200,7200,7200,7200,6453
2026-04-14T14:33:33,6450,-32152,30315,-4884,-4884,0,238,279,6450,6450,0,0,8287,6478,7200,7200,7200,7200,6448
2026-04-14T14:33:37,6433,-32123,30336,-4881,-4881,0,238,285,6433,6433,0,0,8287,6478,7200,7200,7200,7200,6433
2026-04-14T14:33:42,6418,-32089,30358,-4879,-4879,0,246,278,6418,6418,0,0,8287,6478,7200,7200,7200,7200,6418
2026-04-14T14:33:48,6406,-32054,30381,-4876,-4876,0,230,279,6406,6406,0,0,8287,6478,7200,7200,7200,7200,6406
2026-04-14T14:33:53,6398,-32015,30396,-4873,-4873,0,232,288,6398,6398,8,8,8287,6430,7200,7200,7200,7200,6398
2026-04-14T14:33:59,6380,-31981,30418,-4871,-4871,0,239,295,6380,6380,0,0,8287,6430,7200,7200,7200,7200,6380
2026-04-14T14:34:03,6385,-31950,30434,-4869,-4869,0,256,295,6386,6386,0,0,8287,6430,7200,7200,7200,7200,6386
2026-04-14T14:34:08,6381,-31913,30457,-4866,-4866,0,253,286,6381,6381,0,0,8287,6430,7200,7200,7200,7200,6381
2026-04-14T14:34:12,6385,-31885,30482,-4864,-4864,0,263,295,6385,6385,0,0,8287,6430,7200,7200,7200,7200,6387
2026-04-14T14:34:17,6399,-31850,30504,-4861,-4861,0,274,295,6399,6399,0,0,8287,6430,7200,7200,7200,7200,6399
2026-04-14T14:34:23,6420,-31814,30523,-4859,-4859,0,258,295,6420,6420,0,0,8297,6389,7200,7200,7200,7200,6420
2026-04-14T14:34:28,6434,-31781,30545,-4856,-4856,0,266,288,6434,6437,0,0,8297,6389,7200,7200,7200,7200,6437
2026-04-14T14:34:32,6444,-31746,30562,-4854,-4854,0,251,288,6444,6444,0,0,8297,6389,7200,7200,7200,7200,6443
2026-04-14T14:34:38,6436,-31710,30590,-4851,-4851,0,249,285,6436,6436,0,0,8297,6389,7200,7200,7200,7200,6435
2026-04-14T14:34:43,6425,-31679,30616,-4849,-4849,0,239,285,6425,6424,0,0,8297,6389,7200,7200,7200,7200,6423
2026-04-14T14:34:48,6413,-31644,30641,-4846,-4846,0,258,295,6413,6413,8,8,8297,6389,7200,7200,7200,7200,6414
2026-04-14T14:34:52,6408,-31611,30659,-4844,-4844,0,265,288,6407,6407,0,0,8297,6427,7200,7200,7200,7200,6407
2026-04-14T14:34:58,6404,-31575,30687,-4841,-4841,0,265,288,6404,6404,0,0,8297,6427,7200,7200,7200,7200,6402
2026-04-14T14:35:02,6399,-31545,30712,-4839,-4839,0,265,295,6399,6399,0,0,8297,6427,7200,7200,7200,7200,6400
2026-04-14T14:35:08,6419,-31506,30740,-4836,-4836,0,262,278,6420,6420,0,0,8297,6427,7200,7200,7200,7200,6417
2026-04-14T14:35:12,6416,-31475,30766,-4834,-4834,0,246,269,6416,6416,0,0,8297,6427,7200,7200,7200,7200,6417
2026-04-14T14:35:18,6410,-31440,30784,-4831,-4831,0,233,279,6409,6409,0,0,8297,6427,7200,7200,7200,7200,6410
2026-04-14T14:35:22,6398,-31408,30810,-4829,-4829,0,232,269,6395,6396,0,0,8307,6408,7200,7200,7200,7200,6396
2026-04-14T14:35:28,6378,-31371,30826,-4826,-4826,0,230,295,6378,6378,0,0,8307,6408,7200,7200,7200,7200,6378
2026-04-14T14:35:33,6351,-31336,30846,-4824,-4824,0,272,295,6354,6354,0,0,8307,6408,7200,7200,7200,7200,6354
2026-04-14T14:35:38,6338,-31302,30868,-4821,-4821,0,273,287,6338,6338,0,0,8307,6408,7200,7200,7200,7200,6336
2026-04-14T14:35:42,6329,-31272,30885,-4819,-4819,0,256,295,6329,6329,0,0,8307,6408,7200,7200,7200,7200,6329
2026-04-14T14:35:47,6325,-31236,30907,-4816,-4816,0,273,296,6325,6325,0,0,8307,6408,7200,7200,7200,7200,6324
2026-04-14T14:35:53,6318,-31200,30927,-4814,-4814,0,270,287,6318,6318,0,0,8307,6346,7200,7200,7200,7200,6317
2026-04-14T14:35:58,6324,-31167,30953,-4811,-4811,0,275,305,6324,6323,0,0,8307,6346,7200,7200,7200,7200,6323
2026-04-14T14:36:03,6337,-31130,30979,-4809,-4809,0,269,296,6337,6337,0,0,8307,6346,7200,7200,7200,7200,6337
2026-04-14T14:36:08,6355,-31097,30997,-4806,-4806,0,270,287,6355,6354,0,0,8307,6346,7200,7200,7200,7200,6354
2026-04-14T14:36:13,6367,-31063,31023,-4804,-4804,0,262,285,6367,6367,0,0,8307,6346,7200,7200,7200,7200,6366
2026-04-14T14:36:17,6373,-31033,31049,-4801,-4801,0,263,285,6373,6376,0,0,8307,6346,7200,7200,7200,7200,6378
2026-04-14T14:36:23,6385,-30996,31071,-4799,-4799,0,269,285,6385,6385,0,0,8316,6350,7200,7200,7200,7200,6385
2026-04-14T14:36:28,6387,-30959,31095,-4796,-4796,0,262,278,6387,6389,0,0,8316,6350,7200,7200,7200,7200,6391
2026-04-14T14:36:33,6396,-30929,31115,-4794,-4794,0,272,278,6396,6397,0,0,8316,6350,7200,7200,7200,7200,6397
2026-04-14T14:36:38,6384,-30895,31137,-4791,-4791,0,253,278,6383,6383,0,0,8316,6350,7200,7200,7200,7200,6383
2026-04-14T14:36:43,6382,-30857,31159,-4789,-4789,0,239,278,6381,6381,0,0,8316,6350,7200,7200,7200,7200,6381
2026-04-14T14:36:48,6388,-30824,31178,-4786,-4786,0,248,279,6388,6387,0,0,8316,6350,7200,7200,7200,7200,6387
2026-04-14T14:36:53,6390,-30791,31196,-4784,-4784,0,255,278,6390,6390,0,0,8316,6386,7200,7200,7200,7200,6390
2026-04-14T14:36:58,6382,-30754,31222,-4781,-4781,0,268,279,6380,6380,0,0,8316,6386,7200,7200,7200,7200,6377
2026-04-14T14:37:02,6377,-30725,31247,-4779,-4779,0,250,289,6379,6379,0,0,8316,6386,7200,7200,7200,7200,6379
2026-04-14T14:37:09,6377,-30685,31274,-4776,-4776,0,251,281,6377,6377,0,0,8316,6386,7200,7200,7200,7200,6377
2026-04-14T14:37:13,6382,-30652,31296,-4774,-4774,0,257,280,6383,6383,0,0,8316,6386,7200,7200,7200,7200,6383
2026-04-14T14:37:18,6385,-30622,31317,-4771,-4771,0,250,289,6385,6385,0,0,8316,6386,7200,7200,7200,7200,6386
2026-04-14T14:37:23,6385,-30585,31336,-4769,-4769,0,259,287,6383,6383,0,0,8326,6381,7200,7200,7200,7200,6378
2026-04-14T14:37:27,6370,-30555,31357,-4766,-4766,0,257,280,6370,6372,0,0,8326,6381,7200,7200,7200,7200,6372
2026-04-14T14:37:32,6366,-30520,31384,-4764,-4764,0,250,289,6370,6374,0,0,8326,6381,7200,7200,7200,7200,6374
2026-04-14T14:37:39,6384,-30481,31412,-4761,-4761,0,274,297,6385,6385,0,0,8326,6381,7200,7200,7200,7200,6384
2026-04-14T14:37:43,6384,-30450,31437,-4759,-4759,0,258,288,6384,6383,0,0,8326,6381,7200,7200,7200,7200,6383
2026-04-14T14:37:48,6381,-30414,31457,-4756,-4756,0,259,280,6380,6380,0,0,8326,6381,7200,7200,7200,7200,6380
2026-04-14T14:37:53,6349,-30380,31482,-4754,-4754,0,274,297,6347,6347,0,0,8326,6374,7200,7200,7200,7200,6346
2026-04-14T14:37:58,6319,-30347,31504,-4751,-4751,0,280,297,6319,6319,0,0,8326,6374,7200,7200,7200,7200,6314
2026-04-14T14:38:03,6273,-30315,31525,-4749,-4749,0,285,315,6273,6273,0,0,8326,6374,7200,7200,7200,7200,6273
2026-04-14T14:38:08,6226,-30281,31553,-4746,-4746,0,316,332,6226,6226,0,0,8326,6374,7200,7200,7200,7200,6224
2026-04-14T14:38:13,6188,-30243,31571,-4744,-4744,0,346,376,6188,6188,0,0,8326,6374,7200,7200,7200,7200,6195
2026-04-14T14:38:18,6214,-30210,31597,-4741,-4741,0,321,351,6214,6215,0,0,8326,6374,7200,7200,7200,7200,6217
2026-04-14T14:38:22,6249,-30181,31622,-4739,-4739,0,301,331,6252,6252,0,0,8335,6253,7200,7200,7200,7200,6257
2026-04-14T14:38:28,6276,-30147,31645,-4736,-4736,0,285,315,6276,6284,0,0,8335,6253,7200,7200,7200,7200,6286
2026-04-14T14:38:32,6299,-30111,31671,-4734,-4734,0,278,315,6300,6300,0,0,8335,6253,7200,7200,7200,7200,6300
2026-04-14T14:38:38,6300,-30076,31693,-4731,-4731,0,278,315,6301,6301,0,0,8335,6253,7200,7200,7200,7200,6302
2026-04-14T14:38:43,6298,-30045,31719,-4729,-4729,0,278,315,6298,6298,0,0,8335,6253,7200,7200,7200,7200,6299
2026-04-14T14:38:48,6325,-30008,31747,-4726,-4726,0,265,288,6325,6328,0,0,8335,6253,7200,7200,7200,7200,6328
2026-04-14T14:38:53,6344,-29975,31766,-4724,-4724,0,272,288,6344,6344,0,0,8335,6300,7200,7200,7200,7200,6344
2026-04-14T14:38:57,6350,-29941,31791,-4721,-4721,0,265,288,6351,6351,0,0,8335,6300,7200,7200,7200,7200,6353
2026-04-14T14:39:03,6349,-29903,31813,-4719,-4719,0,258,297,6349,6348,0,0,8335,6300,7200,7200,7200,7200,6350
2026-04-14T14:39:08,6346,-29872,31835,-4716,-4716,0,274,288,6346,6347,0,0,8335,6300,7200,7200,7200,7200,6347
2026-04-14T14:39:12,6349,-29839,31859,-4714,-4714,0,272,288,6349,6349,0,0,8335,6300,7200,7200,7200,7200,6349
2026-04-14T14:39:25,6335,-29757,31907,-4708,-4708,0,271,287,6335,6335,0,0,8345,6345,7200,7200,7200,7200,6339
2026-04-14T14:39:29,6353,-29724,31933,-4705,-4705,0,272,286,6353,6353,0,0,8345,6345,7200,7200,7200,7200,6353
2026-04-14T14:39:35,6358,-29687,31956,-4703,-4703,0,274,288,6358,6358,0,0,8345,6345,7200,7200,7200,7200,6358
2026-04-14T14:39:39,6356,-29656,31977,-4700,-4700,0,265,297,6356,6356,0,0,8345,6345,7200,7200,7200,7200,6353
2026-04-14T14:39:46,6345,-29615,32005,-4697,-4697,0,281,287,6345,6345,0,0,8345,6345,7200,7200,7200,7200,6344
2026-04-14T14:39:50,6340,-29584,32022,-4695,-4695,0,271,288,6340,6340,0,0,8345,6345,7200,7200,7200,7200,6339
2026-04-14T14:39:55,6321,-29550,32044,-4693,-4693,0,267,297,6321,6323,0,0,8345,6347,7200,7200,7200,7200,6322
2026-04-14T14:39:59,6323,-29520,32069,-4690,-4690,0,265,287,6323,6323,0,0,8345,6347,7200,7200,7200,7200,6322
2026-04-14T14:40:05,6306,-29482,32093,-4688,-4688,0,257,287,6306,6306,0,0,8345,6347,7200,7200,7200,7200,6306
2026-04-14T14:40:09,6301,-29450,32114,-4685,-4685,0,280,287,6301,6302,0,0,8345,6347,7200,7200,7200,7200,6302
2026-04-14T14:40:14,6278,-29416,32132,-4683,-4683,0,292,306,6278,6278,0,0,8345,6347,7200,7200,7200,7200,6278
2026-04-14T14:40:19,6231,-29384,32149,-4680,-4680,0,285,315,6231,6231,0,0,8345,6347,7200,7200,7200,7200,6231
2026-04-14T14:40:24,6228,-29349,32171,-4678,-4678,0,302,332,6228,6228,0,0,8354,6293,7200,7200,7200,7200,6227
2026-04-14T14:40:30,6230,-29313,32197,-4675,-4675,0,293,323,6233,6233,0,0,8354,6293,7200,7200,7200,7200,6232
2026-04-14T14:40:34,6254,-29281,32219,-4673,-4673,0,312,333,6259,6259,0,0,8354,6293,7200,7200,7200,7200,6261
2026-04-14T14:40:40,6287,-29245,32247,-4670,-4670,0,286,316,6291,6291,0,0,8354,6293,7200,7200,7200,7200,6291
2026-04-14T14:40:45,6334,-29208,32266,-4668,-4668,0,271,288,6334,6334,0,0,8354,6293,7200,7200,7200,7200,6334
2026-04-14T14:40:50,6338,-29175,32291,-4665,-4665,0,274,306,6340,6340,0,0,8354,6293,7200,7200,7200,7200,6340
2026-04-14T14:40:54,6338,-29145,32303,-4663,-4663,0,274,297,6338,6338,0,0,8354,6278,7200,7200,7200,7200,6338
2026-04-14T14:41:00,6340,-29104,32327,-4660,-4660,0,265,288,6340,6340,0,0,8354,6278,7200,7200,7200,7200,6333
2026-04-14T14:41:05,6305,-29073,32352,-4658,-4658,0,284,288,6305,6305,0,0,8354,6278,7200,7200,7200,7200,6303
2026-04-14T14:41:11,6280,-29038,32371,-4655,-4655,0,294,315,6280,6280,0,0,8354,6278,7200,7200,7200,7200,6280
2026-04-14T14:41:15,6282,-29008,32393,-4653,-4653,0,778,809,6282,6286,31,0,8354,6278,7200,7200,7200,7200,6286
2026-04-14T14:41:21,6289,-28969,32415,-4650,-4650,0,269,307,6289,6289,0,0,8354,6278,7200,7200,7200,7200,6288
2026-04-14T14:41:25,6286,-28936,32442,-4648,-4648,0,313,352,6285,6285,0,0,8364,6305,7200,7200,7200,7200,6285
2026-04-14T14:41:30,6275,-28905,32463,-4645,-4645,0,337,351,6275,6274,0,0,8364,6305,7200,7200,7200,7200,6276
2026-04-14T14:41:35,6272,-28867,32490,-4643,-4643,0,329,352,6272,6272,0,0,8364,6305,7200,7200,7200,7200,6271
2026-04-14T14:41:40,6250,-28832,32517,-4640,-4640,0,322,352,6248,6248,0,0,8364,6305,7200,7200,7200,7200,6249
2026-04-14T14:41:44,6244,-28802,32530,-4638,-4638,0,328,351,6244,6244,0,0,8364,6305,7200,7200,7200,7200,6244
2026-04-14T14:41:50,6214,-28768,32557,-4635,-4635,0,367,383,6212,6212,0,0,8364,6305,7200,7200,7200,7200,6210
2026-04-14T14:41:55,6183,-28730,32584,-4632,-4632,0,386,402,6183,6183,0,0,8364,6254,7200,7200,7200,7200,6180
2026-04-14T14:42:00,6178,-28696,32611,-4630,-4630,0,395,412,6178,6178,0,0,8364,6254,7200,7200,7200,7200,6178
2026-04-14T14:42:05,6181,-28665,32632,-4628,-4628,0,379,402,6181,6181,0,0,8364,6254,7200,7200,7200,7200,6181
2026-04-14T14:42:10,6180,-28630,32658,-4625,-4625,0,386,402,6180,6181,0,0,8364,6254,7200,7200,7200,7200,6181
2026-04-14T14:42:15,6163,-28594,32681,-4623,-4623,0,385,401,6163,6163,0,0,8364,6254,7200,7200,7200,7200,6168
2026-04-14T14:42:20,6181,-28561,32702,-4620,-4620,0,385,401,6181,6181,0,0,8364,6254,7200,7200,7200,7200,6182
2026-04-14T14:42:24,6203,-28530,32724,-4618,-4618,0,371,401,6203,6204,0,0,8373,6179,7200,7200,7200,7200,6204
2026-04-14T14:42:35,6228,-28457,-32765,-4613,-4613,0,353,376,6231,6231,0,0,8373,6179,7200,7200,7200,7200,6232
2026-04-14T14:42:40,6242,-28426,-32744,-4610,-4610,0,339,352,6242,6242,0,0,8373,6179,7200,7200,7200,7200,6244
2026-04-14T14:42:45,6260,-28392,-32721,-4608,-4608,0,332,362,6260,6265,0,0,8373,6179,7200,7200,7200,7200,6265
2026-04-14T14:42:50,6291,-28356,-32695,-4605,-4605,0,322,352,6291,6293,0,0,8373,6179,7200,7200,7200,7200,6292
2026-04-14T14:42:55,6312,-28322,-32668,-4603,-4603,0,322,342,6309,6309,0,0,8373,6242,7200,7200,7200,7200,6283
2026-04-14T14:43:01,6286,-28284,-32649,-4600,-4600,0,336,352,6286,6287,0,0,8373,6242,7200,7200,7200,7200,6287
2026-04-14T14:43:05,6253,-28256,-32629,-4598,-4598,0,322,352,6253,6253,0,0,8373,6242,7200,7200,7200,7200,6248
2026-04-14T14:43:10,6189,-28217,-32600,-4595,-4595,0,367,383,6184,6184,0,0,8373,6242,7200,7200,7200,7200,6177
2026-04-14T14:43:15,6123,-28186,-32576,-4593,-4593,0,408,431,6117,6117,0,0,8373,6242,7200,7200,7200,7200,6112
2026-04-14T14:43:20,6030,-28155,-32555,-4590,-4590,0,561,629,6030,6030,0,0,8373,6242,7200,7200,7200,7200,6024
2026-04-14T14:43:25,5973,-28120,-32536,-4588,-4588,0,734,758,5973,5973,0,0,8382,6193,7200,7200,7200,7200,5973
2026-04-14T14:43:30,5969,-28085,-32514,-4585,-4585,0,733,757,5969,5969,0,0,8382,6193,7200,7200,7200,7200,5970
2026-04-14T14:43:34,5988,-28052,-32487,-4583,-4583,0,739,767,5990,5991,0,0,8382,6193,7200,7200,7200,7200,5991
2026-04-14T14:43:40,6035,-28016,-32469,-4580,-4580,0,684,721,6035,6040,0,0,8382,6193,7200,7200,7200,7200,6046
2026-04-14T14:43:46,6082,-27979,-32451,-4577,-4577,0,700,707,6082,6082,0,0,8382,6193,7200,7200,7200,7200,6095
2026-04-14T14:43:51,6129,-27946,-32430,-4575,-4575,0,422,452,6129,6129,0,0,8382,6193,7200,7200,7200,7200,6130
2026-04-14T14:43:55,6138,-27916,-32409,-4573,-4573,0,450,480,6138,6138,0,0,8382,6033,7200,7200,7200,7200,6134
2026-04-14T14:44:00,6131,-27881,-32390,-4570,-4570,0,467,511,6131,6131,0,0,8382,6033,7200,7200,7200,7200,6128
2026-04-14T14:44:05,6111,-27846,-32364,-4568,-4568,0,480,539,6111,6111,0,0,8382,6033,7200,7200,7200,7200,6110
2026-04-14T14:44:10,6084,-27812,-32338,-4565,-4565,0,645,668,6084,6084,0,0,8382,6033,7200,7200,7200,7200,6082
2026-04-14T14:44:15,6061,-27780,-32313,-4563,-4563,0,693,730,6061,6059,0,0,8382,6033,7200,7200,7200,7200,6060
2026-04-14T14:44:20,6063,-27744,-32285,-4560,-4560,0,676,722,6063,6063,0,0,8382,6033,7200,7200,7200,7200,6064
2026-04-14T14:44:25,6086,-27710,-32263,-4558,-4558,0,695,732,6091,6091,0,0,8391,6095,7200,7200,7200,7200,6093
2026-04-14T14:44:31,6099,-27674,-32240,-4555,-4555,0,684,706,6099,6099,0,0,8391,6095,7200,7200,7200,7200,6103
2026-04-14T14:44:36,6113,-27640,-32219,-4552,-4552,0,690,721,6119,6119,0,0,8391,6095,7200,7200,7200,7200,6119
2026-04-14T14:44:41,6139,-27605,-32201,-4550,-4550,0,408,431,6139,6139,0,0,8391,6095,7200,7200,7200,7200,6141
2026-04-14T14:44:45,6141,-27572,-32179,-4548,-4548,0,436,452,6141,6141,0,0,8391,6095,7200,7200,7200,7200,6141
2026-04-14T14:44:50,6138,-27540,-32157,-4545,-4545,0,429,452,6138,6138,0,0,8391,6095,7200,7200,7200,7200,6138
2026-04-14T14:44:55,6134,-27505,-32131,-4543,-4543,0,439,462,6133,6133,0,0,8391,6120,7200,7200,7200,7200,6134
2026-04-14T14:45:00,6148,-27470,-32104,-4540,-4540,0,249,288,6147,6147,0,0,8391,6120,7200,7200,7200,7200,6146
2026-04-14T14:45:05,6155,-27437,-32078,-4538,-4538,0,240,288,6155,6155,0,0,8391,6120,7200,7200,7200,7200,6154
2026-04-14T14:45:10,6148,-27401,-32055,-4535,-4535,0,249,288,6148,6148,0,0,8391,6120,7200,7200,7200,7200,6145
2026-04-14T14:45:15,6136,-27370,-32035,-4533,-4533,0,249,288,6136,6136,0,0,8391,6120,7200,7200,7200,7200,6129
2026-04-14T14:45:20,6086,-27332,-32015,-4530,-4530,0,242,288,6086,6086,0,0,8391,6120,7200,7200,7200,7200,6082
2026-04-14T14:45:24,6079,-27302,-31999,-4528,-4528,0,240,288,6079,6079,0,0,8400,6133,7200,7200,7200,7200,6084
2026-04-14T14:45:30,6114,-27266,-31975,-4525,-4525,0,240,287,6114,6114,0,0,8400,6133,7200,7200,7200,7200,6127
2026-04-14T14:45:35,6150,-27234,-31954,-4523,-4523,0,249,288,6151,6151,0,0,8400,6133,7200,7200,7200,7200,6152
2026-04-14T14:45:40,6160,-27197,-31936,-4520,-4520,0,249,287,6157,6157,0,0,8400,6133,7200,7200,7200,7200,6157
2026-04-14T14:45:45,6142,-27165,-31910,-4518,-4518,0,271,287,6142,6142,0,0,8400,6133,7200,7200,7200,7200,6141
2026-04-14T14:45:50,6124,-27131,-31890,-4515,-4515,0,240,288,6124,6124,0,0,8400,6133,7200,7200,7200,7200,6124
2026-04-14T14:45:55,6130,-27096,-31866,-4513,-4513,0,249,288,6131,6131,0,0,8400,6130,7200,7200,7200,7200,6133
2026-04-14T14:46:00,6145,-27063,-31844,-4510,-4510,0,258,288,6145,6145,0,0,8400,6130,7200,7200,7200,7200,6154
2026-04-14T14:46:05,6166,-27030,-31823,-4508,-4508,0,258,288,6173,6173,0,0,8400,6130,7200,7200,7200,7200,6173
2026-04-14T14:46:10,6192,-26995,-31800,-4505,-4505,0,258,288,6192,6192,0,0,8400,6130,7200,7200,7200,7200,6190
2026-04-14T14:46:15,6193,-26958,-31777,-4503,-4503,0,249,288,6193,6193,0,8,8400,6130,7200,7200,7200,7200,6193
2026-04-14T14:46:20,6181,-26925,-31755,-4500,-4500,0,249,288,6181,6180,8,0,8400,6130,7200,7200,7200,7200,6180
2026-04-14T14:46:25,6166,-26894,-31738,-4498,-4498,0,258,288,6166,6166,0,0,8409,6170,7200,7200,7200,7200,6163
2026-04-14T14:46:30,6160,-26858,-31711,-4495,-4495,0,249,281,6160,6160,0,0,8409,6170,7200,7200,7200,7200,6154
2026-04-14T14:46:35,6149,-26825,-31685,-4493,-4493,0,249,288,6145,6145,0,0,8409,6170,7200,7200,7200,7200,6145
2026-04-14T14:46:41,6143,-26789,-31662,-4490,-4490,0,242,288,6143,6143,0,0,8409,6170,7200,7200,7200,7200,6143
2026-04-14T14:46:46,6137,-26751,-31640,-4487,-4487,0,239,288,6137,6137,0,0,8409,6170,7200,7200,7200,7200,6137
2026-04-14T14:46:50,6132,-26721,-31615,-4485,-4485,0,257,277,6132,6133,0,0,8409,6170,7200,7200,7200,7200,6133
2026-04-14T14:46:55,6137,-26687,-31588,-4483,-4483,0,249,288,6137,6137,0,0,8409,6147,7200,7200,7200,7200,6139
2026-04-14T14:47:00,6133,-26654,-31562,-4480,-4480,0,241,277,6133,6133,0,0,8409,6147,7200,7200,7200,7200,6130
2026-04-14T14:47:06,6101,-26615,-31534,-4477,-4477,0,238,279,6101,6096,0,0,8409,6147,7200,7200,7200,7200,6089
2026-04-14T14:47:10,6038,-26585,-31512,-4475,-4475,0,231,277,6038,6038,0,0,8409,6147,7200,7200,7200,7200,6038
2026-04-14T14:47:15,5998,-26551,-31487,-4473,-4473,0,229,277,5996,5996,0,0,8409,6147,7200,7200,7200,7200,5992
2026-04-14T14:47:20,5997,-26519,-31465,-4470,-4470,0,240,285,5997,5997,0,0,8409,6147,7200,7200,7200,7200,5997
2026-04-14T14:47:25,6008,-26480,-31442,-4468,-4468,0,228,277,6010,6010,0,0,8418,6064,7200,7200,7200,7200,6014
2026-04-14T14:47:30,6029,-26446,-31420,-4465,-4465,0,223,277,6033,6033,0,0,8418,6064,7200,7200,7200,7200,6036
2026-04-14T14:47:35,6061,-26415,-31395,-4463,-4463,0,223,269,6061,6061,0,0,8418,6064,7200,7200,7200,7200,6066
2026-04-14T14:47:40,6091,-26381,-31377,-4460,-4460,0,231,270,6091,6091,0,0,8418,6064,7200,7200,7200,7200,6091
2026-04-14T14:47:46,6109,-26342,-31349,-4457,-4457,0,233,270,6110,6110,0,0,8418,6064,7200,7200,7200,7200,6112
2026-04-14T14:47:50,6126,-26312,-31328,-4455,-4455,0,247,286,6126,6126,0,0,8418,6064,7200,7200,7200,7200,6127
2026-04-14T14:47:55,6130,-26279,-31302,-4453,-4453,0,241,280,6132,6132,0,8,8418,6072,7200,7200,7200,7200,6132
2026-04-14T14:48:00,6135,-26243,-31277,-4450,-4450,0,253,277,6135,6135,0,0,8418,6072,7200,7200,7200,7200,6137
2026-04-14T14:48:06,6137,-26206,-31257,-4447,-4447,0,253,276,6137,6137,0,0,8418,6072,7200,7200,7200,7200,6137
2026-04-14T14:48:10,6141,-26176,-31236,-4445,-4445,0,239,278,6141,6141,0,0,8418,6072,7200,7200,7200,7200,6141
2026-04-14T14:48:15,6130,-26144,-31212,-4443,-4443,0,230,269,6130,6130,0,0,8418,6072,7200,7200,7200,7200,6130
2026-04-14T14:48:21,6107,-26104,-31190,-4440,-4440,0,248,270,6105,6105,0,0,8418,6072,7200,7200,7200,7200,6103
2026-04-14T14:48:26,6091,-26070,-31172,-4437,-4437,0,232,269,6091,6091,0,0,8427,6128,7200,7200,7200,7200,6091
2026-04-14T14:48:30,6076,-26041,-31152,-4435,-4435,0,244,276,6078,6078,0,0,8427,6128,7200,7200,7200,7200,6078
2026-04-14T14:48:36,6090,-26001,-31123,-4432,-4432,0,254,278,6092,6092,0,0,8427,6128,7200,7200,7200,7200,6093
2026-04-14T14:48:40,6092,-25970,-31098,-4430,-4430,0,245,277,6092,6092,0,0,8427,6128,7200,7200,7200,7200,6093
2026-04-14T14:48:45,6082,-25935,-31072,-4427,-4427,0,238,277,6079,6079,0,0,8427,6128,7200,7200,7200,7200,6079
2026-04-14T14:48:50,6065,-25905,-31046,-4425,-4425,0,221,269,6064,6064,0,0,8427,6128,7200,7200,7200,7200,6062
2026-04-14T14:48:55,6062,-25869,-31020,-4423,-4423,0,233,269,6062,6062,0,0,8427,6083,7200,7200,7200,7200,6062
2026-04-14T14:49:00,6062,-25836,-30998,-4420,-4420,0,257,287,6062,6063,0,0,8427,6083,7200,7200,7200,7200,6063
2026-04-14T14:49:05,6042,-25801,-30971,-4418,-4418,0,255,278,6042,6037,0,0,8427,6083,7200,7200,7200,7200,6037
2026-04-14T14:49:11,5953,-25765,-30945,-4415,-4415,0,247,270,5943,5943,0,0,8427,6083,7200,7200,7200,7200,5935
2026-04-14T14:49:15,5838,-25733,-30919,-4413,-4413,0,239,270,5832,5832,0,0,8427,6083,7200,7200,7200,7200,5831
2026-04-14T14:49:20,5851,-25700,-30901,-4410,-4410,0,225,262,5851,5851,0,0,8427,6083,7200,7200,7200,7200,5851
2026-04-14T14:49:26,6029,-25660,-30877,-4407,-4407,0,233,263,6045,6045,0,0,8436,5967,7200,7200,7200,7200,6057
2026-04-14T14:49:30,6125,-25633,-30861,-4405,-4405,0,232,271,6125,6125,0,0,8436,5967,7200,7200,7200,7200,6125
2026-04-14T14:49:35,6146,-25595,-30834,-4403,-4403,0,231,270,6146,6146,0,0,8436,5967,7200,7200,7200,7200,6146
2026-04-14T14:49:41,6131,-25560,-30812,-4400,-4400,0,225,262,6131,6131,0,0,8436,5967,7200,7200,7200,7200,6130
2026-04-14T14:49:45,6132,-25526,-30786,-4397,-4397,0,254,277,6134,6134,0,0,8436,5967,7200,7200,7200,7200,6135
2026-04-14T14:49:51,6136,-25491,-30759,-4395,-4395,0,246,263,6136,6136,0,0,8436,5967,7200,7200,7200,7200,6134
2026-04-14T14:49:56,6131,-25456,-30732,-4392,-4392,0,240,262,6132,6130,0,0,8436,6119,7200,7200,7200,7200,6129
2026-04-14T14:50:00,6133,-25427,-30717,-4390,-4390,0,231,262,6133,6135,0,0,8436,6119,7200,7200,7200,7200,6135
2026-04-14T14:50:05,6112,-25394,-30693,-4388,-4388,0,240,263,6112,6112,0,0,8436,6119,7200,7200,7200,7200,6123
2026-04-14T14:50:10,6124,-25358,-30671,-4385,-4385,0,233,278,6124,6124,0,0,8436,6119,7200,7200,7200,7200,6125
2026-04-14T14:50:15,6122,-25323,-30644,-4383,-4383,0,248,271,6122,6122,0,0,8436,6119,7200,7200,7200,7200,6122
2026-04-14T14:50:20,6138,-25290,-30621,-4380,-4380,0,225,262,6139,6139,0,0,8436,6119,7200,7200,7200,7200,6139
2026-04-14T14:50:25,6171,-25257,-30597,-4378,-4378,0,239,262,6128,6128,0,0,8445,6129,7200,7200,7200,7200,6156
2026-04-14T14:50:30,6197,-25221,-30574,-4375,-4375,0,232,263,6197,6197,0,0,8445,6129,7200,7200,7200,7200,6198
2026-04-14T14:50:34,6195,-25189,-30557,-4373,-4373,0,239,271,6195,6195,0,0,8445,6129,7200,7200,7200,7200,6194
2026-04-14T14:50:40,6175,-25154,-30530,-4370,-4370,0,248,277,6172,6172,0,0,8445,6129,7200,7200,7200,7200,6170
2026-04-14T14:50:45,6143,-25117,-30502,-4368,-4367,0,264,288,6140,6140,0,0,8445,6129,7200,7200,7200,7200,6137
2026-04-14T14:50:50,6119,-25085,-30477,-4365,-4365,0,283,295,6119,6119,0,0,8445,6129,7200,7200,7200,7200,6119
2026-04-14T14:50:55,6120,-25051,-30451,-4363,-4363,0,264,287,6120,6120,0,0,8445,6162,7200,7200,7200,7200,6121
2026-04-14T14:51:00,6139,-25019,-30424,-4360,-4360,0,258,297,6139,6139,0,0,8445,6162,7200,7200,7200,7200,6140
2026-04-14T14:51:06,6144,-24978,-30404,-4357,-4357,0,258,288,6145,6145,0,0,8445,6162,7200,7200,7200,7200,6146
2026-04-14T14:51:11,6142,-24946,-30391,-4355,-4355,0,256,288,6142,6142,0,0,8445,6162,7200,7200,7200,7200,6142
2026-04-14T14:51:15,6154,-24915,-30366,-4353,-4353,0,258,278,6154,6154,0,0,8445,6162,7200,7200,7200,7200,6155
2026-04-14T14:51:21,6175,-24876,-30338,-4350,-4350,0,258,288,6175,6175,0,0,8445,6162,7200,7200,7200,7200,6180
2026-04-14T14:51:25,6198,-24843,-30312,-4347,-4347,0,258,297,6200,6200,0,0,8454,6145,7200,7200,7200,7200,6204
2026-04-14T14:51:31,6219,-24810,-30286,-4345,-4345,0,251,278,6219,6222,8,8,8454,6145,7200,7200,7200,7200,6222
2026-04-14T14:51:35,6232,-24779,-30265,-4343,-4343,0,258,297,6232,6232,8,0,8454,6145,7200,7200,7200,7200,6232
2026-04-14T14:51:40,6237,-24747,-30238,-4340,-4340,0,260,297,6237,6237,0,0,8454,6145,7200,7200,7200,7200,6238
2026-04-14T14:51:45,6228,-24709,-30220,-4338,-4338,0,258,297,6228,6228,0,0,8454,6145,7200,7200,7200,7200,6227
2026-04-14T14:51:50,6226,-24675,-30197,-4335,-4335,0,260,297,6226,6226,0,0,8454,6145,7200,7200,7200,7200,6226
2026-04-14T14:51:55,6221,-24644,-30176,-4333,-4333,0,258,298,6222,6222,0,0,8454,6223,7200,7200,7200,7200,6221
2026-04-14T14:52:00,6214,-24610,-30150,-4330,-4330,0,258,287,6214,6214,8,0,8454,6223,7200,7200,7200,7200,6212
2026-04-14T14:52:05,6215,-24575,-30128,-4328,-4328,0,258,288,6215,6217,0,0,8454,6223,7200,7200,7200,7200,6217
2026-04-14T14:52:10,6214,-24541,-30110,-4325,-4325,0,258,288,6214,6214,0,0,8454,6223,7200,7200,7200,7200,6214
2026-04-14T14:52:15,6216,-24505,-30088,-4323,-4323,0,267,297,6216,6213,0,0,8454,6223,7200,7200,7200,7200,6213
2026-04-14T14:52:20,6217,-24470,-30061,-4320,-4320,0,258,288,6217,6216,0,0,8454,6223,7200,7200,7200,7200,6217
2026-04-14T14:52:25,6214,-24435,-30038,-4317,-4317,0,276,288,6214,6215,0,0,8464,6215,7200,7200,7200,7200,6214
2026-04-14T14:52:31,6189,-24400,-30012,-4315,-4315,0,258,297,6191,6191,0,0,8464,6215,7200,7200,7200,7200,6197
2026-04-14T14:52:36,6198,-24364,-29985,-4312,-4312,0,267,297,6201,6203,0,0,8464,6215,7200,7200,7200,7200,6201
2026-04-14T14:52:40,6199,-24335,-29959,-4310,-4310,0,250,296,6199,6201,0,0,8464,6215,7200,7200,7200,7200,6201
2026-04-14T14:52:46,6201,-24299,-29941,-4307,-4307,0,256,286,6201,6201,0,0,8464,6215,7200,7200,7200,7200,6201
2026-04-14T14:52:49,6207,-24270,-29920,-4305,-4305,0,276,297,6207,6207,0,0,8464,6215,7200,7200,7200,7200,6206
2026-04-14T14:52:56,6208,-24230,-29893,-4302,-4302,0,258,288,6208,6208,0,0,8464,6204,7200,7200,7200,7200,6208
2026-04-14T14:53:00,6209,-24197,-29880,-4300,-4300,0,249,288,6209,6209,0,0,8464,6204,7200,7200,7200,7200,6209
2026-04-14T14:53:06,6191,-24162,-29857,-4297,-4297,0,248,278,6191,6191,0,0,8464,6204,7200,7200,7200,7200,6190
2026-04-14T14:53:10,6191,-24133,-29833,-4295,-4295,0,248,278,6191,6191,0,0,8464,6204,7200,7200,7200,7200,6192
2026-04-14T14:53:16,6188,-24094,-29817,-4292,-4292,0,257,288,6188,6189,0,0,8464,6204,7200,7200,7200,7200,6189
2026-04-14T14:53:20,6186,-24062,-29792,-4290,-4290,0,239,278,6186,6186,0,0,8464,6204,7200,7200,7200,7200,6185
2026-04-14T14:53:26,6185,-24026,-29772,-4287,-4287,0,248,278,6185,6185,0,0,8473,6196,7200,7200,7200,7200,6185
2026-04-14T14:53:30,6186,-23997,-29752,-4285,-4285,0,255,278,6186,6186,0,0,8473,6196,7200,7200,7200,7200,6186
2026-04-14T14:53:35,6185,-23961,-29730,-4283,-4283,0,248,278,6185,6185,0,0,8473,6196,7200,7200,7200,7200,6185
2026-04-14T14:53:40,6177,-23925,-29703,-4280,-4280,0,258,278,6177,6177,0,0,8473,6196,7200,7200,7200,7200,6177
2026-04-14T14:53:45,6189,-23893,-29682,-4278,-4278,0,258,278,6187,6187,0,0,8473,6196,7200,7200,7200,7200,6187
2026-04-14T14:53:51,6177,-23855,-29659,-4275,-4275,0,255,271,6177,6176,0,0,8473,6196,7200,7200,7200,7200,6176
2026-04-14T14:53:55,6172,-23821,-29640,-4272,-4272,0,241,278,6172,6169,0,0,8473,6183,7200,7200,7200,7200,6172
2026-04-14T14:54:00,6170,-23790,-29615,-4270,-4270,0,261,278,6170,6170,0,0,8473,6183,7200,7200,7200,7200,6169
2026-04-14T14:54:05,6163,-23757,-29593,-4268,-4268,0,248,271,6163,6162,8,0,8473,6183,7200,7200,7200,7200,6163
2026-04-14T14:54:11,6158,-23719,-29571,-4265,-4265,0,255,281,6158,6158,0,0,8473,6183,7200,7200,7200,7200,6161
2026-04-14T14:54:15,6163,-23687,-29549,-4263,-4263,0,248,278,6163,6163,0,0,8473,6183,7200,7200,7200,7200,6162
2026-04-14T14:54:21,6164,-23652,-29531,-4260,-4260,0,247,270,6164,6164,0,0,8473,6183,7200,7200,7200,7200,6165
2026-04-14T14:54:25,6169,-23621,-29505,-4258,-4258,0,234,271,6169,6169,0,0,8482,6165,7200,7200,7200,7200,6169
2026-04-14T14:54:30,6164,-23582,-29478,-4255,-4255,0,255,271,6166,6166,0,0,8482,6165,7200,7200,7200,7200,6165
2026-04-14T14:54:35,6164,-23550,-29452,-4253,-4252,0,234,278,6166,6166,0,0,8482,6165,7200,7200,7200,7200,6166
2026-04-14T14:54:40,6161,-23519,-29426,-4250,-4250,0,241,271,6161,6161,0,0,8482,6165,7200,7200,7200,7200,6161
2026-04-14T14:54:46,6152,-23478,-29398,-4247,-4247,0,255,271,6151,6151,0,0,8482,6165,7200,7200,7200,7200,6147
2026-04-14T14:54:50,6132,-23450,-29378,-4245,-4245,0,241,271,6132,6132,0,0,8482,6165,7200,7200,7200,7200,6135
2026-04-14T14:54:55,6119,-23414,-29359,-4242,-4242,0,241,271,6116,6116,0,0,8482,6157,7200,7200,7200,7200,6117
2026-04-14T14:55:01,6111,-23377,-29338,-4240,-4240,0,241,271,6107,6107,0,0,8482,6157,7200,7200,7200,7200,6107
2026-04-14T14:55:05,6109,-23346,-29320,-4238,-4238,0,232,271,6109,6109,0,0,8482,6157,7200,7200,7200,7200,6108
2026-04-14T14:55:10,6104,-23312,-29296,-4235,-4235,0,240,270,6104,6104,0,0,8482,6157,7200,7200,7200,7200,6104
2026-04-14T14:55:15,6103,-23279,-29274,-4233,-4233,0,248,270,6103,6103,0,0,8482,6157,7200,7200,7200,7200,6103
2026-04-14T14:55:20,6099,-23246,-29254,-4230,-4230,0,241,270,6099,6099,0,0,8482,6157,7200,7200,7200,7200,6098
2026-04-14T14:55:25,6099,-23211,-29232,-4228,-4228,0,254,269,6100,6100,0,0,8491,6106,7200,7200,7200,7200,6100
2026-04-14T14:55:30,6100,-23175,-29212,-4225,-4225,0,247,270,6100,6100,0,0,8491,6106,7200,7200,7200,7200,6100
2026-04-14T14:55:35,6099,-23143,-29191,-4223,-4223,0,239,269,6099,6099,0,0,8491,6106,7200,7200,7200,7200,6098
2026-04-14T14:55:40,6097,-23106,-29169,-4220,-4220,0,231,269,6097,6097,0,0,8491,6106,7200,7200,7200,7200,6098
2026-04-14T14:55:45,6083,-23074,-29147,-4218,-4218,0,239,269,6089,6089,0,0,8491,6106,7200,7200,7200,7200,6089
2026-04-14T14:55:50,6096,-23041,-29126,-4215,-4215,0,239,269,6096,6096,0,0,8491,6106,7200,7200,7200,7200,6093
2026-04-14T14:55:56,6089,-23001,-29102,-4212,-4212,0,233,270,6090,6090,0,0,8491,6096,7200,7200,7200,7200,6089
2026-04-14T14:56:00,6080,-22970,-29081,-4210,-4210,0,240,270,6080,6080,8,8,8491,6096,7200,7200,7200,7200,6080
2026-04-14T14:56:06,6075,-22935,-29054,-4207,-4207,0,240,270,6075,6075,0,0,8491,6096,7200,7200,7200,7200,6075
2026-04-14T14:56:10,6077,-22905,-29029,-4205,-4205,0,226,271,6078,6078,0,0,8491,6096,7200,7200,7200,7200,6079
2026-04-14T14:56:16,6087,-22864,-29009,-4202,-4202,0,241,271,6089,6089,0,0,8491,6096,7200,7200,7200,7200,6089
2026-04-14T14:56:20,6116,-22833,-28984,-4200,-4200,0,248,270,6116,6116,0,0,8491,6096,7200,7200,7200,7200,6117
2026-04-14T14:56:26,6108,-22799,-28961,-4197,-4197,0,247,270,6110,6110,0,0,8500,6087,7200,7200,7200,7200,6110
2026-04-14T14:56:31,6102,-22765,-28936,-4195,-4195,0,247,270,6100,6100,0,0,8500,6087,7200,7200,7200,7200,6101
2026-04-14T14:56:35,6118,-22731,-28914,-4193,-4193,0,248,271,6125,6125,0,0,8500,6087,7200,7200,7200,7200,6127
2026-04-14T14:56:41,6144,-22696,-28892,-4190,-4190,0,255,271,6151,6153,0,0,8500,6087,7200,7200,7200,7200,6153
2026-04-14T14:56:45,6155,-22666,-28866,-4188,-4188,0,248,278,6155,6155,0,0,8500,6087,7200,7200,7200,7200,6155
2026-04-14T14:56:51,6157,-22628,-28839,-4185,-4185,0,233,272,6157,6159,0,0,8500,6087,7200,7200,7200,7200,6159
2026-04-14T14:56:56,6167,-22596,-28817,-4183,-4183,0,241,271,6167,6170,0,0,8500,6133,7200,7200,7200,7200,6170
2026-04-14T14:57:00,6184,-22564,-28796,-4180,-4180,0,241,272,6184,6185,0,0,8500,6133,7200,7200,7200,7200,6185
2026-04-14T14:57:06,6199,-22528,-28777,-4177,-4177,0,242,272,6199,6199,0,0,8500,6133,7200,7200,7200,7200,6199
2026-04-14T14:57:10,6224,-22496,-28756,-4175,-4175,0,235,265,6225,6225,0,0,8500,6133,7200,7200,7200,7200,6225
2026-04-14T14:57:15,6185,-22460,-28731,-4173,-4173,0,241,263,6200,6200,0,0,8500,6133,7200,7200,7200,7200,6200
2026-04-14T14:57:20,6210,-22426,-28711,-4170,-4170,0,241,271,6210,6210,0,0,8500,6133,7200,7200,7200,7200,6210
2026-04-14T14:57:25,6213,-22394,-28684,-4168,-4168,0,241,271,6211,6211,0,0,8509,6199,7200,7200,7200,7200,6213
2026-04-14T14:57:30,6207,-22358,-28658,-4165,-4165,0,248,272,6208,6208,0,0,8509,6199,7200,7200,7200,7200,6207
2026-04-14T14:57:35,6201,-22321,-28630,-4162,-4162,0,241,271,6199,6199,0,0,8509,6199,7200,7200,7200,7200,6195
2026-04-14T14:57:41,6188,-22287,-28604,-4160,-4160,0,240,271,6188,6188,0,0,8509,6199,7200,7200,7200,7200,6184
2026-04-14T14:57:46,6169,-22251,-28583,-4157,-4157,0,241,263,6162,6162,0,0,8509,6199,7200,7200,7200,7200,6162
2026-04-14T14:57:50,6167,-22223,-28565,-4155,-4155,0,262,278,6167,6170,0,0,8509,6199,7200,7200,7200,7200,6170
2026-04-14T14:57:55,6185,-22188,-28539,-4153,-4153,0,242,272,6185,6185,0,0,8509,6190,7200,7200,7200,7200,6187
2026-04-14T14:58:00,6201,-22153,-28520,-4150,-4150,0,242,265,6201,6201,0,0,8509,6190,7200,7200,7200,7200,6203
2026-04-14T14:58:06,6206,-22114,-28492,-4147,-4147,0,232,272,6207,6207,0,0,8509,6190,7200,7200,7200,7200,6206
2026-04-14T14:58:10,6202,-22086,-28469,-4145,-4145,0,240,263,6201,6201,0,0,8509,6190,7200,7200,7200,7200,6201
2026-04-14T14:58:25,6176,-21986,-28401,-4138,-4138,0,226,265,6176,6176,0,0,8518,6192,7200,7200,7200,7200,6176
2026-04-14T14:58:30,6173,-21950,-28376,-4135,-4135,0,235,265,6173,6172,0,0,8518,6192,7200,7200,7200,7200,6172
2026-04-14T14:58:35,6176,-21915,-28357,-4133,-4133,0,255,278,6176,6175,0,0,8518,6192,7200,7200,7200,7200,6177
2026-04-14T14:58:40,6181,-21880,-28336,-4130,-4130,0,248,264,6181,6181,0,0,8518,6192,7200,7200,7200,7200,6182
2026-04-14T14:58:46,6190,-21842,-28317,-4127,-4127,0,257,271,6190,6190,0,0,8518,6192,7200,7200,7200,7200,6190
2026-04-14T14:58:51,6194,-21811,-28296,-4125,-4125,0,233,263,6193,6193,0,0,8518,6192,7200,7200,7200,7200,6188
2026-04-14T14:58:56,6189,-21775,-28269,-4122,-4122,0,241,271,6192,6192,0,0,8518,6181,7200,7200,7200,7200,6192
2026-04-14T14:59:01,6190,-21742,-28247,-4120,-4120,0,241,265,6190,6190,0,0,8518,6181,7200,7200,7200,7200,6190
2026-04-14T14:59:05,6189,-21711,-28226,-4118,-4118,0,241,264,6188,6188,0,0,8518,6181,7200,7200,7200,7200,6188
2026-04-14T14:59:11,6185,-21675,-28204,-4115,-4115,0,241,271,6185,6185,0,0,8518,6181,7200,7200,7200,7200,6183
2026-04-14T14:59:15,6179,-21645,-28183,-4113,-4113,0,241,264,6179,6179,0,0,8518,6181,7200,7200,7200,7200,6178
2026-04-14T14:59:20,6162,-21607,-28163,-4110,-4110,0,242,272,6162,6162,0,0,8518,6181,7200,7200,7200,7200,6162
2026-04-14T14:59:26,6142,-21570,-28136,-4107,-4107,0,242,265,6142,6144,0,0,8527,6182,7200,7200,7200,7200,6147
2026-04-14T14:59:30,6147,-21542,-28120,-4105,-4105,0,242,265,6147,6147,0,0,8527,6182,7200,7200,7200,7200,6131
2026-04-14T14:59:36,6143,-21502,-28096,-4102,-4102,0,244,272,6143,6143,0,8,8527,6182,7200,7200,7200,7200,6143
2026-04-14T14:59:40,6141,-21473,-28071,-4100,-4100,0,241,279,6141,6141,0,0,8527,6182,7200,7200,7200,7200,6140
2026-04-14T14:59:46,6116,-21436,-28045,-4097,-4097,0,244,265,6112,6112,0,0,8527,6182,7200,7200,7200,7200,6108
2026-04-14T14:59:50,6047,-21403,-28026,-4095,-4095,0,250,271,6047,6046,0,0,8527,6182,7200,7200,7200,7200,6040
2026-04-14T14:59:56,5975,-21366,-27999,-4092,-4092,0,243,265,5975,5975,0,0,8527,6120,7200,7200,7200,7200,5968
2026-04-14T15:00:00,5911,-21336,-27978,-4090,-4090,0,248,278,5905,5905,0,0,8527,6120,7200,7200,7200,7200,5900
2026-04-14T15:00:05,5856,-21302,-27951,-4088,-4088,0,241,271,5856,5853,0,0,8527,6120,7200,7200,7200,7200,5853
2026-04-14T15:00:10,5870,-21269,-27929,-4085,-4085,0,242,263,5870,5870,0,0,8527,6120,7200,7200,7200,7200,5873
2026-04-14T15:00:15,5901,-21233,-27907,-4083,-4083,0,242,263,5904,5904,0,8,8527,6120,7200,7200,7200,7200,5908
2026-04-14T15:00:20,5923,-21197,-27884,-4080,-4080,0,232,277,5923,5923,0,0,8527,6120,7200,7200,7200,7200,5923
2026-04-14T15:00:25,5956,-21165,-27858,-4078,-4078,0,240,270,5956,5956,0,0,8536,5903,7200,7200,7200,7200,5957
2026-04-14T15:00:31,5949,-21130,-27836,-4075,-4075,0,233,263,5946,5946,0,0,8536,5903,7200,7200,7200,7200,5944
2026-04-14T15:00:35,5917,-21095,-27809,-4072,-4072,0,247,270,5917,5916,0,0,8536,5903,7200,7200,7200,7200,5916
2026-04-14T15:00:40,5908,-21062,-27789,-4070,-4070,0,240,270,5908,5908,0,0,8536,5903,7200,7200,7200,7200,5907
2026-04-14T15:00:45,5833,-21030,-27770,-4068,-4068,0,248,271,5833,5833,0,0,8536,5903,7200,7200,7200,7200,5833
2026-04-14T15:00:50,5769,-20998,-27744,-4065,-4065,0,248,271,5769,5769,0,0,8536,5903,7200,7200,7200,7200,5765
2026-04-14T15:00:55,5748,-20961,-27725,-4063,-4063,0,234,264,5743,5743,0,0,8536,5885,7200,7200,7200,7200,5742
2026-04-14T15:01:01,5719,-20924,-27702,-4060,-4060,0,233,263,5719,5716,0,0,8536,5885,7200,7200,7200,7200,5711
2026-04-14T15:01:05,5658,-20895,-27680,-4058,-4058,0,233,263,5658,5658,0,0,8536,5885,7200,7200,7200,7200,5658
2026-04-14T15:01:10,5610,-20860,-27660,-4055,-4055,0,233,263,5610,5608,0,0,8536,5885,7200,7200,7200,7200,5608
2026-04-14T15:01:15,5602,-20825,-27633,-4053,-4053,0,233,263,5602,5602,0,0,8536,5885,7200,7200,7200,7200,5602
2026-04-14T15:01:20,5620,-20792,-27607,-4050,-4050,0,240,263,5622,5622,0,0,8536,5885,7200,7200,7200,7200,5622
2026-04-14T15:01:25,5662,-20755,-27579,-4048,-4048,0,233,263,5662,5663,0,0,8545,5658,7200,7200,7200,7200,5665
2026-04-14T15:01:31,5658,-20718,-27561,-4045,-4045,0,262,263,5658,5645,0,0,8545,5658,7200,7200,7200,7200,5645
